year,month,day,hour,temp,temp_source,rhum,rhum_source,prcp,prcp_source,wdir,wdir_source,wspd,wspd_source,wpgt,wpgt_source,pres,pres_source,cldc,cldc_source,coco,coco_source
2026,1,1,0,-1.0,metar,49,metar,0.0,metno_forecast,220,metno_forecast,11.0,metar,16.0,metar,1008.0,metar,4,metar,1,metno_forecast
2026,1,1,1,0.0,metar,47,metar,0.0,metno_forecast,201,metno_forecast,11.0,metar,,,1008.0,metar,6,metar,3,metno_forecast
2026,1,1,2,0.0,metar,49,metar,0.0,metno_forecast,203,metno_forecast,7.0,metar,,,1006.0,metar,8,metar,3,metno_forecast
2026,1,1,3,0.0,metar,56,metar,0.0,metar,200,metar,6.0,metar,,,1006.0,metar,4,metar,3,metno_forecast
2026,1,1,4,1.0,metar,51,metar,0.0,metno_forecast,199,metno_forecast,13.3,metno_forecast,,,1004.0,metar,2,metar,3,metno_forecast
2026,1,1,5,1.0,metar,53,metar,0.0,metno_forecast,195,metno_forecast,6.0,metar,,,1003.0,metar,6,metar,3,metno_forecast
2026,1,1,6,1.0,metar,56,metar,0.2,metno_forecast,195,metno_forecast,14.8,metno_forecast,,,1003.0,metar,8,metar,14,metno_forecast
2026,1,1,7,1.0,metar,56,metar,0.1,metno_forecast,210,metno_forecast,7.0,metar,,,1002.0,metar,8,metar,14,metno_forecast
2026,1,1,8,2.0,metar,54,metar,0.0,metno_forecast,217,metno_forecast,9.0,metar,,,1001.0,metar,8,metar,3,metno_forecast
2026,1,1,9,2.0,metar,54,metar,0.0,metno_forecast,220,metno_forecast,15.1,metno_forecast,,,1000.0,metar,8,metar,3,metno_forecast
2026,1,1,10,2.0,metar,56,metar,0.0,metar,270,metar,16.0,metar,32.0,metar,1000.0,metar,2,metar,3,metno_forecast
2026,1,1,11,0.0,metar,69,metar,0.0,metar,300,metar,13.0,metar,32.0,metar,1002.0,metar,6,metar,21,metno_forecast
2026,1,1,12,-3.0,metar,71,metar,0.0,metar,300,metar,22.0,metar,22.0,metar,1004.0,metar,2,metar,15,metno_forecast
2026,1,1,13,-4.0,metar,48,metar,0.0,metno_forecast,310,metar,22.0,metar,25.0,metar,1007.0,metar,0,metno_forecast,3,metno_forecast
2026,1,1,14,-4.0,metar,38,metar,0.0,metno_forecast,300,metar,20.0,metar,33.0,metar,1008.0,metar,0,metno_forecast,1,metno_forecast
2026,1,1,15,-4.0,metar,36,metar,0.0,metno_forecast,299,metno_forecast,9.0,metar,27.0,metar,1008.0,metar,0,metno_forecast,1,metno_forecast
2026,1,1,16,-3.0,metar,33,metar,0.0,metno_forecast,310,metar,28.0,metar,27.0,metar,1009.0,metar,1,metno_forecast,1,metno_forecast
2026,1,1,17,-3.0,metar,31,metar,0.0,metno_forecast,310,metar,24.0,metar,31.0,metar,1008.0,metar,1,metno_forecast,1,metno_forecast
2026,1,1,18,-3.0,metar,30,metar,0.0,metno_forecast,280,metar,28.0,metar,29.0,metar,1009.0,metar,0,metno_forecast,1,metno_forecast
2026,1,1,19,-3.0,metar,30,metar,0.0,metno_forecast,295,metno_forecast,20.9,metno_forecast,,,1009.0,metar,0,metno_forecast,1,metno_forecast
2026,1,1,20,-3.0,metar,32,metar,0.0,metno_forecast,295,metno_forecast,21.2,metno_forecast,,,1010.0,metar,0,metno_forecast,1,metno_forecast
2026,1,1,21,-4.0,metar,30,metar,0.0,metno_forecast,290,metar,19.0,metar,20.0,metar,1011.0,metar,1,metno_forecast,1,metno_forecast
2026,1,1,22,-4.0,metar,34,metar,0.0,metno_forecast,290,metar,13.0,metar,17.0,metar,1012.0,metar,0,metno_forecast,2,metno_forecast
2026,1,1,23,-5.0,metar,36,metar,0.0,metno_forecast,297,metno_forecast,9.0,metar,,,1012.0,metar,0,metno_forecast,1,metno_forecast
2026,1,2,0,-5.0,metar,36,metar,0.0,metno_forecast,300,metar,13.0,metar,,,1013.0,metar,0,metno_forecast,1,metno_forecast
2026,1,2,1,-6.0,metar,41,metar,0.0,metno_forecast,270,metar,9.0,metar,,,1013.0,metar,0,metno_forecast,1,metno_forecast
2026,1,2,2,-6.0,metar,41,metar,0.0,metno_forecast,290,metar,13.0,metar,,,1013.0,metar,0,metno_forecast,1,metno_forecast
2026,1,2,3,-5.0,metar,43,metar,0.0,metno_forecast,256,metno_forecast,4.7,metno_forecast,,,1012.0,metar,8,metar,1,metno_forecast
2026,1,2,4,-5.0,metar,45,metar,0.0,metno_forecast,231,metno_forecast,11.0,metar,,,1012.0,metar,6,metar,3,metno_forecast
2026,1,2,5,-6.0,metar,48,metar,0.0,metno_forecast,231,metno_forecast,11.0,metar,16.0,metar,1012.0,metar,6,metar,3,metno_forecast
2026,1,2,6,-6.0,metar,62,metar,0.0,metar,270,metar,11.0,metar,,,1011.0,metar,8,metar,3,metno_forecast
2026,1,2,7,-7.0,metar,68,metar,0.0,metar,264,metno_forecast,11.0,metar,,,1011.0,metar,8,metar,3,metno_forecast
2026,1,2,8,-6.0,metar,62,metar,0.0,metno_forecast,262,metno_forecast,9.4,metno_forecast,,,1011.0,metar,2,metar,3,metno_forecast
2026,1,2,9,-6.0,metar,65,metar,0.0,metno_forecast,259,metno_forecast,7.0,metar,14.0,metar,1010.0,metar,8,metar,3,metno_forecast
2026,1,2,10,-6.0,metar,62,metar,0.0,metno_forecast,0,metar,0.0,metar,,,1010.0,metar,2,metar,3,metno_forecast
2026,1,2,11,-6.0,metar,60,metar,0.0,metno_forecast,240,metar,7.0,metar,17.0,metar,1010.0,metar,8,metar,3,metno_forecast
2026,1,2,12,-6.0,metar,60,metar,0.0,metno_forecast,251,metno_forecast,10.1,metno_forecast,,,1010.0,metar,8,metar,3,metno_forecast
2026,1,2,13,-5.0,metar,57,metar,0.0,metno_forecast,246,metno_forecast,11.0,metar,18.0,metar,1010.0,metar,8,metar,3,metno_forecast
2026,1,2,14,-4.0,metar,57,metar,0.0,metno_forecast,260,metar,11.0,metar,,,1010.0,metar,8,metar,3,metno_forecast
2026,1,2,15,-4.0,metar,55,metar,0.0,metno_forecast,243,metno_forecast,7.0,metar,15.0,metar,1009.0,metar,8,metar,3,metno_forecast
2026,1,2,16,-3.0,metar,50,metar,0.0,metno_forecast,230,metar,17.0,metar,,,1008.0,metar,8,metar,3,metno_forecast
2026,1,2,17,-2.0,metar,46,metar,0.0,metno_forecast,270,metno_forecast,6.0,metar,,,1008.0,metar,8,metar,3,metno_forecast
2026,1,2,18,-1.0,metar,43,metar,0.0,metno_forecast,269,metno_forecast,14.8,metno_forecast,,,1007.0,metar,8,metar,3,metno_forecast
2026,1,2,19,-1.0,metar,43,metar,0.0,metno_forecast,272,metno_forecast,11.0,metar,19.0,metar,1007.0,metar,2,metar,3,metno_forecast
2026,1,2,20,-1.0,metar,47,metar,0.0,metno_forecast,267,metno_forecast,9.0,metar,18.0,metar,1008.0,metar,8,metar,3,metno_forecast
2026,1,2,21,-2.0,metar,51,metar,0.0,metno_forecast,270,metar,9.0,metar,17.0,metar,1008.0,metar,2,metar,3,metno_forecast
2026,1,2,22,-2.0,metar,41,metar,0.0,metno_forecast,310,metar,19.0,metar,15.0,metar,1009.0,metar,6,metar,3,metno_forecast
2026,1,2,23,-2.0,metar,46,metar,0.0,metno_forecast,273,metno_forecast,9.0,metar,,,1010.0,metar,4,metar,3,metno_forecast
2026,1,3,0,-2.0,metar,48,metar,0.0,metno_forecast,280,metar,9.0,metar,,,1010.0,metar,6,metar,3,metno_forecast
2026,1,3,1,-2.0,metar,53,metar,0.0,metno_forecast,270,metar,9.0,metar,,,1011.0,metar,2,metar,3,metno_forecast
2026,1,3,2,-2.0,metar,55,metar,0.0,metno_forecast,310,metno_forecast,10.8,metno_forecast,,,1012.0,metar,8,metar,3,metno_forecast
2026,1,3,3,-3.0,metar,41,metar,0.0,metno_forecast,314,metno_forecast,11.0,metar,15.0,metar,1012.0,metar,4,metar,3,metno_forecast
2026,1,3,4,-3.0,metar,40,metar,0.0,metno_forecast,310,metar,17.0,metar,17.0,metar,1012.0,metar,5,metno_forecast,3,metno_forecast
2026,1,3,5,-3.0,metar,40,metar,0.0,metno_forecast,280,metar,11.0,metar,,,1012.0,metar,0,metno_forecast,3,metno_forecast
2026,1,3,6,-4.0,metar,40,metar,0.0,metno_forecast,260,metar,7.0,metar,,,1013.0,metar,0,metno_forecast,1,metno_forecast
2026,1,3,7,-4.0,metar,40,metar,0.0,metno_forecast,295,metno_forecast,11.0,metar,,,1013.0,metar,0,metno_forecast,1,metno_forecast
2026,1,3,8,-4.0,metar,41,metar,0.0,metno_forecast,270,metar,15.0,metar,,,1013.0,metar,0,metno_forecast,1,metno_forecast
2026,1,3,9,-4.0,metar,43,metar,0.0,metno_forecast,280,metar,11.0,metar,,,1014.0,metar,0,metno_forecast,1,metno_forecast
2026,1,3,10,-4.0,metar,43,metar,0.0,metno_forecast,290,metar,9.0,metar,,,1014.0,metar,4,metno_forecast,1,metno_forecast
2026,1,3,11,-5.0,metar,48,metar,0.0,metno_forecast,280,metar,15.0,metar,,,1015.0,metar,6,metno_forecast,3,metno_forecast
2026,1,3,12,-5.0,metar,45,metar,0.0,metno_forecast,281,metno_forecast,7.0,metar,,,1015.0,metar,6,metno_forecast,3,metno_forecast
2026,1,3,13,-4.0,metar,43,metar,0.0,metno_forecast,281,metno_forecast,6.0,metar,,,1016.0,metar,2,metno_forecast,3,metno_forecast
2026,1,3,14,-4.0,metar,42,metar,0.0,metno_forecast,276,metno_forecast,7.9,metno_forecast,,,1016.0,metar,4,metno_forecast,2,metno_forecast
2026,1,3,15,-3.0,metar,39,metar,0.0,metno_forecast,279,metno_forecast,11.0,metar,,,1016.0,metar,7,metno_forecast,3,metno_forecast
2026,1,3,16,-2.0,metar,40,metar,0.0,metno_forecast,276,metno_forecast,9.4,metno_forecast,,,1016.0,metar,8,metno_forecast,3,metno_forecast
2026,1,3,17,-2.0,metar,39,metar,0.0,metno_forecast,290,metar,17.0,metar,15.0,metar,1015.0,metar,8,metno_forecast,3,metno_forecast
2026,1,3,18,-2.0,metar,40,metar,0.0,metno_forecast,279,metno_forecast,11.0,metar,,,1015.0,metar,8,metno_forecast,3,metno_forecast
2026,1,3,19,-1.0,metar,39,metar,0.0,metno_forecast,290,metar,9.0,metar,,,1015.0,metar,8,metno_forecast,3,metno_forecast
2026,1,3,20,-1.0,metar,39,metar,0.0,metno_forecast,284,metno_forecast,6.0,metar,,,1015.0,metar,8,metno_forecast,3,metno_forecast
2026,1,3,21,-1.0,metar,41,metar,0.0,metno_forecast,291,metno_forecast,7.0,metar,,,1016.0,metar,8,metno_forecast,3,metno_forecast
2026,1,3,22,-1.0,metar,41,metar,0.0,metno_forecast,310,metar,7.0,metar,,,1016.0,metar,4,metar,3,metno_forecast
2026,1,3,23,-1.0,metar,43,metar,0.0,metno_forecast,300,metar,11.0,metar,,,1016.0,metar,4,metar,3,metno_forecast
2026,1,4,0,-1.0,metar,43,metar,0.0,metno_forecast,320,metar,6.0,metar,,,1016.0,metar,6,metar,3,metno_forecast
2026,1,4,1,-1.0,metar,43,metar,0.0,metno_forecast,310,metar,6.0,metar,,,1016.0,metar,6,metar,3,metno_forecast
2026,1,4,2,-2.0,metar,46,metar,0.0,metno_forecast,299,metno_forecast,6.0,metar,,,1016.0,metar,8,metno_forecast,3,metno_forecast
2026,1,4,3,-2.0,metar,48,metar,0.0,metno_forecast,0,metar,0.0,metar,,,1016.0,metar,7,metno_forecast,3,metno_forecast
2026,1,4,4,-2.0,metar,48,metar,0.0,metno_forecast,270,metar,6.0,metar,,,1016.0,metar,8,metar,3,metno_forecast
2026,1,4,5,-2.0,metar,51,metar,0.0,metno_forecast,310,metar,11.0,metar,,,1016.0,metar,8,metar,2,metno_forecast
2026,1,4,6,-2.0,metar,48,metar,0.0,metno_forecast,322,metno_forecast,6.8,metno_forecast,,,1016.0,metar,4,metar,3,metno_forecast
2026,1,4,7,-2.0,metar,48,metar,0.0,metno_forecast,326,metno_forecast,6.8,metno_forecast,,,1016.0,metar,8,metar,3,metno_forecast
2026,1,4,8,-2.0,metar,51,metar,0.0,metno_forecast,300,metar,11.0,metar,,,1016.0,metar,8,metar,3,metno_forecast
2026,1,4,9,-3.0,metar,68,metar,0.0,metar,300,metar,13.0,metar,,,1017.0,metar,6,metar,5,metar
2026,1,4,10,-3.0,metar,71,metar,0.0,metar,290,metar,9.0,metar,,,1017.0,metar,6,metar,5,metar
2026,1,4,11,-3.0,metar,71,metar,0.0,metno_forecast,320,metno_forecast,6.0,metar,,,1017.0,metar,8,metar,3,metno_forecast
2026,1,4,12,-3.0,metar,71,metar,0.0,metno_forecast,331,metno_forecast,9.0,metar,,,1018.0,metar,5,metno_forecast,2,metno_forecast
2026,1,4,13,-3.0,metar,71,metar,0.0,metno_forecast,320,metar,7.0,metar,,,1019.0,metar,3,metno_forecast,3,metno_forecast
2026,1,4,14,-2.0,metar,69,metar,0.0,metno_forecast,0,metar,0.0,metar,,,1019.0,metar,2,metno_forecast,2,metno_forecast
2026,1,4,15,-1.0,metar,60,metar,0.0,metno_forecast,321,metno_forecast,7.0,metar,,,1019.0,metar,2,metar,2,metno_forecast
2026,1,4,16,0.0,metar,54,metar,0.0,metno_forecast,326,metno_forecast,9.0,metar,,,1018.0,metar,0,metno_forecast,1,metno_forecast
2026,1,4,17,1.0,metar,45,metar,0.0,metno_forecast,0,metar,0.0,metar,,,1018.0,metar,5,metno_forecast,1,metno_forecast
2026,1,4,18,1.0,metar,46,metar,0.0,metno_forecast,280,metar,15.0,metar,,,1018.0,metar,6,metar,3,metno_forecast
2026,1,4,19,1.0,metar,47,metar,0.0,metno_forecast,290,metar,17.0,metar,18.0,metar,1019.0,metar,2,metar,3,metno_forecast
2026,1,4,20,-1.0,metar,49,metar,0.0,metno_forecast,320,metar,13.0,metar,15.0,metar,1019.0,metar,4,metar,3,metno_forecast
2026,1,4,21,-1.0,metar,49,metar,0.0,metno_forecast,311,metno_forecast,7.0,metar,,,1020.0,metar,8,metar,3,metno_forecast
2026,1,4,22,-1.0,metar,49,metar,0.0,metno_forecast,314,metno_forecast,6.0,metar,,,1021.0,metar,4,metar,3,metno_forecast
2026,1,4,23,-1.0,metar,49,metar,0.0,metno_forecast,305,metno_forecast,6.0,metar,,,1021.0,metar,4,metar,3,metno_forecast
2026,1,5,0,-1.0,metar,51,metar,0.0,metno_forecast,0,metar,0.0,metar,,,1021.0,metar,6,metar,1,metno_forecast
2026,1,5,1,0.0,metar,49,metar,0.0,metno_forecast,250,metar,9.0,metar,,,1022.0,metar,8,metar,3,metno_forecast
2026,1,5,2,-1.0,metar,51,metar,0.0,metno_forecast,0,metar,0.0,metar,,,1022.0,metar,0,metno_forecast,3,metno_forecast
2026,1,5,3,-1.0,metar,54,metar,0.0,metno_forecast,277,metno_forecast,6.0,metar,,,1022.0,metar,6,metar,1,metno_forecast
2026,1,5,4,0.0,metar,51,metar,0.0,metno_forecast,279,metno_forecast,11.0,metar,,,1022.0,metar,8,metar,1,metno_forecast
2026,1,5,5,-1.0,metar,51,metar,0.0,metno_forecast,300,metar,11.0,metar,,,1022.0,metar,6,metar,2,metno_forecast
2026,1,5,6,-1.0,metar,55,metar,0.0,metno_forecast,281,metno_forecast,7.0,metar,,,1022.0,metar,0,metno_forecast,1,metno_forecast
2026,1,5,7,-1.0,metar,53,metar,0.0,metno_forecast,280,metar,9.0,metar,,,1023.0,metar,0,metno_forecast,1,metno_forecast
2026,1,5,8,-1.0,metar,51,metar,0.0,metno_forecast,280,metar,9.0,metar,,,1023.0,metar,1,metno_forecast,1,metno_forecast
2026,1,5,9,-1.0,metar,51,metar,0.0,metno_forecast,283,metno_forecast,6.0,metar,,,1023.0,metar,1,metno_forecast,1,metno_forecast
2026,1,5,10,-2.0,metar,53,metar,0.0,metno_forecast,277,metno_forecast,6.0,metar,,,1024.0,metar,1,metno_forecast,2,metno_forecast
2026,1,5,11,-1.0,metar,51,metar,0.0,metno_forecast,0,metar,0.0,metar,,,1024.0,metar,8,metno_forecast,1,metno_forecast
2026,1,5,12,-1.0,metar,51,metar,0.0,metno_forecast,0,metar,0.0,metar,,,1024.0,metar,8,metno_forecast,3,metno_forecast
2026,1,5,13,-1.0,metar,51,metar,0.0,metno_forecast,0,metar,0.0,metar,,,1024.0,metar,6,metar,3,metno_forecast
2026,1,5,14,0.0,metar,54,metar,0.0,metno_forecast,0,metar,0.0,metar,,,1024.0,metar,8,metar,3,metno_forecast
2026,1,5,15,1.0,metar,49,metar,0.0,metno_forecast,170,metar,9.0,metar,,,1024.0,metar,6,metar,3,metno_forecast
2026,1,5,16,1.0,metar,51,metar,0.0,metno_forecast,166,metno_forecast,11.0,metar,,,1023.0,metar,6,metar,3,metno_forecast
2026,1,5,17,2.0,metar,45,metar,0.0,metno_forecast,169,metno_forecast,9.0,metar,,,1022.0,metar,2,metar,3,metno_forecast
2026,1,5,18,1.0,metar,47,metar,0.0,metno_forecast,176,metno_forecast,10.1,metno_forecast,,,1021.0,metar,8,metar,3,metno_forecast
2026,1,5,19,1.0,metar,50,metar,0.0,metno_forecast,173,metno_forecast,9.0,metar,,,1021.0,metar,6,metar,3,metno_forecast
2026,1,5,20,1.0,metar,54,metar,0.0,metno_forecast,130,metar,6.0,metar,,,1020.0,metar,6,metar,3,metno_forecast
2026,1,5,21,2.0,metar,56,metar,0.0,metno_forecast,167,metno_forecast,11.0,metar,,,1019.0,metar,8,metar,3,metno_forecast
2026,1,5,22,2.0,metar,52,metar,0.0,metno_forecast,0,metar,0.0,metar,,,1019.0,metar,8,metar,3,metno_forecast
2026,1,5,23,3.0,metar,52,metar,0.0,metno_forecast,0,metar,0.0,metar,,,1018.0,metar,8,metar,3,metno_forecast
2026,1,6,0,3.0,metar,59,metar,0.0,metno_forecast,190,metno_forecast,13.7,metno_forecast,,,1018.0,metar,8,metar,3,metno_forecast
2026,1,6,1,3.0,metar,62,metar,0.0,metno_forecast,240,metar,7.0,metar,,,1018.0,metar,8,metar,3,metno_forecast
2026,1,6,2,3.0,metar,64,metar,0.0,metno_forecast,230,metar,9.0,metar,,,1018.0,metar,8,metar,3,metno_forecast
2026,1,6,3,3.0,metar,67,metar,0.0,metno_forecast,213,metno_forecast,6.0,metar,,,1017.0,metar,6,metar,3,metno_forecast
2026,1,6,4,3.0,metar,67,metar,0.0,metno_forecast,200,metar,9.0,metar,,,1017.0,metar,4,metar,3,metno_forecast
2026,1,6,5,3.0,metar,67,metar,0.0,metno_forecast,280,metar,6.0,metar,,,1016.0,metar,8,metar,3,metno_forecast
2026,1,6,6,3.0,metar,67,metar,0.0,metno_forecast,280,metar,6.0,metar,,,1016.0,metar,8,metar,3,metno_forecast
2026,1,6,7,2.0,metar,67,metar,0.0,metno_forecast,300,metar,7.0,metar,,,1016.0,metar,6,metar,3,metno_forecast
2026,1,6,8,2.0,metar,64,metar,0.0,metno_forecast,260,metar,6.0,metar,,,1016.0,metar,4,metno_forecast,2,metno_forecast
2026,1,6,9,2.0,metar,64,metar,0.0,metno_forecast,0,metar,0.0,metar,,,1016.0,metar,7,metno_forecast,3,metno_forecast
2026,1,6,10,2.0,metar,64,metar,0.0,metno_forecast,0,metar,0.0,metar,,,1016.0,metar,8,metno_forecast,3,metno_forecast
2026,1,6,11,3.0,metar,59,metar,0.0,metno_forecast,0,metar,0.0,metar,,,1016.0,metar,8,metno_forecast,3,metno_forecast
2026,1,6,12,3.0,metar,64,metar,0.0,metno_forecast,350,metar,6.0,metar,,,1016.0,metar,8,metno_forecast,3,metno_forecast
2026,1,6,13,3.0,metar,64,metar,0.0,metno_forecast,0,metar,0.0,metar,,,1016.0,metar,8,metno_forecast,3,metno_forecast
2026,1,6,14,4.0,metar,62,metar,0.0,metno_forecast,0,metar,0.0,metar,,,1016.0,metar,8,metno_forecast,3,metno_forecast
2026,1,6,15,5.0,metar,55,metar,0.0,metno_forecast,29,metno_forecast,9.0,metar,,,1015.0,metar,8,metno_forecast,3,metno_forecast
2026,1,6,16,4.0,metar,60,metar,0.0,metno_forecast,80,metar,7.0,metar,,,1014.0,metar,8,metno_forecast,5,metar
2026,1,6,17,5.0,metar,57,metar,0.0,metno_forecast,100,metar,6.0,metar,,,1013.0,metar,8,metno_forecast,5,metar
2026,1,6,18,6.0,metar,55,metar,0.0,metno_forecast,100,metar,7.0,metar,,,1013.0,metar,8,metno_forecast,5,metar
2026,1,6,19,4.0,metar,62,metar,0.4,metno_forecast,60,metar,11.0,metar,,,1012.0,metar,8,metno_forecast,5,metar
2026,1,6,20,4.0,metar,64,metar,0.0,metno_forecast,70,metar,9.0,metar,,,1012.0,metar,8,metno_forecast,5,metar
2026,1,6,21,3.0,metar,70,metar,0.0,metno_forecast,94,metno_forecast,7.0,metar,,,1011.0,metar,8,metno_forecast,3,metno_forecast
2026,1,6,22,3.0,metar,73,metar,0.0,metno_forecast,60,metar,11.0,metar,,,1011.0,metar,6,metar,3,metno_forecast
2026,1,6,23,4.0,metar,73,metar,0.0,metno_forecast,76,metno_forecast,9.0,metar,,,1010.0,metar,8,metar,3,metno_forecast
2026,1,7,0,3.0,metar,79,metar,0.0,metno_forecast,60,metar,6.0,metar,,,1010.0,metar,8,metar,5,metar
2026,1,7,1,3.0,metar,83,metar,0.0,metar,50,metar,7.0,metar,,,1010.0,metar,8,metar,5,metar
2026,1,7,2,3.0,metar,89,metar,0.0,metar,60,metar,13.0,metar,,,1008.0,metar,8,metar,5,metar
2026,1,7,3,3.0,metar,89,metar,0.0,metno_forecast,50,metar,15.0,metar,,,1007.0,metar,8,metar,5,metar
2026,1,7,4,3.0,metar,89,metar,0.0,metno_forecast,50,metar,19.0,metar,,,1007.0,metar,8,metar,5,metar
2026,1,7,5,3.0,metar,93,metar,0.0,metar,60,metar,9.0,metar,,,1006.0,metar,8,metar,5,metar
2026,1,7,6,3.0,metar,89,metar,0.0,metar,60,metar,9.0,metar,,,1005.0,metar,8,metar,5,metar
2026,1,7,7,3.0,metar,93,metar,0.0,metno_forecast,40,metar,7.0,metar,,,1005.0,metar,8,metar,5,metar
2026,1,7,8,3.0,metar,93,metar,0.0,metno_forecast,50,metar,9.0,metar,,,1004.0,metar,8,metno_forecast,5,metar
2026,1,7,9,3.0,metar,93,metar,0.0,metno_forecast,50,metar,6.0,metar,,,1004.0,metar,8,metar,5,metar
2026,1,7,10,3.0,metar,93,metar,0.0,metno_forecast,0,metar,0.0,metar,,,1004.0,metar,8,metar,5,metar
2026,1,7,11,3.0,metar,93,metar,0.0,metno_forecast,0,metar,0.0,metar,,,1005.0,metar,8,metar,5,metar
2026,1,7,12,3.0,metar,89,metar,0.0,metno_forecast,0,metar,0.0,metar,,,1005.0,metar,8,metar,5,metar
2026,1,7,13,4.0,metar,86,metar,0.0,metno_forecast,250,metar,7.0,metar,,,1006.0,metar,2,metar,5,metar
2026,1,7,14,6.0,metar,79,metar,0.0,metno_forecast,260,metno_forecast,7.0,metar,,,1006.0,metar,5,metno_forecast,5,metar
2026,1,7,15,9.0,metar,63,metar,0.0,metno_forecast,270,metar,22.0,metar,20.0,metar,1006.0,metar,6,metar,3,metno_forecast
2026,1,7,16,9.0,metar,54,metar,0.0,metno_forecast,290,metar,13.0,metar,20.0,metar,1007.0,metar,6,metar,3,metno_forecast
2026,1,7,17,9.0,metar,54,metar,0.0,metno_forecast,300,metar,20.0,metar,20.0,metar,1008.0,metar,6,metar,3,metno_forecast
2026,1,7,18,9.0,metar,54,metar,0.0,metno_forecast,293,metno_forecast,22.7,metno_forecast,,,1008.0,metar,8,metar,3,metno_forecast
2026,1,7,19,9.0,metar,54,metar,0.0,metno_forecast,299,metno_forecast,9.0,metar,15.0,metar,1009.0,metar,8,metar,3,metno_forecast
2026,1,7,20,9.0,metar,54,metar,0.0,metno_forecast,303,metno_forecast,7.0,metar,,,1010.0,metar,2,metar,3,metno_forecast
2026,1,7,21,8.0,metar,54,metar,0.0,metno_forecast,270,metar,13.0,metar,21.0,metar,1012.0,metar,8,metar,3,metno_forecast
2026,1,7,22,8.0,metar,55,metar,0.0,metno_forecast,300,metar,19.0,metar,19.0,metar,1013.0,metar,8,metar,3,metno_forecast
2026,1,7,23,7.0,metar,60,metar,0.0,metno_forecast,296,metno_forecast,11.0,metar,,,1014.0,metar,6,metar,3,metno_forecast
2026,1,8,0,7.0,metar,60,metar,0.0,metno_forecast,286,metno_forecast,9.0,metar,,,1015.0,metar,8,metar,2,metno_forecast
2026,1,8,1,7.0,metar,60,metar,0.0,metno_forecast,300,metar,17.0,metar,17.0,metar,1016.0,metar,8,metar,1,metno_forecast
2026,1,8,2,7.0,metar,62,metar,0.0,metno_forecast,310,metar,13.0,metar,15.0,metar,1017.0,metar,8,metar,3,metno_forecast
2026,1,8,3,6.0,metar,65,metar,0.0,metno_forecast,310,metar,15.0,metar,,,1016.0,metar,4,metar,3,metno_forecast
2026,1,8,4,6.0,metar,67,metar,0.0,metno_forecast,290,metar,9.0,metar,,,1016.0,metar,2,metno_forecast,2,metno_forecast
2026,1,8,5,6.0,metar,67,metar,0.0,metno_forecast,290,metar,13.0,metar,,,1016.0,metar,0,metno_forecast,2,metno_forecast
2026,1,8,6,6.0,metar,65,metar,0.0,metno_forecast,280,metar,11.0,metar,17.0,metar,1018.0,metar,4,metar,1,metno_forecast
2026,1,8,7,6.0,metar,65,metar,0.0,metno_forecast,310,metar,13.0,metar,,,1019.0,metar,8,metar,1,metno_forecast
2026,1,8,8,6.0,metar,65,metar,0.0,metno_forecast,300,metar,11.0,metar,,,1019.0,metar,8,metar,2,metno_forecast
2026,1,8,9,6.0,metar,65,metar,0.0,metno_forecast,300,metar,11.0,metar,,,1019.0,metar,8,metar,1,metno_forecast
2026,1,8,10,7.0,metar,62,metar,0.0,metno_forecast,310,metar,22.0,metar,18.0,metar,1020.0,metar,8,metar,1,metno_forecast
2026,1,8,11,6.0,metar,61,metar,0.0,metno_forecast,300,metar,13.0,metar,14.0,metar,1021.0,metar,4,metar,1,metno_forecast
2026,1,8,12,6.0,metar,65,metar,0.0,metno_forecast,293,metno_forecast,6.0,metar,,,1021.0,metar,0,metno_forecast,1,metno_forecast
2026,1,8,13,7.0,metar,62,metar,0.0,metno_forecast,290,metno_forecast,9.0,metar,,,1022.0,metar,0,metno_forecast,1,metno_forecast
2026,1,8,14,8.0,metar,58,metar,0.0,metno_forecast,280,metar,11.0,metar,,,1023.0,metar,0,metno_forecast,1,metno_forecast
2026,1,8,15,8.0,metar,54,metar,0.0,metno_forecast,269,metno_forecast,5.8,metno_forecast,,,1023.0,metar,0,metno_forecast,1,metno_forecast
2026,1,8,16,9.0,metar,48,metar,0.0,metno_forecast,310,metar,13.0,metar,,,1023.0,metar,0,metno_forecast,1,metno_forecast
2026,1,8,17,9.0,metar,48,metar,0.0,metno_forecast,302,metno_forecast,7.0,metar,,,1023.0,metar,2,metno_forecast,1,metno_forecast
2026,1,8,18,9.0,metar,48,metar,0.0,metno_forecast,312,metno_forecast,10.1,metno_forecast,,,1023.0,metar,2,metar,2,metno_forecast
2026,1,8,19,9.0,metar,48,metar,0.0,metno_forecast,270,metar,11.0,metar,,,1023.0,metar,6,metno_forecast,3,metno_forecast
2026,1,8,20,9.0,metar,46,metar,0.0,metno_forecast,310,metar,11.0,metar,,,1024.0,metar,0,metno_forecast,3,metno_forecast
2026,1,8,21,9.0,metar,47,metar,0.0,metno_forecast,310,metar,6.0,metar,,,1024.0,metar,0,metno_forecast,1,metno_forecast
2026,1,8,22,8.0,metar,49,metar,0.0,metno_forecast,50,metar,6.0,metar,,,1025.0,metar,1,metno_forecast,1,metno_forecast
2026,1,8,23,8.0,metar,49,metar,0.0,metno_forecast,30,metar,6.0,metar,,,1026.0,metar,1,metno_forecast,1,metno_forecast
2026,1,9,0,8.0,metar,51,metar,0.0,metno_forecast,40,metar,6.0,metar,,,1026.0,metar,2,metno_forecast,1,metno_forecast
2026,1,9,1,7.8,metar,53,metar,0.0,metno_forecast,280,metar,3.0,metar,,,1025.8,metno_forecast,2,metno_forecast,2,metno_forecast
2026,1,9,2,7.0,metar,58,metar,0.0,metno_forecast,0,metar,0.0,metar,,,1026.0,metar,1,metno_forecast,2,metno_forecast
2026,1,9,3,7.0,metar,62,metar,0.0,metno_forecast,0,metar,0.0,metar,,,1026.0,metar,2,metno_forecast,1,metno_forecast
2026,1,9,4,6.0,metar,62,metar,0.0,metno_forecast,60,metar,7.0,metar,,,1026.0,metar,5,metno_forecast,2,metno_forecast
2026,1,9,5,6.0,metar,67,metar,0.0,metno_forecast,0,metar,0.0,metar,,,1026.0,metar,0,metno_forecast,3,metno_forecast
2026,1,9,6,6.0,metar,67,metar,0.0,metno_forecast,0,metar,0.0,metar,,,1026.0,metar,2,metno_forecast,1,metno_forecast
2026,1,9,7,5.0,metar,73,metar,0.0,metno_forecast,130,metar,7.0,metar,,,1026.0,metar,0,metno_forecast,2,metno_forecast
2026,1,9,8,5.0,metar,76,metar,0.0,metno_forecast,0,metar,0.0,metar,,,1027.0,metar,3,metno_forecast,1,metno_forecast
2026,1,9,9,5.0,metar,76,metar,0.0,metno_forecast,0,metar,0.0,metar,,,1027.0,metar,3,metno_forecast,3,metno_forecast
2026,1,9,10,4.0,metar,82,metar,0.0,metno_forecast,50,metar,6.0,metar,,,1027.0,metar,4,metar,3,metno_forecast
2026,1,9,11,4.0,metar,79,metar,0.0,metno_forecast,177,metno_forecast,7.9,metno_forecast,,,1026.0,metar,7,metno_forecast,3,metno_forecast
2026,1,9,12,6.0,metar,76,metar,0.0,metno_forecast,178,metno_forecast,9.0,metno_forecast,,,1026.0,metar,6,metno_forecast,3,metno_forecast
2026,1,9,13,7.0,metar,74,metar,0.0,metno_forecast,184,metno_forecast,11.2,metno_forecast,,,1026.0,metar,0,metno_forecast,3,metno_forecast
2026,1,9,14,8.0,metar,73,metar,0.0,metno_forecast,186,metno_forecast,12.2,metno_forecast,,,1025.0,metar,2,metar,1,metno_forecast
2026,1,9,15,9.0,metar,68,metar,0.0,metno_forecast,175,metno_forecast,11.9,metno_forecast,,,1025.0,metar,2,metar,1,metno_forecast
2026,1,9,16,9.0,metar,69,metar,0.0,metno_forecast,176,metno_forecast,17.3,metno_forecast,,,1023.0,metar,2,metar,2,metno_forecast
2026,1,9,17,9.0,metar,71,metar,0.0,metno_forecast,150,metar,11.0,metar,,,1023.0,metar,6,metar,3,metno_forecast
2026,1,9,18,9.0,metar,73,metar,0.0,metno_forecast,158,metno_forecast,15.5,metno_forecast,,,1022.0,metar,6,metar,3,metno_forecast
2026,1,9,19,9.0,metar,74,metar,0.0,metno_forecast,163,metno_forecast,14.8,metno_forecast,,,1020.0,metar,6,metar,3,metno_forecast
2026,1,9,20,9.0,metar,77,metar,0.0,metno_forecast,162,metno_forecast,13.7,metno_forecast,,,1020.0,metar,8,metar,3,metno_forecast
2026,1,9,21,9.0,metar,80,metar,0.0,metar,169,metno_forecast,14.0,metno_forecast,,,1019.0,metar,6,metar,3,metno_forecast
2026,1,9,22,9.0,metar,80,metar,0.4,metno_forecast,181,metno_forecast,15.5,metno_forecast,,,1019.0,metar,6,metar,8,metno_forecast
2026,1,9,23,9.0,metar,86,metar,0.0,metar,195,metno_forecast,16.2,metno_forecast,,,1018.0,metar,8,metar,7,metno_forecast
2026,1,10,0,11.0,metar,83,metar,0.0,metar,203,metno_forecast,16.6,metno_forecast,,,1018.0,metar,8,metar,8,metno_forecast
2026,1,10,1,12.0,metar,80,metar,0.0,metno_forecast,216,metno_forecast,15.5,metno_forecast,,,1019.0,metar,8,metar,3,metno_forecast
2026,1,10,2,12.0,metar,80,metar,0.0,metno_forecast,224,metno_forecast,15.8,metno_forecast,,,1019.0,metar,8,metar,3,metno_forecast
2026,1,10,3,12.0,metar,83,metar,0.0,metno_forecast,239,metno_forecast,15.5,metno_forecast,,,1020.0,metar,8,metar,3,metno_forecast
2026,1,10,4,11.0,metar,83,metar,0.0,metno_forecast,266,metno_forecast,15.8,metno_forecast,,,1020.0,metar,2,metar,3,metno_forecast
2026,1,10,5,11.0,metar,83,metar,0.0,metno_forecast,274,metno_forecast,13.7,metno_forecast,,,1020.0,metar,2,metar,3,metno_forecast
2026,1,10,6,11.0,metar,80,metar,0.0,metno_forecast,299,metno_forecast,12.2,metno_forecast,,,1021.0,metar,8,metno_forecast,3,metno_forecast
2026,1,10,7,10.0,metar,66,metar,0.0,metno_forecast,314,metno_forecast,12.6,metno_forecast,,,1022.0,metar,8,metno_forecast,3,metno_forecast
2026,1,10,8,9.0,metar,61,metar,0.0,metno_forecast,323,metno_forecast,11.5,metno_forecast,,,1022.0,metar,8,metno_forecast,3,metno_forecast
2026,1,10,9,8.0,metar,61,metar,0.0,metno_forecast,330,metno_forecast,11.2,metno_forecast,,,1023.0,metar,8,metno_forecast,3,metno_forecast
2026,1,10,10,7.0,metar,63,metar,0.0,metno_forecast,336,metno_forecast,9.7,metno_forecast,,,1023.0,metar,8,metno_forecast,3,metno_forecast
2026,1,10,11,7.0,metar,62,metar,0.0,metno_forecast,343,metno_forecast,9.7,metno_forecast,,,1023.0,metar,8,metno_forecast,3,metno_forecast
2026,1,10,12,7.0,metar,62,metar,0.0,metno_forecast,353,metno_forecast,8.3,metno_forecast,,,1023.0,metar,8,metno_forecast,3,metno_forecast
2026,1,10,13,6.0,metar,60,metar,0.0,metno_forecast,7,metno_forecast,10.1,metno_forecast,,,1024.0,metar,8,metno_forecast,3,metno_forecast
2026,1,10,14,7.0,metar,58,metar,0.0,metno_forecast,26,metno_forecast,6.8,metno_forecast,,,1024.0,metar,8,metno_forecast,3,metno_forecast
2026,1,10,15,7.0,metar,60,metar,0.0,metno_forecast,36,metno_forecast,6.8,metno_forecast,,,1024.0,metar,8,metno_forecast,3,metno_forecast
2026,1,10,16,6.0,metar,57,metar,0.0,metno_forecast,45,metno_forecast,7.2,metno_forecast,,,1022.0,metar,8,metno_forecast,3,metno_forecast
2026,1,10,17,6.0,metar,62,metar,0.0,metar,74,metno_forecast,8.3,metno_forecast,,,1021.0,metar,2,metar,3,metno_forecast
2026,1,10,18,5.0,metar,70,metar,0.0,metar,84,metno_forecast,7.9,metno_forecast,,,1020.0,metar,8,metar,3,metno_forecast
2026,1,10,19,5.0,metar,76,metar,0.0,metar,53,metno_forecast,7.2,metno_forecast,,,1020.0,metar,8,metar,8,metno_forecast
2026,1,10,20,4.0,metar,86,metar,0.1,metar,74,metno_forecast,9.4,metno_forecast,,,1020.0,metar,6,metar,8,metar
2026,1,10,21,4.0,metar,86,metar,0.1,metar,81,metno_forecast,14.4,metno_forecast,,,1019.0,metar,6,metar,8,metar
2026,1,10,22,4.0,metar,89,metar,0.0,metar,70,metno_forecast,11.9,metno_forecast,,,1018.0,metar,8,metar,9,metno_forecast
2026,1,10,23,4.0,metar,89,metar,0.0,metar,89,metno_forecast,17.3,metno_forecast,,,1015.0,metar,8,metar,9,metno_forecast
2026,1,11,0,4.0,metar,89,metar,0.0,metar,68,metno_forecast,19.1,metno_forecast,,,1014.0,metar,8,metar,9,metno_forecast
2026,1,11,1,5.0,metar,89,metar,0.0,metar,7,metno_forecast,12.2,metno_forecast,,,1012.0,metar,8,metar,9,metno_forecast
2026,1,11,2,5.0,metar,89,metar,0.0,metar,44,metno_forecast,15.8,metno_forecast,,,1010.0,metar,8,metar,5,metar
2026,1,11,3,5.0,metar,89,metar,0.0,metar,34,metno_forecast,13.7,metno_forecast,,,1008.0,metar,8,metar,5,metar
2026,1,11,4,5.0,metar,89,metar,0.0,metar,28,metno_forecast,9.4,metno_forecast,,,1008.0,metar,8,metar,7,metno_forecast
2026,1,11,5,6.0,metar,89,metar,0.0,metar,360,metno_forecast,5.4,metno_forecast,,,1008.0,metar,8,metar,5,metar
2026,1,11,6,5.0,metar,93,metar,0.0,metno_forecast,315,metno_forecast,9.4,metno_forecast,,,1008.0,metar,8,metar,5,metar
2026,1,11,7,6.0,metar,89,metar,0.0,metno_forecast,305,metno_forecast,8.3,metno_forecast,,,1008.0,metar,6,metar,3,metno_forecast
2026,1,11,8,6.0,metar,89,metar,0.0,metar,270,metno_forecast,7.6,metno_forecast,,,1009.0,metar,4,metar,3,metno_forecast
2026,1,11,9,6.0,metar,89,metar,0.0,metar,255,metno_forecast,7.9,metno_forecast,,,1010.0,metar,2,metar,3,metno_forecast
2026,1,11,10,6.0,metar,82,metar,0.0,metar,268,metno_forecast,9.4,metno_forecast,,,1010.0,metar,8,metar,7,metno_forecast
2026,1,11,11,6.0,metar,82,metar,0.0,metno_forecast,285,metno_forecast,11.2,metno_forecast,,,1010.0,metar,8,metar,3,metno_forecast
2026,1,11,12,7.0,metar,79,metar,0.0,metno_forecast,293,metno_forecast,13.3,metno_forecast,,,1010.0,metar,6,metar,3,metno_forecast
2026,1,11,13,7.0,metar,76,metar,0.0,metno_forecast,300,metno_forecast,13.7,metno_forecast,,,1011.0,metar,2,metar,3,metno_forecast
2026,1,11,14,7.0,metar,60,metar,0.0,metno_forecast,288,metno_forecast,11.9,metno_forecast,,,1011.0,metar,8,metar,3,metno_forecast
2026,1,11,15,7.0,metar,55,metar,0.0,metno_forecast,301,metno_forecast,15.8,metno_forecast,,,1011.0,metar,2,metar,3,metno_forecast
2026,1,11,16,8.0,metar,45,metar,0.0,metno_forecast,296,metno_forecast,14.0,metno_forecast,,,1009.0,metar,4,metar,3,metno_forecast
2026,1,11,17,8.0,metar,45,metar,0.0,metno_forecast,285,metno_forecast,10.4,metno_forecast,,,1008.0,metar,2,metar,3,metno_forecast
2026,1,11,18,8.0,metar,37,metar,0.0,metno_forecast,282,metno_forecast,10.8,metno_forecast,,,1008.0,metar,4,metar,3,metno_forecast
2026,1,11,19,7.0,metar,40,metar,0.0,metno_forecast,277,metno_forecast,14.0,metno_forecast,,,1009.0,metar,6,metar,1,metno_forecast
2026,1,11,20,6.0,metar,39,metar,0.0,metno_forecast,276,metno_forecast,18.4,metno_forecast,,,1009.0,metar,2,metar,1,metno_forecast
2026,1,11,21,6.0,metar,43,metar,0.0,metno_forecast,280,metar,20.0,metar,24.0,metar,1010.0,metar,4,metar,3,metno_forecast
2026,1,11,22,3.0,metar,67,metar,0.0,metno_forecast,280,metar,15.0,metar,22.0,metar,1012.0,metar,4,metar,1,metno_forecast
2026,1,11,23,2.0,metar,67,metar,0.0,metar,288,metno_forecast,11.0,metar,17.0,metar,1012.0,metar,2,metar,2,metno_forecast
2026,1,12,0,3.0,metar,48,metar,0.0,metno_forecast,270,metar,20.0,metar,21.0,metar,1013.0,metar,1,metno_forecast,2,metno_forecast
2026,1,12,1,2.0,metar,46,metar,0.0,metno_forecast,290,metar,20.0,metar,22.0,metar,1014.0,metar,3,metno_forecast,1,metno_forecast
2026,1,12,2,2.0,metar,48,metar,0.0,metno_forecast,270,metar,26.0,metar,24.0,metar,1014.0,metar,2,metar,2,metno_forecast
2026,1,12,3,2.0,metar,45,metar,0.0,metno_forecast,290,metar,19.0,metar,28.0,metar,1015.0,metar,6,metar,3,metno_forecast
2026,1,12,4,1.0,metar,43,metar,0.0,metno_forecast,290,metar,22.0,metar,26.0,metar,1016.0,metar,6,metar,3,metno_forecast
2026,1,12,5,1.0,metar,46,metar,0.0,metno_forecast,286,metno_forecast,7.0,metar,16.0,metar,1017.0,metar,8,metno_forecast,3,metno_forecast
2026,1,12,6,1.0,metar,45,metar,0.0,metno_forecast,290,metar,24.0,metar,30.0,metar,1017.0,metar,8,metno_forecast,3,metno_forecast
2026,1,12,7,0.0,metar,47,metar,0.0,metno_forecast,280,metar,22.0,metar,26.0,metar,1018.0,metar,4,metno_forecast,3,metno_forecast
2026,1,12,8,0.0,metar,45,metar,0.0,metno_forecast,280,metar,22.0,metar,23.0,metar,1019.0,metar,0,metno_forecast,3,metno_forecast
2026,1,12,9,0.0,metar,47,metar,0.0,metno_forecast,280,metar,22.0,metar,26.0,metar,1019.0,metar,1,metno_forecast,1,metno_forecast
2026,1,12,10,0.0,metar,47,metar,0.0,metno_forecast,280,metar,15.0,metar,20.0,metar,1021.0,metar,0,metno_forecast,2,metno_forecast
2026,1,12,11,0.0,metar,47,metar,0.0,metno_forecast,287,metno_forecast,9.0,metar,,,1022.0,metar,0,metno_forecast,1,metno_forecast
2026,1,12,12,0.0,metar,51,metar,0.0,metno_forecast,271,metno_forecast,13.3,metno_forecast,,,1023.0,metar,1,metno_forecast,1,metno_forecast
2026,1,12,13,1.0,metar,47,metar,0.0,metno_forecast,230,metar,15.0,metar,17.0,metar,1023.0,metar,6,metno_forecast,2,metno_forecast
2026,1,12,14,2.0,metar,45,metar,0.0,metno_forecast,244,metno_forecast,6.0,metar,,,1023.0,metar,1,metno_forecast,3,metno_forecast
2026,1,12,15,2.0,metar,44,metar,0.0,metno_forecast,246,metno_forecast,11.0,metar,16.0,metar,1023.0,metar,0,metno_forecast,1,metno_forecast
2026,1,12,16,3.0,metar,40,metar,0.0,metno_forecast,240,metno_forecast,11.0,metar,14.0,metar,1022.0,metar,0,metno_forecast,1,metno_forecast
2026,1,12,17,4.0,metar,39,metar,0.0,metno_forecast,234,metno_forecast,7.0,metar,19.0,metar,1021.0,metar,0,metno_forecast,1,metno_forecast
2026,1,12,18,4.0,metar,39,metar,0.0,metno_forecast,230,metar,15.0,metar,,,1020.0,metar,0,metno_forecast,1,metno_forecast
2026,1,12,19,4.0,metar,41,metar,0.0,metno_forecast,270,metar,15.0,metar,15.0,metar,1020.0,metar,0,metno_forecast,1,metno_forecast
2026,1,12,20,4.0,metar,41,metar,0.0,metno_forecast,260,metar,19.0,metar,19.0,metar,1020.0,metar,2,metno_forecast,1,metno_forecast
2026,1,12,21,4.0,metar,42,metar,0.0,metno_forecast,260,metar,13.0,metar,,,1020.0,metar,3,metno_forecast,2,metno_forecast
2026,1,12,22,4.0,metar,44,metar,0.0,metno_forecast,240,metar,13.0,metar,,,1020.0,metar,6,metno_forecast,3,metno_forecast
2026,1,12,23,3.0,metar,46,metar,0.0,metno_forecast,241,metno_forecast,13.3,metno_forecast,,,1020.0,metar,5,metno_forecast,3,metno_forecast
2026,1,13,0,3.0,metar,44,metar,0.0,metno_forecast,243,metno_forecast,6.0,metar,,,1021.0,metar,0,metno_forecast,3,metno_forecast
2026,1,13,1,3.0,metar,46,metar,0.0,metno_forecast,245,metno_forecast,12.2,metno_forecast,,,1021.0,metar,0,metno_forecast,1,metno_forecast
2026,1,13,2,3.0,metar,44,metar,0.0,metno_forecast,248,metno_forecast,7.0,metar,,,1021.0,metar,0,metno_forecast,1,metno_forecast
2026,1,13,3,3.0,metar,46,metar,0.0,metno_forecast,250,metno_forecast,11.0,metar,,,1020.0,metar,0,metno_forecast,1,metno_forecast
2026,1,13,4,2.8,metar,48,metar,0.0,metno_forecast,250,metar,4.0,metar,,,1020.1,metno_forecast,0,metno_forecast,1,metno_forecast
2026,1,13,5,2.2,metar,50,metar,0.0,metno_forecast,245,metno_forecast,3.0,metar,,,1019.9,metno_forecast,2,metno_forecast,1,metno_forecast
2026,1,13,6,2.8,metar,48,metar,0.0,metno_forecast,250,metar,5.0,metar,,,1020.0,metno_forecast,8,metno_forecast,2,metno_forecast
2026,1,13,7,2.8,metar,46,metar,0.0,metno_forecast,236,metno_forecast,6.0,metar,,,1019.4,metno_forecast,8,metno_forecast,3,metno_forecast
2026,1,13,8,2.2,metar,48,metar,0.0,metno_forecast,241,metno_forecast,10.8,metno_forecast,,,1019.3,metno_forecast,8,metno_forecast,3,metno_forecast
2026,1,13,9,2.2,metar,48,metar,0.0,metno_forecast,240,metar,3.0,metar,,,1019.1,metno_forecast,1,metno_forecast,3,metno_forecast
2026,1,13,10,2.2,metar,48,metar,0.0,metno_forecast,230,metar,4.0,metar,,,1019.3,metno_forecast,0,metno_forecast,1,metno_forecast
2026,1,13,11,2.2,metar,50,metar,0.0,metno_forecast,248,metno_forecast,5.0,metar,,,1019.5,metno_forecast,0,metno_forecast,1,metno_forecast
2026,1,13,12,2.0,metar,50,metar,0.0,metno_forecast,241,metno_forecast,9.0,metar,,,1020.0,metar,0,metno_forecast,1,metno_forecast
2026,1,13,13,3.0,metar,46,metar,0.0,metno_forecast,0,metar,0.0,metar,,,1020.0,metar,0,metno_forecast,1,metno_forecast
2026,1,13,14,4.0,metar,43,metar,0.0,metno_forecast,230,metno_forecast,7.9,metno_forecast,,,1019.0,metar,1,metno_forecast,1,metno_forecast
2026,1,13,15,5.0,metar,41,metar,0.0,metno_forecast,230,metno_forecast,7.0,metar,,,1019.0,metar,2,metno_forecast,2,metno_forecast
2026,1,13,16,6.0,metar,38,metar,0.0,metno_forecast,221,metno_forecast,7.9,metno_forecast,,,1017.0,metar,0,metno_forecast,2,metno_forecast
2026,1,13,17,7.0,metar,37,metar,0.0,metno_forecast,200,metar,13.0,metar,,,1016.0,metar,5,metno_forecast,1,metno_forecast
2026,1,13,18,8.0,metar,35,metar,0.0,metno_forecast,180,metar,9.0,metar,19.0,metar,1015.0,metar,4,metno_forecast,3,metno_forecast
2026,1,13,19,8.0,metar,36,metar,0.0,metno_forecast,190,metar,13.0,metar,,,1014.0,metar,0,metno_forecast,3,metno_forecast
2026,1,13,20,7.0,metar,47,metar,0.0,metno_forecast,189,metno_forecast,6.0,metar,,,1013.0,metar,8,metno_forecast,1,metno_forecast
2026,1,13,21,7.0,metar,49,metar,0.0,metno_forecast,150,metar,13.0,metar,,,1012.0,metar,8,metno_forecast,3,metno_forecast
2026,1,13,22,7.0,metar,51,metar,0.0,metno_forecast,0,metar,0.0,metar,,,1012.0,metar,8,metno_forecast,3,metno_forecast
2026,1,13,23,7.0,metar,44,metar,0.0,metno_forecast,182,metno_forecast,16.9,metno_forecast,,,1011.0,metar,8,metno_forecast,3,metno_forecast
2026,1,14,0,6.7,metar,45,metar,0.0,metno_forecast,184,metno_forecast,16.6,metno_forecast,,,1010.3,metno_forecast,8,metno_forecast,3,metno_forecast
2026,1,14,1,6.7,metar,51,metar,0.0,metno_forecast,192,metno_forecast,3.0,metar,,,1009.6,metno_forecast,8,metno_forecast,3,metno_forecast
2026,1,14,2,7.2,metar,51,metar,0.0,metno_forecast,197,metno_forecast,3.0,metar,,,1008.7,metno_forecast,8,metno_forecast,3,metno_forecast
2026,1,14,3,7.0,metar,51,metar,0.0,metno_forecast,196,metno_forecast,7.0,metar,,,1008.0,metar,8,metar,3,metno_forecast
2026,1,14,4,7.2,metar,51,metar,0.0,metno_forecast,193,metno_forecast,3.0,metar,,,1007.0,metno_forecast,2,metar,3,metno_forecast
2026,1,14,5,7.2,metar,51,metar,0.0,metno_forecast,204,metno_forecast,4.0,metar,,,1006.4,metno_forecast,4,metar,3,metno_forecast
2026,1,14,6,8.0,metar,47,metar,0.0,metno_forecast,220,metar,7.0,metar,,,1006.0,metar,2,metar,3,metno_forecast
2026,1,14,7,8.0,metar,47,metar,0.0,metno_forecast,222,metno_forecast,13.3,metno_forecast,,,1006.0,metar,8,metno_forecast,3,metno_forecast
2026,1,14,8,8.0,metar,42,metar,0.0,metno_forecast,216,metno_forecast,9.0,metar,15.0,metar,1005.0,metar,8,metno_forecast,3,metno_forecast
2026,1,14,9,8.3,metar,42,metar,0.0,metno_forecast,209,metno_forecast,6.0,metar,,,1004.7,metno_forecast,8,metno_forecast,3,metno_forecast
2026,1,14,10,8.3,metar,40,metar,0.0,metno_forecast,230,metar,5.0,metar,,,1004.7,metno_forecast,8,metno_forecast,3,metno_forecast
2026,1,14,11,9.0,metar,37,metar,0.0,metno_forecast,220,metar,15.0,metar,,,1005.0,metar,8,metno_forecast,3,metno_forecast
2026,1,14,12,8.9,metar,39,metar,0.0,metno_forecast,201,metno_forecast,5.0,metar,,,1005.2,metno_forecast,8,metno_forecast,3,metno_forecast
2026,1,14,13,9.0,metar,39,metar,0.0,metno_forecast,211,metno_forecast,11.9,metno_forecast,,,1006.0,metar,8,metar,3,metno_forecast
2026,1,14,14,10.0,metar,34,metar,0.0,metno_forecast,220,metar,15.0,metar,,,1006.0,metar,8,metar,3,metno_forecast
2026,1,14,15,10.0,metar,36,metar,0.0,metno_forecast,200,metno_forecast,9.0,metar,,,1005.0,metar,8,metar,3,metno_forecast
2026,1,14,16,11.0,metar,36,metar,0.0,metno_forecast,250,metar,6.0,metar,,,1004.0,metar,8,metar,3,metno_forecast
2026,1,14,17,11.1,metar,35,metar,0.0,metno_forecast,0,metar,0.0,metar,,,1003.8,metno_forecast,8,metar,3,metno_forecast
2026,1,14,18,11.0,metar,43,metar,0.0,metno_forecast,60,metar,6.0,metar,,,1002.0,metar,8,metar,3,metno_forecast
2026,1,14,19,11.0,metar,46,metar,0.0,metno_forecast,130,metar,7.0,metar,,,1002.0,metar,8,metno_forecast,3,metno_forecast
2026,1,14,20,10.0,metar,46,metar,0.0,metno_forecast,42,metno_forecast,6.0,metar,,,1002.0,metar,8,metar,3,metno_forecast
2026,1,14,21,9.0,metar,48,metar,0.0,metno_forecast,77,metno_forecast,5.0,metno_forecast,,,1001.0,metar,8,metar,3,metno_forecast
2026,1,14,22,9.0,metar,54,metar,0.0,metno_forecast,100,metar,13.0,metar,,,1000.0,metar,4,metar,3,metno_forecast
2026,1,14,23,8.0,metar,54,metar,0.0,metno_forecast,100,metno_forecast,6.5,metno_forecast,,,1000.0,metar,8,metar,3,metno_forecast
2026,1,15,0,7.0,metar,68,metar,0.0,metno_forecast,140,metar,7.0,metar,,,999.0,metar,8,metar,3,metno_forecast
2026,1,15,1,8.0,metar,65,metar,0.0,metno_forecast,143,metno_forecast,6.0,metar,,,999.0,metar,8,metar,3,metno_forecast
2026,1,15,2,8.0,metar,68,metar,0.0,metno_forecast,0,metar,0.0,metar,,,998.0,metar,6,metar,3,metno_forecast
2026,1,15,3,8.0,metar,63,metar,0.0,metno_forecast,182,metno_forecast,7.0,metar,,,997.0,metar,6,metar,3,metno_forecast
2026,1,15,4,8.0,metar,68,metar,0.0,metno_forecast,0,metar,0.0,metar,,,996.0,metar,6,metar,3,metno_forecast
2026,1,15,5,8.0,metar,61,metar,0.0,metno_forecast,240,metar,9.0,metar,18.0,metar,995.0,metar,8,metar,3,metno_forecast
2026,1,15,6,8.0,metar,60,metar,0.0,metno_forecast,220,metar,13.0,metar,,,995.0,metar,2,metar,3,metno_forecast
2026,1,15,7,8.0,metar,60,metar,0.0,metno_forecast,214,metno_forecast,6.0,metar,,,995.0,metar,4,metar,3,metno_forecast
2026,1,15,8,7.0,metar,63,metar,0.0,metno_forecast,240,metar,15.0,metar,,,995.0,metar,2,metar,3,metno_forecast
2026,1,15,9,7.0,metar,65,metar,0.0,metno_forecast,230,metar,13.0,metar,15.0,metar,994.0,metar,4,metar,3,metno_forecast
2026,1,15,10,7.0,metar,68,metar,0.0,metno_forecast,234,metno_forecast,11.0,metar,,,995.0,metar,2,metar,3,metno_forecast
2026,1,15,11,6.0,metar,73,metar,0.0,metno_forecast,229,metno_forecast,6.0,metar,,,995.0,metar,6,metar,3,metno_forecast
2026,1,15,12,6.0,metar,70,metar,0.0,metno_forecast,250,metar,17.0,metar,21.0,metar,996.0,metar,6,metar,3,metno_forecast
2026,1,15,13,6.0,metar,62,metar,0.0,metno_forecast,240,metar,20.0,metar,19.0,metar,996.0,metar,4,metar,3,metno_forecast
2026,1,15,14,4.0,metar,55,metar,0.0,metno_forecast,260,metar,13.0,metar,25.0,metar,998.0,metar,4,metar,3,metno_forecast
2026,1,15,15,4.0,metar,46,metar,0.0,metno_forecast,251,metno_forecast,19.4,metno_forecast,,,998.0,metar,5,metno_forecast,2,metno_forecast
2026,1,15,16,3.0,metar,40,metar,0.0,metno_forecast,240,metar,22.0,metar,26.0,metar,997.0,metar,2,metno_forecast,3,metno_forecast
2026,1,15,17,3.0,metno_forecast,49,metno_forecast,0.0,metno_forecast,251,metno_forecast,19.4,metno_forecast,,,997.0,metar,0,metno_forecast,2,metno_forecast
2026,1,15,18,2.7,metno_forecast,46,metno_forecast,0.0,metno_forecast,280,metar,13.0,metar,,,997.0,metar,0,metno_forecast,1,metno_forecast
2026,1,15,19,2.0,metar,35,metar,0.0,metno_forecast,270,metar,19.0,metar,21.0,metar,998.0,metar,0,metno_forecast,1,metno_forecast
2026,1,15,20,1.0,metar,36,metar,0.0,metno_forecast,258,metno_forecast,6.0,metar,,,999.0,metar,0,metno_forecast,1,metno_forecast
2026,1,15,21,-1.0,metar,38,metar,0.0,metno_forecast,250,metar,20.0,metar,23.0,metar,999.0,metar,0,metno_forecast,1,metno_forecast
2026,1,15,22,-2.0,metar,39,metar,0.0,metno_forecast,270,metar,11.0,metar,22.0,metar,1000.0,metar,0,metno_forecast,1,metno_forecast
2026,1,15,23,-2.0,metar,37,metar,0.0,metno_forecast,290,metar,19.0,metar,19.0,metar,1001.0,metar,2,metar,1,metno_forecast
2026,1,16,0,-2.0,metar,35,metar,0.0,metno_forecast,266,metno_forecast,9.0,metar,22.0,metar,1001.0,metar,2,metar,1,metno_forecast
2026,1,16,1,-3.0,metar,37,metar,0.0,metno_forecast,260,metar,19.0,metar,21.0,metar,1000.0,metar,0,metno_forecast,1,metno_forecast
2026,1,16,2,-4.0,metar,38,metar,0.0,metno_forecast,260,metar,15.0,metar,18.0,metar,1002.0,metar,0,metno_forecast,1,metno_forecast
2026,1,16,3,-4.0,metar,38,metar,0.0,metno_forecast,280,metar,20.0,metar,25.0,metar,1002.0,metar,0,metno_forecast,1,metno_forecast
2026,1,16,4,-4.0,metar,34,metar,0.0,metno_forecast,290,metar,19.0,metar,32.0,metar,1002.0,metar,0,metno_forecast,1,metno_forecast
2026,1,16,5,-5.0,metar,39,metar,0.0,metno_forecast,290,metar,22.0,metar,21.0,metar,1002.0,metar,0,metno_forecast,1,metno_forecast
2026,1,16,6,-6.0,metar,45,metar,0.0,metno_forecast,296,metno_forecast,9.0,metar,,,1002.0,metar,0,metno_forecast,1,metno_forecast
2026,1,16,7,-6.0,metar,43,metar,0.0,metno_forecast,290,metar,19.0,metar,26.0,metar,1003.0,metar,0,metno_forecast,1,metno_forecast
2026,1,16,8,-6.0,metar,43,metar,0.0,metno_forecast,280,metar,28.0,metar,23.0,metar,1004.0,metar,0,metno_forecast,1,metno_forecast
2026,1,16,9,-6.0,metar,45,metar,0.0,metno_forecast,270,metar,17.0,metar,20.0,metar,1006.0,metar,1,metno_forecast,1,metno_forecast
2026,1,16,10,-6.0,metar,43,metar,0.0,metno_forecast,280,metar,19.0,metar,25.0,metar,1008.0,metar,0,metno_forecast,1,metno_forecast
2026,1,16,11,-6.0,metar,43,metar,0.0,metno_forecast,290,metar,20.0,metar,20.0,metar,1009.0,metar,0,metno_forecast,1,metno_forecast
2026,1,16,12,-6.0,metar,45,metar,0.0,metno_forecast,288,metno_forecast,22.3,metno_forecast,,,1010.0,metar,5,metno_forecast,1,metno_forecast
2026,1,16,13,-4.0,metar,43,metar,0.0,metno_forecast,287,metno_forecast,24.1,metno_forecast,,,1011.0,metar,2,metno_forecast,3,metno_forecast
2026,1,16,14,-3.0,metar,40,metar,0.0,metno_forecast,280,metar,19.0,metar,24.0,metar,1012.0,metar,3,metno_forecast,2,metno_forecast
2026,1,16,15,-3.0,metar,37,metar,0.0,metno_forecast,280,metar,20.0,metar,20.0,metar,1012.0,metar,0,metno_forecast,2,metno_forecast
2026,1,16,16,-2.0,metar,36,metar,0.0,metno_forecast,273,metno_forecast,9.0,metar,19.0,metar,1013.0,metar,1,metno_forecast,1,metno_forecast
2026,1,16,17,-1.0,metar,34,metar,0.0,metno_forecast,270,metar,19.0,metar,19.0,metar,1013.0,metar,2,metar,2,metno_forecast
2026,1,16,18,-1.0,metar,36,metar,0.0,metno_forecast,273,metno_forecast,9.0,metar,,,1014.0,metar,8,metar,1,metno_forecast
2026,1,16,19,0.0,metar,33,metar,0.0,metno_forecast,263,metno_forecast,13.7,metno_forecast,,,1015.0,metar,4,metar,3,metno_forecast
2026,1,16,20,0.0,metar,36,metar,0.0,metno_forecast,247,metno_forecast,7.0,metar,,,1015.0,metar,7,metno_forecast,3,metno_forecast
2026,1,16,21,-1.0,metar,38,metar,0.0,metno_forecast,233,metno_forecast,6.0,metar,,,1016.0,metar,6,metno_forecast,3,metno_forecast
2026,1,16,22,0.0,metar,36,metar,0.0,metno_forecast,210,metar,13.0,metar,,,1017.0,metar,1,metno_forecast,3,metno_forecast
2026,1,16,23,-1.0,metar,41,metar,0.0,metno_forecast,0,metar,0.0,metar,,,1018.0,metar,1,metno_forecast,1,metno_forecast
2026,1,17,0,-1.0,metar,38,metar,0.0,metno_forecast,206,metno_forecast,11.0,metar,,,1018.0,metar,3,metno_forecast,2,metno_forecast
2026,1,17,1,0.0,metar,36,metar,0.0,metno_forecast,210,metar,7.0,metar,22.0,metar,1018.0,metar,8,metar,3,metno_forecast
2026,1,17,2,0.0,metar,38,metar,0.0,metno_forecast,230,metar,13.0,metar,15.0,metar,1019.0,metar,8,metar,2,metno_forecast
2026,1,17,3,1.0,metar,35,metar,0.0,metno_forecast,203,metno_forecast,7.0,metar,,,1019.0,metar,8,metar,3,metno_forecast
2026,1,17,4,1.0,metar,39,metar,0.0,metno_forecast,200,metar,9.0,metar,,,1019.0,metar,2,metar,3,metno_forecast
2026,1,17,5,2.0,metar,38,metar,0.0,metno_forecast,160,metar,7.0,metar,,,1018.0,metar,8,metno_forecast,3,metno_forecast
2026,1,17,6,2.0,metar,38,metar,0.0,metno_forecast,179,metno_forecast,6.0,metar,,,1019.0,metar,8,metar,3,metno_forecast
2026,1,17,7,2.0,metar,38,metar,0.0,metno_forecast,191,metno_forecast,9.0,metar,15.0,metar,1019.0,metar,4,metar,3,metno_forecast
2026,1,17,8,1.0,metar,52,metar,0.0,metno_forecast,0,metar,0.0,metar,,,1019.0,metar,6,metar,3,metno_forecast
2026,1,17,9,2.0,metar,50,metar,0.2,metno_forecast,168,metno_forecast,11.0,metar,,,1019.0,metar,8,metar,14,metno_forecast
2026,1,17,10,2.0,metar,46,metar,0.0,metno_forecast,160,metar,7.0,metar,,,1018.0,metar,2,metar,3,metno_forecast
2026,1,17,11,3.0,metar,42,metar,0.0,metno_forecast,157,metno_forecast,6.0,metar,,,1018.0,metar,4,metar,3,metno_forecast
2026,1,17,12,3.0,metar,39,metar,0.0,metno_forecast,162,metno_forecast,9.0,metar,,,1018.0,metar,6,metar,3,metno_forecast
2026,1,17,13,4.0,metar,39,metar,0.0,metar,220,metar,15.0,metar,,,1019.0,metar,8,metar,3,metno_forecast
2026,1,17,14,4.0,metar,41,metar,0.0,metar,188,metno_forecast,7.0,metar,,,1019.0,metar,6,metar,3,metno_forecast
2026,1,17,15,2.0,metar,59,metar,0.0,metar,220,metar,15.0,metar,,,1018.0,metar,6,metar,3,metno_forecast
2026,1,17,16,2.0,metar,72,metar,0.0,metar,0,metar,0.0,metar,,,1017.0,metar,2,metar,15,metar
2026,1,17,17,0.0,metar,96,metar,0.0,metar,206,metno_forecast,6.0,metar,,,1017.0,metar,6,metar,15,metar
2026,1,17,18,0.0,metar,96,metar,0.1,metar,238,metno_forecast,9.0,metar,,,1017.0,metar,8,metar,15,metar
2026,1,17,19,0.0,metar,96,metar,0.0,metar,201,metno_forecast,3.0,metar,,,1017.0,metar,6,metar,5,metar
2026,1,17,20,1.0,metar,87,metar,0.3,metno_forecast,240,metar,6.0,metar,,,1018.0,metar,6,metar,5,metar
2026,1,17,21,1.0,metar,88,metar,0.0,metno_forecast,0,metar,7.0,metar,17.0,metar,1018.0,metar,4,metar,5,metar
2026,1,17,22,1.0,metar,88,metar,0.0,metno_forecast,228,metno_forecast,7.0,metar,,,1019.0,metar,8,metar,3,metno_forecast
2026,1,17,23,1.0,metar,88,metar,0.0,metno_forecast,226,metno_forecast,6.0,metar,,,1020.0,metar,6,metar,5,metar
2026,1,18,0,1.0,metar,85,metar,0.0,metno_forecast,260,metar,6.0,metar,,,1020.0,metar,4,metar,5,metar
2026,1,18,1,0.0,metar,88,metar,0.0,metno_forecast,250,metar,13.0,metar,,,1020.0,metar,6,metno_forecast,5,metar
2026,1,18,2,0.0,metar,88,metar,0.0,metno_forecast,270,metar,6.0,metar,,,1021.0,metar,0,metno_forecast,5,metar
2026,1,18,3,0.0,metar,88,metar,0.0,metno_forecast,260,metno_forecast,6.0,metar,,,1020.0,metar,0,metno_forecast,5,metar
2026,1,18,4,1.0,metar,85,metar,0.0,metno_forecast,270,metar,6.0,metar,,,1020.0,metar,2,metno_forecast,5,metar
2026,1,18,5,1.0,metar,85,metar,0.0,metno_forecast,0,metar,0.0,metar,,,1020.0,metar,2,metno_forecast,5,metar
2026,1,18,6,1.0,metar,88,metar,0.0,metno_forecast,290,metar,7.0,metar,,,1020.0,metar,8,metno_forecast,5,metar
2026,1,18,7,1.0,metar,88,metar,0.0,metno_forecast,0,metar,0.0,metar,,,1020.0,metar,6,metar,5,metar
2026,1,18,8,1.0,metar,85,metar,0.0,metno_forecast,174,metno_forecast,6.0,metar,,,1018.0,metar,8,metar,5,metar
2026,1,18,9,1.0,metar,85,metar,0.0,metar,0,metar,0.0,metar,,,1018.0,metar,8,metar,5,metar
2026,1,18,10,2.0,metar,85,metar,0.0,metno_forecast,150,metar,6.0,metar,,,1018.0,metar,8,metar,5,metar
2026,1,18,11,2.0,metar,89,metar,0.0,metar,300,metar,6.0,metar,,,1019.0,metar,2,metar,14,metno_forecast
2026,1,18,12,1.0,metar,92,metar,0.0,metar,310,metar,7.0,metar,,,1019.0,metar,8,metar,15,metno_forecast
2026,1,18,13,0.0,metar,100,metar,0.0,metar,0,metar,0.0,metar,,,1019.0,metar,8,metar,15,metar
2026,1,18,14,0.0,metar,96,metar,0.0,metar,0,metar,0.0,metar,,,1019.0,metar,8,metar,15,metno_forecast
2026,1,18,15,1.0,metar,96,metar,0.0,metar,40,metar,6.0,metar,,,1018.0,metar,8,metar,5,metar
2026,1,18,16,1.0,metar,92,metar,0.0,metar,20,metar,7.0,metar,,,1017.0,metar,8,metar,14,metno_forecast
2026,1,18,17,1.0,metar,96,metar,0.0,metar,20,metar,9.0,metar,,,1015.0,metar,8,metar,14,metno_forecast
2026,1,18,18,1.0,metar,92,metar,0.0,metar,25,metno_forecast,6.0,metar,15.0,metar,1014.0,metar,8,metar,15,metno_forecast
2026,1,18,19,1.0,metar,92,metar,0.0,metar,20,metar,6.0,metar,,,1014.0,metar,6,metar,5,metar
2026,1,18,20,1.0,metar,85,metar,0.0,metar,21,metno_forecast,7.0,metar,,,1012.0,metar,2,metar,12,metno_forecast
2026,1,18,21,1.0,metar,88,metar,0.0,metar,30,metar,15.0,metar,16.0,metar,1012.0,metar,2,metar,12,metno_forecast
2026,1,18,22,1.0,metar,88,metar,0.0,metar,3,metno_forecast,9.0,metar,,,1012.0,metar,2,metar,12,metno_forecast
2026,1,18,23,0.0,metar,96,metar,0.0,metar,0,metar,0.0,metar,,,1012.0,metar,6,metar,12,metno_forecast
2026,1,19,0,0.0,metar,96,metar,0.0,metar,346,metno_forecast,11.0,metar,,,1012.0,metar,8,metar,12,metno_forecast
2026,1,19,1,0.0,metar,96,metar,0.0,metar,360,metar,7.0,metar,17.0,metar,1012.0,metar,8,metar,12,metno_forecast
2026,1,19,2,-1.0,metar,92,metar,0.0,metar,340,metno_forecast,7.0,metar,,,1011.0,metar,6,metar,5,metar
2026,1,19,3,-1.0,metar,92,metar,0.2,metno_forecast,300,metar,6.0,metar,,,1011.0,metar,6,metar,5,metar
2026,1,19,4,-1.0,metar,92,metar,0.2,metno_forecast,310,metar,13.0,metar,14.0,metar,1011.0,metar,2,metar,14,metno_forecast
2026,1,19,5,-2.0,metar,92,metar,0.0,metno_forecast,280,metar,9.0,metar,,,1010.0,metar,6,metar,3,metno_forecast
2026,1,19,6,-2.0,metar,89,metar,0.0,metno_forecast,306,metno_forecast,7.0,metar,,,1011.0,metar,6,metar,3,metno_forecast
2026,1,19,7,-2.0,metar,85,metar,0.0,metno_forecast,0,metar,0.0,metar,,,1011.0,metar,8,metar,3,metno_forecast
2026,1,19,8,-2.0,metar,92,metar,0.0,metno_forecast,270,metar,13.0,metar,,,1011.0,metar,8,metar,3,metno_forecast
2026,1,19,9,-3.0,metar,85,metar,0.0,metno_forecast,240,metar,13.0,metar,16.0,metar,1012.0,metar,8,metar,3,metno_forecast
2026,1,19,10,-4.0,metar,85,metar,0.0,metno_forecast,260,metar,11.0,metar,,,1013.0,metar,6,metar,3,metno_forecast
2026,1,19,11,-4.0,metar,81,metar,0.0,metno_forecast,270,metar,9.0,metar,,,1013.0,metar,4,metar,3,metno_forecast
2026,1,19,12,-5.0,metar,78,metar,0.0,metno_forecast,259,metno_forecast,10.8,metno_forecast,,,1014.0,metar,0,metno_forecast,3,metno_forecast
2026,1,19,13,-6.0,metar,75,metar,0.0,metno_forecast,240,metar,9.0,metar,14.0,metar,1015.0,metar,0,metno_forecast,1,metno_forecast
2026,1,19,14,-4.0,metar,65,metar,0.0,metno_forecast,263,metno_forecast,11.0,metar,,,1015.0,metar,0,metno_forecast,1,metno_forecast
2026,1,19,15,-3.0,metar,60,metar,0.0,metno_forecast,280,metar,20.0,metar,17.0,metar,1015.0,metar,6,metar,1,metno_forecast
2026,1,19,16,-2.0,metar,58,metar,0.0,metno_forecast,260,metar,17.0,metar,16.0,metar,1015.0,metar,0,metno_forecast,1,metno_forecast
2026,1,19,17,-1.0,metar,54,metar,0.0,metno_forecast,270,metar,13.0,metar,,,1014.0,metar,2,metar,1,metno_forecast
2026,1,19,18,-1.0,metar,56,metar,0.0,metno_forecast,230,metar,15.0,metar,17.0,metar,1014.0,metar,2,metar,1,metno_forecast
2026,1,19,19,-1.0,metar,51,metar,0.0,metno_forecast,290,metar,13.0,metar,22.0,metar,1014.0,metar,6,metar,1,metno_forecast
2026,1,19,20,-1.0,metar,49,metar,0.0,metno_forecast,216,metno_forecast,15.5,metno_forecast,,,1015.0,metar,6,metar,3,metno_forecast
2026,1,19,21,-1.0,metar,49,metar,0.0,metno_forecast,270,metar,13.0,metar,,,1016.0,metar,2,metar,3,metno_forecast
2026,1,19,22,-1.0,metar,53,metar,0.0,metno_forecast,240,metar,13.0,metar,,,1016.0,metar,0,metno_forecast,2,metno_forecast
2026,1,19,23,-1.0,metar,55,metar,0.0,metno_forecast,212,metno_forecast,7.0,metar,,,1016.0,metar,1,metno_forecast,1,metno_forecast
2026,1,20,0,-1.0,metar,51,metar,0.0,metno_forecast,214,metno_forecast,11.0,metar,,,1017.0,metar,0,metno_forecast,1,metno_forecast
2026,1,20,1,-1.0,metar,54,metar,0.0,metno_forecast,221,metno_forecast,11.5,metno_forecast,,,1018.0,metar,8,metno_forecast,1,metno_forecast
2026,1,20,2,-2.0,metar,49,metar,0.0,metno_forecast,248,metno_forecast,11.0,metar,,,1018.0,metar,0,metno_forecast,3,metno_forecast
2026,1,20,3,-3.0,metar,42,metar,0.0,metno_forecast,266,metno_forecast,11.0,metar,18.0,metar,1019.0,metar,0,metno_forecast,1,metno_forecast
2026,1,20,4,-3.0,metar,35,metar,0.0,metno_forecast,270,metar,28.0,metar,25.0,metar,1020.0,metar,0,metno_forecast,1,metno_forecast
2026,1,20,5,-4.0,metar,38,metar,0.0,metno_forecast,280,metar,13.0,metar,19.0,metar,1020.0,metar,0,metno_forecast,1,metno_forecast
2026,1,20,6,-5.0,metar,43,metar,0.0,metno_forecast,270,metar,15.0,metar,,,1021.0,metar,0,metno_forecast,1,metno_forecast
2026,1,20,7,-6.0,metar,45,metar,0.0,metno_forecast,272,metno_forecast,9.0,metar,,,1022.0,metar,0,metno_forecast,1,metno_forecast
2026,1,20,8,-7.0,metar,45,metar,0.0,metno_forecast,250,metar,13.0,metar,,,1022.0,metar,0,metno_forecast,1,metno_forecast
2026,1,20,9,-7.0,metar,47,metar,0.0,metno_forecast,280,metar,22.0,metar,19.0,metar,1023.0,metar,0,metno_forecast,1,metno_forecast
2026,1,20,10,-8.0,metar,49,metar,0.0,metno_forecast,250,metar,13.0,metar,16.0,metar,1024.0,metar,0,metno_forecast,1,metno_forecast
2026,1,20,11,-8.0,metar,51,metar,0.0,metno_forecast,264,metno_forecast,6.0,metar,,,1024.0,metar,0,metno_forecast,1,metno_forecast
2026,1,20,12,-9.0,metar,49,metar,0.0,metno_forecast,260,metar,15.0,metar,18.0,metar,1025.0,metar,0,metno_forecast,1,metno_forecast
2026,1,20,13,-9.0,metar,47,metar,0.0,metno_forecast,280,metar,11.0,metar,19.0,metar,1026.0,metar,0,metno_forecast,1,metno_forecast
2026,1,20,14,-9.0,metar,44,metar,0.0,metno_forecast,270,metar,20.0,metar,18.0,metar,1026.0,metar,0,metno_forecast,1,metno_forecast
2026,1,20,15,-8.0,metar,35,metar,0.0,metno_forecast,280,metar,24.0,metar,23.0,metar,1027.0,metar,0,metno_forecast,1,metno_forecast
2026,1,20,16,-7.0,metar,34,metar,0.0,metno_forecast,260,metar,15.0,metar,23.0,metar,1027.0,metar,0,metno_forecast,1,metno_forecast
2026,1,20,17,-7.0,metar,34,metar,0.0,metno_forecast,280,metar,15.0,metar,22.0,metar,1026.0,metar,0,metno_forecast,1,metno_forecast
2026,1,20,18,-7.0,metar,36,metar,0.0,metno_forecast,270,metar,15.0,metar,19.0,metar,1026.0,metar,0,metno_forecast,1,metno_forecast
2026,1,20,19,-6.0,metar,31,metar,0.0,metno_forecast,270,metar,17.0,metar,21.0,metar,1027.0,metar,0,metno_forecast,1,metno_forecast
2026,1,20,20,-6.0,metar,32,metar,0.0,metno_forecast,280,metar,22.0,metar,21.0,metar,1027.0,metar,0,metno_forecast,1,metno_forecast
2026,1,20,21,-7.0,metar,36,metar,0.0,metno_forecast,259,metno_forecast,11.9,metno_forecast,,,1028.0,metar,0,metno_forecast,1,metno_forecast
2026,1,20,22,-7.0,metar,36,metar,0.0,metno_forecast,280,metar,17.0,metar,17.0,metar,1030.0,metar,0,metno_forecast,1,metno_forecast
2026,1,20,23,-7.0,metar,39,metar,0.0,metno_forecast,260,metar,13.0,metar,17.0,metar,1031.0,metar,0,metno_forecast,1,metno_forecast
2026,1,21,0,-7.0,metar,39,metar,0.0,metno_forecast,249,metno_forecast,9.0,metar,,,1032.0,metar,0,metno_forecast,1,metno_forecast
2026,1,21,1,-7.0,metar,39,metar,0.0,metno_forecast,255,metno_forecast,7.0,metar,15.0,metar,1032.0,metar,0,metno_forecast,1,metno_forecast
2026,1,21,2,-7.0,metar,39,metar,0.0,metno_forecast,240,metar,13.0,metar,,,1033.0,metar,0,metno_forecast,1,metno_forecast
2026,1,21,3,-7.0,metar,39,metar,0.0,metno_forecast,247,metno_forecast,9.0,metar,,,1034.0,metar,0,metno_forecast,1,metno_forecast
2026,1,21,4,-8.0,metar,41,metar,0.0,metno_forecast,240,metar,13.0,metar,,,1034.0,metar,0,metno_forecast,1,metno_forecast
2026,1,21,5,-8.0,metar,39,metar,0.0,metno_forecast,260,metno_forecast,10.1,metno_forecast,,,1033.0,metar,0,metno_forecast,1,metno_forecast
2026,1,21,6,-7.8,metar,41,metar,0.0,metno_forecast,0,metar,0.0,metar,,,1033.2,metno_forecast,0,metno_forecast,1,metno_forecast
2026,1,21,7,-8.0,metar,40,metar,0.0,metno_forecast,258,metno_forecast,8.3,metno_forecast,,,1034.0,metar,0,metno_forecast,1,metno_forecast
2026,1,21,8,-8.0,metar,39,metar,0.0,metno_forecast,290,metar,11.0,metar,,,1034.0,metar,0,metno_forecast,1,metno_forecast
2026,1,21,9,-8.0,metar,41,metar,0.0,metno_forecast,0,metar,0.0,metar,,,1035.0,metar,0,metno_forecast,1,metno_forecast
2026,1,21,10,-8.0,metar,39,metar,0.0,metno_forecast,242,metno_forecast,9.0,metar,,,1034.0,metar,0,metno_forecast,1,metno_forecast
2026,1,21,11,-8.0,metar,44,metar,0.0,metno_forecast,236,metno_forecast,7.0,metar,,,1035.0,metar,0,metno_forecast,1,metno_forecast
2026,1,21,12,-7.0,metar,41,metar,0.0,metno_forecast,232,metno_forecast,6.0,metar,,,1035.0,metar,0,metno_forecast,1,metno_forecast
2026,1,21,13,-6.0,metar,39,metar,0.0,metno_forecast,234,metno_forecast,9.0,metar,,,1035.0,metar,0,metno_forecast,1,metno_forecast
2026,1,21,14,-6.0,metar,36,metar,0.0,metno_forecast,250,metar,15.0,metar,,,1035.0,metar,1,metno_forecast,1,metno_forecast
2026,1,21,15,-4.0,metar,33,metar,0.0,metno_forecast,0,metar,0.0,metar,,,1034.0,metar,7,metno_forecast,1,metno_forecast
2026,1,21,16,-3.0,metar,32,metar,0.0,metno_forecast,180,metar,9.0,metar,,,1033.0,metar,8,metno_forecast,3,metno_forecast
2026,1,21,17,-2.0,metar,32,metar,0.0,metno_forecast,202,metno_forecast,7.9,metno_forecast,,,1032.0,metar,8,metno_forecast,3,metno_forecast
2026,1,21,18,-2.0,metar,31,metar,0.0,metno_forecast,190,metar,13.0,metar,16.0,metar,1029.0,metar,8,metno_forecast,3,metno_forecast
2026,1,21,19,-1.0,metar,39,metar,0.0,metno_forecast,156,metno_forecast,11.0,metar,,,1027.0,metar,8,metno_forecast,3,metno_forecast
2026,1,21,20,1.0,metar,51,metar,0.0,metno_forecast,158,metno_forecast,9.0,metar,18.0,metar,1026.0,metar,7,metno_forecast,3,metno_forecast
2026,1,21,21,1.0,metar,56,metar,0.0,metno_forecast,185,metno_forecast,14.8,metno_forecast,,,1026.0,metar,8,metar,3,metno_forecast
2026,1,21,22,2.0,metar,56,metar,0.0,metno_forecast,210,metno_forecast,6.0,metar,,,1025.0,metar,8,metar,3,metno_forecast
2026,1,21,23,2.0,metar,59,metar,0.0,metno_forecast,188,metno_forecast,7.0,metar,,,1024.0,metar,8,metar,3,metno_forecast
2026,1,22,0,3.0,metar,57,metar,0.0,metno_forecast,190,metno_forecast,11.0,metar,17.0,metar,1024.0,metar,6,metar,3,metno_forecast
2026,1,22,1,3.0,metar,52,metar,0.0,metno_forecast,197,metno_forecast,6.0,metar,,,1023.0,metar,4,metar,3,metno_forecast
2026,1,22,2,3.0,metar,52,metar,0.0,metno_forecast,205,metno_forecast,7.0,metar,,,1022.0,metar,8,metar,3,metno_forecast
2026,1,22,3,3.0,metar,44,metar,0.0,metno_forecast,207,metno_forecast,13.3,metno_forecast,,,1022.0,metar,8,metar,3,metno_forecast
2026,1,22,4,4.0,metar,42,metar,0.1,metno_forecast,204,metno_forecast,11.0,metar,,,1020.0,metar,8,metar,14,metno_forecast
2026,1,22,5,4.0,metar,42,metar,0.1,metno_forecast,200,metar,15.0,metar,19.0,metar,1019.0,metar,6,metar,14,metno_forecast
2026,1,22,6,4.0,metar,46,metar,0.0,metno_forecast,180,metar,7.0,metar,,,1018.0,metar,8,metar,3,metno_forecast
2026,1,22,7,4.0,metar,48,metar,0.0,metno_forecast,230,metar,13.0,metar,,,1017.0,metar,8,metar,3,metno_forecast
2026,1,22,8,4.0,metar,44,metar,0.0,metno_forecast,226,metno_forecast,16.6,metno_forecast,,,1016.0,metar,6,metar,3,metno_forecast
2026,1,22,9,4.0,metar,46,metar,0.0,metno_forecast,228,metno_forecast,15.8,metno_forecast,,,1016.0,metar,6,metar,3,metno_forecast
2026,1,22,10,4.0,metar,48,metar,0.0,metno_forecast,228,metno_forecast,7.0,metar,,,1016.0,metar,6,metar,3,metno_forecast
2026,1,22,11,3.0,metar,50,metar,0.0,metno_forecast,230,metno_forecast,11.0,metar,,,1017.0,metar,6,metar,3,metno_forecast
2026,1,22,12,3.0,metar,48,metar,0.0,metno_forecast,220,metar,11.0,metar,,,1017.0,metar,8,metno_forecast,3,metno_forecast
2026,1,22,13,4.0,metar,46,metar,0.0,metno_forecast,0,metar,0.0,metar,,,1017.0,metar,7,metno_forecast,3,metno_forecast
2026,1,22,14,6.0,metar,44,metar,0.0,metno_forecast,0,metar,0.0,metar,,,1018.0,metar,6,metno_forecast,3,metno_forecast
2026,1,22,15,6.0,metar,43,metar,0.0,metno_forecast,239,metno_forecast,11.0,metar,,,1017.0,metar,7,metno_forecast,3,metno_forecast
2026,1,22,16,7.0,metar,40,metar,0.0,metno_forecast,243,metno_forecast,6.0,metar,18.0,metar,1016.0,metar,7,metno_forecast,3,metno_forecast
2026,1,22,17,8.0,metar,35,metar,0.0,metno_forecast,246,metno_forecast,11.0,metar,19.0,metar,1016.0,metar,4,metar,3,metno_forecast
2026,1,22,18,8.0,metar,33,metar,0.0,metno_forecast,270,metar,17.0,metar,20.0,metar,1016.0,metar,2,metno_forecast,3,metno_forecast
2026,1,22,19,8.0,metar,33,metar,0.0,metno_forecast,250,metar,11.0,metar,18.0,metar,1016.0,metar,1,metno_forecast,2,metno_forecast
2026,1,22,20,8.0,metar,32,metar,0.0,metno_forecast,250,metar,13.0,metar,18.0,metar,1016.0,metar,5,metno_forecast,2,metno_forecast
2026,1,22,21,8.0,metar,34,metar,0.0,metno_forecast,270,metar,11.0,metar,17.0,metar,1016.0,metar,8,metno_forecast,3,metno_forecast
2026,1,22,22,8.0,metar,32,metar,0.0,metno_forecast,0,metar,0.0,metar,,,1017.0,metar,8,metno_forecast,3,metno_forecast
2026,1,22,23,7.0,metar,36,metar,0.0,metno_forecast,0,metar,0.0,metar,,,1018.0,metar,8,metno_forecast,3,metno_forecast
2026,1,23,0,6.0,metar,23,metar,0.0,metno_forecast,259,metno_forecast,9.0,metar,19.0,metar,1018.0,metar,8,metno_forecast,3,metno_forecast
2026,1,23,1,5.0,metar,24,metar,0.0,metno_forecast,274,metno_forecast,7.0,metar,,,1019.0,metar,8,metno_forecast,3,metno_forecast
2026,1,23,2,5.0,metar,20,metar,0.0,metno_forecast,270,metar,9.0,metar,,,1019.0,metar,8,metno_forecast,3,metno_forecast
2026,1,23,3,4.0,metar,21,metar,0.0,metno_forecast,260,metar,9.0,metar,,,1019.0,metar,8,metno_forecast,3,metno_forecast
2026,1,23,4,3.0,metar,23,metar,0.0,metno_forecast,270,metar,13.0,metar,19.0,metar,1020.0,metar,8,metno_forecast,3,metno_forecast
2026,1,23,5,3.0,metar,21,metar,0.0,metno_forecast,280,metar,19.0,metar,18.0,metar,1019.0,metar,8,metno_forecast,3,metno_forecast
2026,1,23,6,2.0,metar,25,metar,0.0,metno_forecast,280,metar,17.0,metar,20.0,metar,1020.0,metar,7,metno_forecast,3,metno_forecast
2026,1,23,7,2.0,metar,26,metar,0.0,metno_forecast,270,metar,15.0,metar,16.0,metar,1020.0,metar,6,metno_forecast,3,metno_forecast
2026,1,23,8,1.0,metar,28,metar,0.0,metno_forecast,280,metar,13.0,metar,20.0,metar,1020.0,metar,4,metno_forecast,3,metno_forecast
2026,1,23,9,0.0,metar,31,metar,0.0,metno_forecast,280,metar,13.0,metar,15.0,metar,1021.0,metar,5,metno_forecast,3,metno_forecast
2026,1,23,10,-1.0,metar,34,metar,0.0,metno_forecast,280,metar,7.0,metar,,,1021.0,metar,5,metno_forecast,3,metno_forecast
2026,1,23,11,-1.0,metar,34,metar,0.0,metno_forecast,290,metar,9.0,metar,,,1021.0,metar,6,metno_forecast,3,metno_forecast
2026,1,23,12,-1.0,metar,34,metar,0.0,metno_forecast,238,metno_forecast,7.0,metar,,,1022.0,metar,8,metno_forecast,3,metno_forecast
2026,1,23,13,0.0,metar,34,metar,0.0,metno_forecast,241,metno_forecast,7.0,metar,,,1022.0,metar,8,metno_forecast,3,metno_forecast
2026,1,23,14,0.0,metar,34,metar,0.0,metno_forecast,236,metno_forecast,9.0,metar,,,1022.0,metar,8,metno_forecast,3,metno_forecast
2026,1,23,15,1.0,metar,32,metar,0.0,metno_forecast,240,metar,19.0,metar,21.0,metar,1021.0,metar,8,metno_forecast,3,metno_forecast
2026,1,23,16,1.0,metar,29,metar,0.0,metno_forecast,260,metar,24.0,metar,28.0,metar,1021.0,metar,7,metno_forecast,3,metno_forecast
2026,1,23,17,1.0,metar,30,metar,0.0,metno_forecast,263,metno_forecast,11.0,metar,21.0,metar,1020.0,metar,8,metno_forecast,3,metno_forecast
2026,1,23,18,2.0,metar,25,metar,0.0,metno_forecast,250,metar,13.0,metar,20.0,metar,1019.0,metar,8,metno_forecast,3,metno_forecast
2026,1,23,19,2.0,metar,26,metar,0.0,metno_forecast,230,metar,13.0,metar,19.0,metar,1019.0,metar,8,metno_forecast,3,metno_forecast
2026,1,23,20,2.0,metar,25,metar,0.0,metno_forecast,250,metar,11.0,metar,20.0,metar,1020.0,metar,8,metno_forecast,3,metno_forecast
2026,1,23,21,2.0,metar,24,metar,0.0,metno_forecast,290,metar,17.0,metar,22.0,metar,1020.0,metar,8,metno_forecast,3,metno_forecast
2026,1,23,22,1.0,metar,18,metar,0.0,metno_forecast,280,metar,24.0,metar,26.0,metar,1021.0,metar,7,metno_forecast,3,metno_forecast
2026,1,23,23,-1.0,metar,23,metar,0.0,metno_forecast,280,metno_forecast,9.0,metar,22.0,metar,1023.0,metar,7,metno_forecast,3,metno_forecast
2026,1,24,0,-4.0,metar,41,metar,0.0,metno_forecast,310,metar,13.0,metar,17.0,metar,1026.0,metar,8,metno_forecast,3,metno_forecast
2026,1,24,1,-6.0,metar,43,metar,0.0,metno_forecast,300,metar,22.0,metar,25.0,metar,1027.0,metar,2,metno_forecast,3,metno_forecast
2026,1,24,2,-7.0,metar,22,metar,0.0,metno_forecast,300,metar,24.0,metar,30.0,metar,1029.0,metar,3,metno_forecast,2,metno_forecast
2026,1,24,3,-9.0,metar,26,metar,0.0,metno_forecast,300,metar,28.0,metar,28.0,metar,1031.0,metar,0,metno_forecast,2,metno_forecast
2026,1,24,4,-10.0,metar,30,metar,0.0,metno_forecast,314,metno_forecast,9.0,metar,22.0,metar,1032.0,metar,0,metno_forecast,1,metno_forecast
2026,1,24,5,-11.0,metar,31,metar,0.0,metno_forecast,300,metar,13.0,metar,18.0,metar,1032.0,metar,2,metno_forecast,1,metno_forecast
2026,1,24,6,-12.0,metar,34,metar,0.0,metno_forecast,300,metar,22.0,metar,23.0,metar,1033.0,metar,2,metno_forecast,2,metno_forecast
2026,1,24,7,-12.0,metar,36,metar,0.0,metno_forecast,310,metno_forecast,11.0,metar,19.0,metar,1034.0,metar,0,metno_forecast,2,metno_forecast
2026,1,24,8,-12.0,metar,39,metar,0.0,metno_forecast,314,metno_forecast,16.9,metno_forecast,,,1034.0,metar,0,metno_forecast,1,metno_forecast
2026,1,24,9,-12.0,metar,39,metar,0.0,metno_forecast,290,metar,20.0,metar,21.0,metar,1035.0,metar,0,metno_forecast,1,metno_forecast
2026,1,24,10,-13.0,metar,43,metar,0.0,metno_forecast,300,metar,20.0,metar,21.0,metar,1036.0,metar,4,metno_forecast,1,metno_forecast
2026,1,24,11,-13.0,metar,45,metar,0.0,metno_forecast,330,metno_forecast,16.6,metno_forecast,,,1036.0,metar,8,metno_forecast,3,metno_forecast
2026,1,24,12,-13.0,metar,41,metar,0.0,metno_forecast,331,metno_forecast,9.0,metar,,,1037.0,metar,8,metno_forecast,3,metno_forecast
2026,1,24,13,-12.0,metar,39,metar,0.0,metno_forecast,324,metno_forecast,14.4,metno_forecast,,,1038.0,metar,8,metno_forecast,3,metno_forecast
2026,1,24,14,-12.0,metar,36,metar,0.0,metno_forecast,328,metno_forecast,11.0,metar,17.0,metar,1039.0,metar,8,metno_forecast,3,metno_forecast
2026,1,24,15,-12.0,metar,36,metar,0.0,metno_forecast,324,metno_forecast,7.0,metar,,,1039.0,metar,8,metno_forecast,3,metno_forecast
2026,1,24,16,-11.0,metar,33,metar,0.0,metno_forecast,320,metno_forecast,9.0,metar,,,1038.0,metar,8,metno_forecast,3,metno_forecast
2026,1,24,17,-9.0,metar,30,metar,0.0,metno_forecast,322,metno_forecast,13.3,metno_forecast,,,1038.0,metar,6,metno_forecast,3,metno_forecast
2026,1,24,18,-8.0,metar,27,metar,0.0,metno_forecast,325,metno_forecast,9.0,metar,,,1037.0,metar,5,metno_forecast,3,metno_forecast
2026,1,24,19,-8.0,metar,26,metar,0.0,metno_forecast,330,metno_forecast,14.0,metno_forecast,,,1038.0,metar,6,metno_forecast,3,metno_forecast
2026,1,24,20,-8.0,metar,25,metar,0.0,metno_forecast,360,metar,15.0,metar,18.0,metar,1038.0,metar,4,metno_forecast,3,metno_forecast
2026,1,24,21,-8.0,metar,26,metar,0.0,metno_forecast,300,metar,15.0,metar,,,1038.0,metar,8,metno_forecast,3,metno_forecast
2026,1,24,22,-8.0,metar,25,metar,0.0,metno_forecast,340,metno_forecast,11.0,metar,,,1038.0,metar,8,metno_forecast,3,metno_forecast
2026,1,24,23,-8.0,metar,25,metar,0.0,metno_forecast,345,metno_forecast,6.0,metar,,,1039.0,metar,8,metno_forecast,3,metno_forecast
2026,1,25,0,-9.0,metar,26,metar,0.0,metno_forecast,350,metar,17.0,metar,14.0,metar,1039.0,metar,8,metno_forecast,3,metno_forecast
2026,1,25,1,-9.0,metar,28,metar,0.0,metno_forecast,348,metno_forecast,11.2,metno_forecast,,,1039.0,metar,8,metno_forecast,3,metno_forecast
2026,1,25,2,-9.0,metar,30,metar,0.0,metno_forecast,350,metno_forecast,6.0,metar,,,1040.0,metar,8,metno_forecast,3,metno_forecast
2026,1,25,3,-9.0,metar,31,metar,0.0,metno_forecast,356,metno_forecast,6.0,metar,,,1039.0,metar,2,metar,3,metno_forecast
2026,1,25,4,-9.0,metar,36,metar,0.0,metno_forecast,50,metar,15.0,metar,,,1039.0,metar,8,metno_forecast,3,metno_forecast
2026,1,25,5,-10.0,metar,27,metar,0.0,metno_forecast,40,metar,11.0,metar,,,1039.0,metar,4,metar,3,metno_forecast
2026,1,25,6,-10.0,metar,31,metar,0.0,metno_forecast,50,metar,20.0,metar,15.0,metar,1038.0,metar,8,metar,3,metno_forecast
2026,1,25,7,-11.0,metar,35,metar,0.0,metno_forecast,50,metar,19.0,metar,16.0,metar,1037.0,metar,8,metar,3,metno_forecast
2026,1,25,8,-11.0,metar,36,metar,0.0,metno_forecast,50,metar,15.0,metar,,,1037.0,metar,8,metar,3,metno_forecast
2026,1,25,9,-11.0,metar,38,metar,0.0,metno_forecast,50,metar,11.0,metar,,,1037.0,metar,6,metar,3,metno_forecast
2026,1,25,10,-11.0,metar,55,metar,0.0,metar,50,metar,17.0,metar,16.0,metar,1037.0,metar,8,metar,15,metar
2026,1,25,11,-12.0,metar,80,metar,0.0,metar,40,metar,13.0,metar,14.0,metar,1036.0,metar,8,metno_forecast,15,metar
2026,1,25,12,-12.0,metar,84,metar,0.0,metar,60,metar,11.0,metar,,,1035.0,metar,8,metno_forecast,15,metar
2026,1,25,13,-12.0,metar,84,metar,0.0,metar,50,metar,17.0,metar,,,1035.0,metar,8,metno_forecast,15,metar
2026,1,25,14,-12.0,metar,84,metar,0.1,metar,40,metar,17.0,metar,17.0,metar,1032.0,metar,8,metno_forecast,15,metar
2026,1,25,15,-12.0,metar,84,metar,0.1,metar,40,metar,19.0,metar,21.0,metar,1031.0,metar,8,metno_forecast,15,metar
2026,1,25,16,-11.0,metar,84,metar,0.2,metar,50,metar,15.0,metar,18.0,metar,1028.0,metar,8,metno_forecast,15,metar
2026,1,25,17,-11.0,metar,84,metar,0.1,metar,40,metar,20.0,metar,20.0,metar,1026.0,metar,8,metno_forecast,15,metar
2026,1,25,18,-11.0,metar,84,metar,0.1,metar,50,metar,20.0,metar,19.0,metar,1024.0,metar,8,metno_forecast,15,metar
2026,1,25,19,-11.0,metar,84,metar,0.0,metar,40,metar,15.0,metar,20.0,metar,1022.0,metar,8,metno_forecast,16,metno_forecast
2026,1,25,20,-9.0,metar,83,metar,0.0,metar,50,metar,11.0,metar,22.0,metar,1020.0,metar,8,metno_forecast,16,metno_forecast
2026,1,25,21,-9.0,metar,87,metar,0.0,metar,40,metar,19.0,metar,20.0,metar,1018.0,metar,8,metno_forecast,16,metno_forecast
2026,1,25,22,-8.0,metar,88,metar,0.0,metar,40,metar,13.0,metar,17.0,metar,1016.0,metar,8,metno_forecast,16,metno_forecast
2026,1,25,23,-7.0,metar,84,metar,0.1,metar,40,metar,19.0,metar,20.0,metar,1013.0,metar,6,metar,16,metno_forecast
2026,1,26,0,-7.0,metar,84,metar,0.0,metar,30,metar,17.0,metar,24.0,metar,1013.0,metar,4,metar,16,metno_forecast
2026,1,26,1,-7.0,metar,88,metar,0.1,metar,50,metar,20.0,metar,20.0,metar,1008.0,metar,2,metar,16,metno_forecast
2026,1,26,2,-6.0,metar,88,metar,0.0,metar,30,metar,9.0,metar,18.0,metar,1007.0,metar,6,metar,5,metar
2026,1,26,3,-6.0,metar,89,metar,0.0,metar,20,metar,13.0,metar,15.0,metar,1009.0,metar,8,metar,15,metno_forecast
2026,1,26,4,-6.0,metar,89,metar,0.0,metar,20,metar,7.0,metar,,,1009.0,metar,6,metar,5,metar
2026,1,26,5,-7.0,metar,88,metar,0.0,metno_forecast,20,metar,15.0,metar,19.0,metar,1008.0,metar,8,metar,3,metno_forecast
2026,1,26,6,-7.0,metar,88,metar,0.0,metno_forecast,7,metno_forecast,11.0,metar,19.0,metar,1008.0,metar,8,metar,3,metno_forecast
2026,1,26,7,-7.0,metar,88,metar,0.0,metno_forecast,40,metar,9.0,metar,,,1008.0,metar,8,metar,3,metno_forecast
2026,1,26,8,-7.0,metar,88,metar,0.0,metno_forecast,30,metar,6.0,metar,,,1008.0,metar,6,metar,5,metar
2026,1,26,9,-7.0,metar,88,metar,0.0,metar,20,metar,11.0,metar,,,1008.0,metar,8,metar,5,metar
2026,1,26,10,-7.0,metar,88,metar,0.0,metar,349,metno_forecast,6.0,metar,,,1009.0,metar,2,metar,3,metno_forecast
2026,1,26,11,-8.0,metar,88,metar,0.0,metar,360,metar,6.0,metar,,,1009.0,metar,2,metar,5,metar
2026,1,26,12,-7.0,metar,84,metar,0.0,metno_forecast,335,metno_forecast,9.0,metar,,,1009.0,metar,8,metar,3,metno_forecast
2026,1,26,13,-7.0,metar,84,metar,0.0,metno_forecast,0,metar,0.0,metar,,,1010.0,metar,8,metar,3,metno_forecast
2026,1,26,14,-7.0,metar,77,metar,0.0,metno_forecast,0,metar,0.0,metar,,,1010.0,metar,8,metar,3,metno_forecast
2026,1,26,15,-7.0,metar,81,metar,0.0,metno_forecast,310,metar,9.0,metar,,,1010.0,metar,8,metar,3,metno_forecast
2026,1,26,16,-6.0,metar,81,metar,0.0,metno_forecast,313,metno_forecast,7.0,metar,,,1009.0,metar,6,metar,5,metar
2026,1,26,17,-5.0,metar,78,metar,0.0,metar,310,metar,11.0,metar,,,1008.0,metar,4,metar,3,metno_forecast
2026,1,26,18,-4.0,metar,72,metar,0.0,metno_forecast,300,metar,15.0,metar,15.0,metar,1007.0,metar,6,metar,3,metno_forecast
2026,1,26,19,-3.0,metar,58,metar,0.0,metno_forecast,280,metar,13.0,metar,19.0,metar,1007.0,metar,8,metar,3,metno_forecast
2026,1,26,20,-4.0,metar,55,metar,0.0,metno_forecast,300,metar,17.0,metar,21.0,metar,1008.0,metar,2,metar,3,metno_forecast
2026,1,26,21,-4.0,metar,52,metar,0.0,metno_forecast,300,metno_forecast,16.9,metno_forecast,,,1009.0,metar,2,metar,3,metno_forecast
2026,1,26,22,-5.0,metar,50,metar,0.0,metno_forecast,300,metar,22.0,metar,24.0,metar,1011.0,metar,8,metar,3,metno_forecast
2026,1,26,23,-6.0,metar,52,metar,0.0,metno_forecast,302,metno_forecast,11.0,metar,16.0,metar,1012.0,metar,2,metar,3,metno_forecast
2026,1,27,0,-6.0,metar,54,metar,0.0,metno_forecast,300,metar,15.0,metar,,,1012.0,metar,6,metar,3,metno_forecast
2026,1,27,1,-6.0,metar,49,metar,0.0,metno_forecast,300,metar,15.0,metar,20.0,metar,1013.0,metar,6,metar,3,metno_forecast
2026,1,27,2,-7.0,metar,43,metar,0.0,metno_forecast,300,metar,17.0,metar,26.0,metar,1015.0,metar,2,metno_forecast,2,metno_forecast
2026,1,27,3,-8.0,metar,45,metar,0.0,metno_forecast,286,metno_forecast,7.0,metar,17.0,metar,1015.0,metar,1,metno_forecast,2,metno_forecast
2026,1,27,4,-8.0,metar,46,metar,0.0,metno_forecast,290,metar,15.0,metar,22.0,metar,1016.0,metar,1,metno_forecast,1,metno_forecast
2026,1,27,5,-8.0,metar,46,metar,0.0,metno_forecast,280,metar,22.0,metar,21.0,metar,1016.0,metar,1,metno_forecast,1,metno_forecast
2026,1,27,6,-8.0,metar,46,metar,0.0,metno_forecast,280,metar,19.0,metar,21.0,metar,1017.0,metar,0,metno_forecast,1,metno_forecast
2026,1,27,7,-9.0,metar,51,metar,0.0,metno_forecast,300,metar,13.0,metar,18.0,metar,1018.0,metar,0,metno_forecast,1,metno_forecast
2026,1,27,8,-9.0,metar,51,metar,0.0,metno_forecast,276,metno_forecast,11.0,metar,14.0,metar,1018.0,metar,0,metno_forecast,1,metno_forecast
2026,1,27,9,-9.0,metar,49,metar,0.0,metno_forecast,280,metar,11.0,metar,,,1019.0,metar,0,metno_forecast,1,metno_forecast
2026,1,27,10,-9.0,metar,49,metar,0.0,metno_forecast,269,metno_forecast,14.0,metno_forecast,,,1019.0,metar,0,metno_forecast,1,metno_forecast
2026,1,27,11,-9.0,metar,48,metar,0.0,metno_forecast,0,metar,0.0,metar,,,1020.0,metar,0,metno_forecast,1,metno_forecast
2026,1,27,12,-9.0,metar,51,metar,0.0,metno_forecast,246,metno_forecast,12.2,metno_forecast,,,1020.0,metar,2,metno_forecast,1,metno_forecast
2026,1,27,13,-9.0,metar,51,metar,0.0,metno_forecast,240,metar,15.0,metar,19.0,metar,1021.0,metar,0,metno_forecast,2,metno_forecast
2026,1,27,14,-8.0,metar,51,metar,0.0,metno_forecast,237,metno_forecast,14.0,metno_forecast,,,1020.0,metar,0,metno_forecast,1,metno_forecast
2026,1,27,15,-7.0,metar,45,metar,0.0,metno_forecast,230,metar,13.0,metar,21.0,metar,1019.0,metar,1,metno_forecast,1,metno_forecast
2026,1,27,16,-7.0,metar,39,metar,0.0,metno_forecast,225,metno_forecast,11.0,metar,19.0,metar,1018.0,metar,7,metno_forecast,1,metno_forecast
2026,1,27,17,-6.0,metar,41,metar,0.0,metno_forecast,230,metar,17.0,metar,19.0,metar,1017.0,metar,6,metar,3,metno_forecast
2026,1,27,18,-6.0,metar,36,metar,0.0,metno_forecast,234,metno_forecast,9.0,metar,,,1015.0,metar,6,metar,3,metno_forecast
2026,1,27,19,-6.0,metar,36,metar,0.0,metno_forecast,230,metar,13.0,metar,18.0,metar,1015.0,metar,8,metar,3,metno_forecast
2026,1,27,20,-7.0,metar,47,metar,0.0,metno_forecast,240,metar,15.0,metar,20.0,metar,1015.0,metar,6,metar,3,metno_forecast
2026,1,27,21,-7.0,metar,51,metar,0.0,metno_forecast,240,metar,15.0,metar,,,1015.0,metar,8,metar,3,metno_forecast
2026,1,27,22,-7.0,metar,56,metar,0.0,metno_forecast,240,metno_forecast,11.0,metar,,,1016.0,metar,4,metar,3,metno_forecast
2026,1,27,23,-8.0,metar,56,metar,0.0,metno_forecast,242,metno_forecast,15.5,metno_forecast,,,1016.0,metar,1,metno_forecast,2,metno_forecast
2026,1,28,0,-7.0,metar,51,metar,0.0,metno_forecast,290,metar,11.0,metar,,,1016.0,metar,1,metno_forecast,1,metno_forecast
2026,1,28,1,-7.0,metar,45,metar,0.0,metno_forecast,280,metar,24.0,metar,21.0,metar,1017.0,metar,0,metno_forecast,2,metno_forecast
2026,1,28,2,-8.0,metar,51,metar,0.0,metno_forecast,280,metar,13.0,metar,19.0,metar,1018.0,metar,0,metno_forecast,1,metno_forecast
2026,1,28,3,-8.0,metar,51,metar,0.0,metno_forecast,280,metar,15.0,metar,17.0,metar,1018.0,metar,0,metno_forecast,1,metno_forecast
2026,1,28,4,-8.0,metar,51,metar,0.0,metno_forecast,280,metar,19.0,metar,19.0,metar,1018.0,metar,1,metno_forecast,1,metno_forecast
2026,1,28,5,-9.0,metar,53,metar,0.0,metno_forecast,280,metar,15.0,metar,20.0,metar,1019.0,metar,0,metno_forecast,1,metno_forecast
2026,1,28,6,-9.0,metar,53,metar,0.0,metno_forecast,270,metno_forecast,7.0,metar,,,1019.0,metar,0,metno_forecast,1,metno_forecast
2026,1,28,7,-9.0,metar,53,metar,0.0,metno_forecast,260,metar,15.0,metar,17.0,metar,1020.0,metar,0,metno_forecast,1,metno_forecast
2026,1,28,8,-9.0,metar,55,metar,0.0,metno_forecast,270,metar,13.0,metar,,,1020.0,metar,0,metno_forecast,1,metno_forecast
2026,1,28,9,-9.0,metar,53,metar,0.0,metno_forecast,280,metar,13.0,metar,,,1020.0,metar,0,metno_forecast,1,metno_forecast
2026,1,28,10,-9.0,metar,55,metar,0.0,metno_forecast,266,metno_forecast,9.0,metar,15.0,metar,1021.0,metar,0,metno_forecast,1,metno_forecast
2026,1,28,11,-9.0,metar,53,metar,0.0,metno_forecast,270,metno_forecast,6.0,metar,,,1022.0,metar,0,metno_forecast,1,metno_forecast
2026,1,28,12,-9.0,metar,53,metar,0.0,metno_forecast,270,metar,13.0,metar,,,1022.0,metar,0,metno_forecast,1,metno_forecast
2026,1,28,13,-9.0,metar,51,metar,0.0,metno_forecast,270,metar,15.0,metar,,,1022.0,metar,0,metno_forecast,1,metno_forecast
2026,1,28,14,-8.0,metar,44,metar,0.0,metno_forecast,270,metar,13.0,metar,,,1022.0,metar,0,metno_forecast,1,metno_forecast
2026,1,28,15,-7.0,metar,41,metar,0.0,metno_forecast,266,metno_forecast,7.6,metno_forecast,,,1022.0,metar,0,metno_forecast,1,metno_forecast
2026,1,28,16,-6.0,metar,34,metar,0.0,metno_forecast,310,metar,11.0,metar,,,1020.0,metar,2,metno_forecast,1,metno_forecast
2026,1,28,17,-5.0,metar,33,metar,0.0,metno_forecast,225,metno_forecast,7.0,metar,,,1019.0,metar,8,metno_forecast,2,metno_forecast
2026,1,28,18,-5.0,metar,33,metar,0.0,metno_forecast,213,metno_forecast,6.0,metar,,,1018.0,metar,8,metno_forecast,3,metno_forecast
2026,1,28,19,-5.0,metar,31,metar,0.0,metno_forecast,300,metar,9.0,metar,,,1017.0,metar,8,metno_forecast,3,metno_forecast
2026,1,28,20,-5.0,metar,38,metar,0.0,metno_forecast,220,metar,9.0,metar,,,1017.0,metar,8,metno_forecast,3,metno_forecast
2026,1,28,21,-6.0,metar,40,metar,0.0,metno_forecast,203,metno_forecast,9.0,metno_forecast,,,1017.0,metar,8,metno_forecast,3,metno_forecast
2026,1,28,22,-6.0,metar,39,metar,0.0,metno_forecast,222,metno_forecast,6.0,metar,15.0,metar,1017.0,metar,0,metno_forecast,3,metno_forecast
2026,1,28,23,-7.0,metar,43,metar,0.0,metno_forecast,240,metar,15.0,metar,,,1018.0,metar,0,metno_forecast,1,metno_forecast
2026,1,29,0,-7.0,metar,43,metar,0.0,metno_forecast,242,metno_forecast,6.0,metar,,,1018.0,metar,1,metno_forecast,1,metno_forecast
2026,1,29,1,-8.0,metar,46,metar,0.0,metno_forecast,260,metar,15.0,metar,17.0,metar,1018.0,metar,4,metar,1,metno_forecast
2026,1,29,2,-9.0,metar,44,metar,0.0,metno_forecast,290,metar,15.0,metar,14.0,metar,1017.0,metar,4,metno_forecast,3,metno_forecast
2026,1,29,3,-9.0,metar,48,metar,0.0,metno_forecast,268,metno_forecast,9.0,metar,,,1018.0,metar,1,metno_forecast,3,metno_forecast
2026,1,29,4,-10.0,metar,51,metar,0.0,metno_forecast,0,metar,0.0,metar,,,1017.0,metar,0,metno_forecast,2,metno_forecast
2026,1,29,5,-10.0,metar,51,metar,0.0,metno_forecast,285,metno_forecast,10.8,metno_forecast,,,1017.0,metar,0,metno_forecast,1,metno_forecast
2026,1,29,6,-10.0,metar,51,metar,0.0,metno_forecast,290,metar,9.0,metar,,,1017.0,metar,0,metno_forecast,1,metno_forecast
2026,1,29,7,-11.0,metar,56,metar,0.0,metno_forecast,280,metar,13.0,metar,,,1018.0,metar,1,metno_forecast,1,metno_forecast
2026,1,29,8,-11.0,metar,56,metar,0.0,metno_forecast,0,metar,0.0,metar,,,1018.0,metar,0,metno_forecast,1,metno_forecast
2026,1,29,9,-11.0,metar,56,metar,0.0,metno_forecast,303,metno_forecast,12.2,metno_forecast,,,1018.0,metar,0,metno_forecast,1,metno_forecast
2026,1,29,10,-11.0,metar,53,metar,0.0,metno_forecast,290,metar,11.0,metar,,,1019.0,metar,2,metno_forecast,1,metno_forecast
2026,1,29,11,-12.0,metar,55,metar,0.0,metno_forecast,270,metar,9.0,metar,,,1019.0,metar,1,metno_forecast,2,metno_forecast
2026,1,29,12,-11.0,metar,55,metar,0.0,metno_forecast,280,metar,11.0,metar,,,1020.0,metar,0,metno_forecast,1,metno_forecast
2026,1,29,13,-11.0,metar,51,metar,0.0,metno_forecast,282,metno_forecast,9.0,metar,,,1020.0,metar,0,metno_forecast,1,metno_forecast
2026,1,29,14,-9.0,metar,48,metar,0.0,metno_forecast,290,metno_forecast,11.5,metno_forecast,,,1020.0,metar,0,metno_forecast,1,metno_forecast
2026,1,29,15,-9.0,metar,49,metar,0.0,metno_forecast,280,metno_forecast,9.0,metar,,,1020.0,metar,0,metno_forecast,1,metno_forecast
2026,1,29,16,-8.0,metar,45,metar,0.0,metno_forecast,280,metar,15.0,metar,,,1019.0,metar,0,metno_forecast,1,metno_forecast
2026,1,29,17,-7.0,metar,41,metar,0.0,metno_forecast,300,metar,13.0,metar,,,1019.0,metar,0,metno_forecast,1,metno_forecast
2026,1,29,18,-6.0,metar,39,metar,0.0,metno_forecast,270,metar,13.0,metar,15.0,metar,1019.0,metar,0,metno_forecast,1,metno_forecast
2026,1,29,19,-6.0,metar,38,metar,0.0,metno_forecast,280,metar,17.0,metar,16.0,metar,1019.0,metar,0,metno_forecast,1,metno_forecast
2026,1,29,20,-5.0,metar,36,metar,0.0,metno_forecast,230,metno_forecast,11.0,metar,14.0,metar,1019.0,metar,2,metar,1,metno_forecast
2026,1,29,21,-6.0,metar,40,metar,0.0,metno_forecast,300,metar,11.0,metar,,,1019.0,metar,0,metno_forecast,1,metno_forecast
2026,1,29,22,-6.0,metar,40,metar,0.0,metno_forecast,280,metar,15.0,metar,,,1020.0,metar,0,metno_forecast,1,metno_forecast
2026,1,29,23,-6.0,metar,43,metar,0.0,metno_forecast,0,metar,0.0,metar,,,1020.0,metar,0,metno_forecast,1,metno_forecast
2026,1,30,0,-7.0,metar,43,metar,0.0,metno_forecast,290,metar,13.0,metar,,,1021.0,metar,0,metno_forecast,1,metno_forecast
2026,1,30,1,-7.0,metar,47,metar,0.0,metno_forecast,280,metar,13.0,metar,,,1021.0,metar,0,metno_forecast,1,metno_forecast
2026,1,30,2,-8.0,metar,51,metar,0.0,metno_forecast,280,metar,17.0,metar,20.0,metar,1021.0,metar,0,metno_forecast,1,metno_forecast
2026,1,30,3,-8.0,metar,46,metar,0.0,metno_forecast,289,metno_forecast,11.0,metar,19.0,metar,1021.0,metar,0,metno_forecast,1,metno_forecast
2026,1,30,4,-9.0,metar,47,metar,0.0,metno_forecast,280,metar,9.0,metar,,,1021.0,metar,0,metno_forecast,1,metno_forecast
2026,1,30,5,-9.0,metar,48,metar,0.0,metno_forecast,280,metar,17.0,metar,18.0,metar,1021.0,metar,4,metar,1,metno_forecast
2026,1,30,6,-10.0,metar,48,metar,0.0,metno_forecast,280,metar,11.0,metar,,,1021.0,metar,2,metar,1,metno_forecast
2026,1,30,7,-11.0,metar,51,metar,0.0,metno_forecast,287,metno_forecast,9.0,metar,15.0,metar,1021.0,metar,0,metno_forecast,1,metno_forecast
2026,1,30,8,-12.0,metar,48,metar,0.0,metno_forecast,289,metno_forecast,11.0,metar,,,1021.0,metar,0,metno_forecast,1,metno_forecast
2026,1,30,9,-12.0,metar,48,metar,0.0,metno_forecast,295,metno_forecast,7.0,metar,,,1021.0,metar,0,metno_forecast,1,metno_forecast
2026,1,30,10,-12.0,metar,48,metar,0.0,metno_forecast,290,metno_forecast,7.0,metar,16.0,metar,1021.0,metar,0,metno_forecast,1,metno_forecast
2026,1,30,11,-13.0,metar,47,metar,0.0,metno_forecast,300,metar,13.0,metar,,,1022.0,metar,0,metno_forecast,1,metno_forecast
2026,1,30,12,-13.0,metar,50,metar,0.0,metno_forecast,290,metar,17.0,metar,17.0,metar,1022.0,metar,0,metno_forecast,1,metno_forecast
2026,1,30,13,-13.0,metar,50,metar,0.0,metno_forecast,280,metar,17.0,metar,21.0,metar,1022.0,metar,0,metno_forecast,1,metno_forecast
2026,1,30,14,-12.0,metar,43,metar,0.0,metno_forecast,290,metar,17.0,metar,19.0,metar,1023.0,metar,0,metno_forecast,1,metno_forecast
2026,1,30,15,-11.0,metar,40,metar,0.0,metno_forecast,273,metno_forecast,9.0,metar,19.0,metar,1023.0,metar,0,metno_forecast,1,metno_forecast
2026,1,30,16,-10.0,metar,38,metar,0.0,metno_forecast,280,metar,15.0,metar,20.0,metar,1022.0,metar,0,metno_forecast,1,metno_forecast
2026,1,30,17,-9.0,metar,35,metar,0.0,metno_forecast,300,metar,15.0,metar,16.0,metar,1021.0,metar,0,metno_forecast,1,metno_forecast
2026,1,30,18,-8.0,metar,35,metar,0.0,metno_forecast,280,metar,19.0,metar,20.0,metar,1021.0,metar,0,metno_forecast,1,metno_forecast
2026,1,30,19,-8.0,metar,33,metar,0.0,metno_forecast,280,metar,17.0,metar,17.0,metar,1021.0,metar,0,metno_forecast,1,metno_forecast
2026,1,30,20,-8.0,metar,34,metar,0.0,metno_forecast,280,metno_forecast,12.2,metno_forecast,,,1021.0,metar,0,metno_forecast,1,metno_forecast
2026,1,30,21,-8.0,metar,33,metar,0.0,metno_forecast,280,metar,17.0,metar,19.0,metar,1021.0,metar,0,metno_forecast,1,metno_forecast
2026,1,30,22,-8.0,metar,37,metar,0.0,metno_forecast,290,metar,15.0,metar,,,1022.0,metar,0,metno_forecast,1,metno_forecast
2026,1,30,23,-9.0,metar,38,metar,0.0,metno_forecast,287,metno_forecast,11.0,metar,,,1022.0,metar,0,metno_forecast,1,metno_forecast
2026,1,31,0,-9.0,metar,40,metar,0.0,metno_forecast,293,metno_forecast,13.0,metno_forecast,,,1022.0,metar,0,metno_forecast,1,metno_forecast
2026,1,31,1,-11.0,metar,42,metar,0.0,metno_forecast,300,metar,17.0,metar,18.0,metar,1023.0,metar,0,metno_forecast,1,metno_forecast
2026,1,31,2,-11.0,metar,45,metar,0.0,metno_forecast,290,metar,13.0,metar,18.0,metar,1023.0,metar,0,metno_forecast,1,metno_forecast
2026,1,31,3,-11.0,metar,48,metar,0.0,metno_forecast,275,metno_forecast,6.0,metar,,,1023.0,metar,0,metno_forecast,1,metno_forecast
2026,1,31,4,-12.0,metar,50,metar,0.0,metno_forecast,284,metno_forecast,11.0,metar,,,1023.0,metar,0,metno_forecast,1,metno_forecast
2026,1,31,5,-12.0,metar,50,metar,0.0,metno_forecast,300,metar,15.0,metar,,,1023.0,metar,0,metno_forecast,1,metno_forecast
2026,1,31,6,-12.0,metar,50,metar,0.0,metno_forecast,300,metar,6.0,metar,,,1023.0,metar,0,metno_forecast,1,metno_forecast
2026,1,31,7,-12.0,metar,55,metar,0.0,metno_forecast,300,metar,9.0,metar,,,1022.0,metar,0,metno_forecast,1,metno_forecast
2026,1,31,8,-12.0,metar,55,metar,0.0,metno_forecast,282,metno_forecast,7.0,metar,,,1022.0,metar,0,metno_forecast,1,metno_forecast
2026,1,31,9,-12.0,metar,55,metar,0.0,metno_forecast,0,metar,0.0,metar,,,1022.0,metar,2,metno_forecast,1,metno_forecast
2026,1,31,10,-12.0,metar,60,metar,0.0,metno_forecast,290,metar,7.0,metar,,,1022.0,metar,5,metno_forecast,2,metno_forecast
2026,1,31,11,-12.0,metar,60,metar,0.0,metno_forecast,316,metno_forecast,6.0,metar,,,1023.0,metar,6,metno_forecast,3,metno_forecast
2026,1,31,12,-12.0,metar,61,metar,0.0,metno_forecast,326,metno_forecast,7.0,metar,,,1023.0,metar,6,metar,3,metno_forecast
2026,1,31,13,-11.0,metar,61,metar,0.0,metno_forecast,337,metno_forecast,6.0,metar,,,1023.0,metar,2,metar,3,metno_forecast
2026,1,31,14,-10.0,metar,58,metar,0.0,metno_forecast,300,metar,13.0,metar,,,1023.0,metar,6,metar,3,metno_forecast
2026,1,31,15,-8.0,metar,53,metar,0.0,metno_forecast,13,metno_forecast,6.0,metar,,,1022.0,metar,8,metar,3,metno_forecast
2026,1,31,16,-7.0,metar,52,metar,0.0,metno_forecast,74,metno_forecast,7.0,metar,,,1021.0,metar,6,metar,3,metno_forecast
2026,1,31,17,-6.0,metar,47,metar,0.0,metno_forecast,350,metar,11.0,metar,,,1020.0,metar,0,metno_forecast,3,metno_forecast
2026,1,31,18,-6.0,metar,47,metar,0.0,metno_forecast,323,metno_forecast,7.0,metar,,,1020.0,metar,1,metno_forecast,1,metno_forecast
2026,1,31,19,-4.0,metar,43,metar,0.0,metno_forecast,0,metar,0.0,metar,,,1020.0,metar,4,metno_forecast,1,metno_forecast
2026,1,31,20,-5.0,metar,43,metar,0.0,metno_forecast,178,metno_forecast,6.0,metar,,,1019.0,metar,7,metno_forecast,3,metno_forecast
2026,1,31,21,-5.0,metar,43,metar,0.0,metno_forecast,0,metar,0.0,metar,,,1019.0,metar,4,metno_forecast,3,metno_forecast
2026,1,31,22,-6.0,metar,45,metar,0.0,metno_forecast,20,metar,6.0,metar,,,1019.0,metar,8,metno_forecast,3,metno_forecast
2026,1,31,23,-6.0,metar,45,metar,0.0,metno_forecast,10,metar,11.0,metar,,,1019.0,metar,8,metno_forecast,3,metno_forecast
2026,2,1,0,-6.0,metar,45,metar,0.0,metno_forecast,20,metar,19.0,metar,19.0,metar,1018.0,metar,7,metno_forecast,3,metno_forecast
2026,2,1,1,-7.0,metar,51,metar,0.0,metno_forecast,30,metar,22.0,metar,21.0,metar,1018.0,metar,7,metno_forecast,3,metno_forecast
2026,2,1,2,-8.0,metar,51,metar,0.0,metno_forecast,4,metno_forecast,9.0,metar,21.0,metar,1017.0,metar,8,metno_forecast,3,metno_forecast
2026,2,1,3,-9.0,metar,53,metar,0.0,metno_forecast,10,metno_forecast,16.6,metno_forecast,,,1018.0,metar,8,metno_forecast,3,metno_forecast
2026,2,1,4,-9.0,metar,55,metar,0.0,metno_forecast,360,metar,24.0,metar,21.0,metar,1017.0,metar,8,metno_forecast,3,metno_forecast
2026,2,1,5,-10.0,metar,56,metar,0.0,metno_forecast,20,metar,15.0,metar,20.0,metar,1016.0,metar,8,metno_forecast,3,metno_forecast
2026,2,1,6,-11.0,metar,56,metar,0.0,metno_forecast,30,metar,15.0,metar,15.0,metar,1015.0,metar,8,metno_forecast,3,metno_forecast
2026,2,1,7,-11.0,metar,56,metar,0.0,metno_forecast,10,metar,20.0,metar,22.0,metar,1013.0,metar,8,metno_forecast,3,metno_forecast
2026,2,1,8,-11.0,metar,55,metar,0.0,metno_forecast,10,metar,17.0,metar,21.0,metar,1013.0,metar,8,metno_forecast,3,metno_forecast
2026,2,1,9,-12.0,metar,58,metar,0.0,metno_forecast,20,metar,13.0,metar,19.0,metar,1013.0,metar,8,metno_forecast,3,metno_forecast
2026,2,1,10,-12.0,metar,58,metar,0.0,metno_forecast,20,metar,17.0,metar,24.0,metar,1013.0,metar,6,metar,3,metno_forecast
2026,2,1,11,-12.0,metar,60,metar,0.0,metno_forecast,350,metar,22.0,metar,24.0,metar,1012.0,metar,8,metar,3,metno_forecast
2026,2,1,12,-12.0,metar,60,metar,0.0,metno_forecast,340,metar,15.0,metar,27.0,metar,1012.0,metar,8,metar,5,metar
2026,2,1,13,-12.0,metar,57,metar,0.0,metno_forecast,20,metar,24.0,metar,26.0,metar,1013.0,metar,4,metar,3,metno_forecast
2026,2,1,14,-11.0,metar,53,metar,0.0,metno_forecast,20,metar,19.0,metar,26.0,metar,1013.0,metar,8,metno_forecast,3,metno_forecast
2026,2,1,15,-10.0,metar,51,metar,0.0,metno_forecast,348,metno_forecast,11.0,metar,,,1012.0,metar,8,metno_forecast,3,metno_forecast
2026,2,1,16,-9.0,metar,44,metar,0.0,metno_forecast,290,metar,20.0,metar,20.0,metar,1011.0,metar,8,metno_forecast,3,metno_forecast
2026,2,1,17,-8.0,metar,40,metar,0.0,metno_forecast,320,metar,13.0,metar,25.0,metar,1010.0,metar,8,metno_forecast,3,metno_forecast
2026,2,1,18,-6.0,metar,36,metar,0.0,metno_forecast,350,metar,17.0,metar,21.0,metar,1010.0,metar,8,metno_forecast,3,metno_forecast
2026,2,1,19,-6.0,metar,36,metar,0.0,metno_forecast,300,metar,22.0,metar,20.0,metar,1009.0,metar,7,metno_forecast,3,metno_forecast
2026,2,1,20,-4.0,metar,34,metar,0.0,metno_forecast,300,metar,17.0,metar,22.0,metar,1009.0,metar,8,metno_forecast,3,metno_forecast
2026,2,1,21,-5.0,metar,38,metar,0.0,metno_forecast,300,metar,17.0,metar,17.0,metar,1010.0,metar,6,metno_forecast,3,metno_forecast
2026,2,1,22,-6.0,metar,43,metar,0.0,metno_forecast,300,metar,17.0,metar,18.0,metar,1010.0,metar,8,metno_forecast,3,metno_forecast
2026,2,1,23,-7.0,metar,43,metar,0.0,metno_forecast,290,metar,20.0,metar,19.0,metar,1011.0,metar,8,metno_forecast,3,metno_forecast
2026,2,2,0,-7.0,metar,45,metar,0.0,metno_forecast,300,metar,15.0,metar,17.0,metar,1011.0,metar,8,metno_forecast,3,metno_forecast
2026,2,2,1,-8.0,metar,47,metar,0.0,metno_forecast,300,metar,19.0,metar,18.0,metar,1012.0,metar,7,metno_forecast,3,metno_forecast
2026,2,2,2,-8.0,metar,49,metar,0.0,metno_forecast,323,metno_forecast,11.0,metar,,,1012.0,metar,8,metno_forecast,3,metno_forecast
2026,2,2,3,-8.0,metar,53,metar,0.0,metno_forecast,290,metar,13.0,metar,,,1013.0,metar,7,metno_forecast,3,metno_forecast
2026,2,2,4,-9.0,metar,53,metar,0.0,metno_forecast,326,metno_forecast,7.0,metar,17.0,metar,1014.0,metar,8,metno_forecast,3,metno_forecast
2026,2,2,5,-9.0,metar,55,metar,0.0,metno_forecast,290,metar,13.0,metar,,,1014.0,metar,7,metno_forecast,3,metno_forecast
2026,2,2,6,-9.0,metar,51,metar,0.0,metno_forecast,300,metar,13.0,metar,16.0,metar,1014.0,metar,8,metno_forecast,3,metno_forecast
2026,2,2,7,-9.0,metar,46,metar,0.0,metno_forecast,300,metar,11.0,metar,16.0,metar,1014.0,metar,8,metno_forecast,3,metno_forecast
2026,2,2,8,-9.0,metar,44,metar,0.0,metno_forecast,325,metno_forecast,7.0,metar,,,1015.0,metar,0,metno_forecast,3,metno_forecast
2026,2,2,9,-9.0,metar,47,metar,0.0,metno_forecast,310,metar,17.0,metar,14.0,metar,1015.0,metar,0,metno_forecast,1,metno_forecast
2026,2,2,10,-9.0,metar,49,metar,0.0,metno_forecast,300,metar,17.0,metar,18.0,metar,1016.0,metar,0,metno_forecast,1,metno_forecast
2026,2,2,11,-8.0,metar,46,metar,0.0,metno_forecast,290,metar,9.0,metar,,,1016.0,metar,0,metno_forecast,1,metno_forecast
2026,2,2,12,-8.0,metar,49,metar,0.0,metno_forecast,310,metar,15.0,metar,,,1017.0,metar,0,metno_forecast,1,metno_forecast
2026,2,2,13,-7.0,metar,45,metar,0.0,metno_forecast,300,metar,17.0,metar,16.0,metar,1017.0,metar,0,metno_forecast,1,metno_forecast
2026,2,2,14,-5.0,metar,42,metar,0.0,metno_forecast,315,metno_forecast,14.0,metno_forecast,,,1017.0,metar,0,metno_forecast,1,metno_forecast
2026,2,2,15,-3.0,metar,42,metar,0.0,metno_forecast,290,metar,20.0,metar,17.0,metar,1017.0,metar,0,metno_forecast,1,metno_forecast
2026,2,2,16,-2.0,metar,40,metar,0.0,metno_forecast,300,metar,20.0,metar,18.0,metar,1016.0,metar,0,metno_forecast,1,metno_forecast
2026,2,2,17,-1.0,metar,36,metar,0.0,metno_forecast,290,metar,20.0,metar,20.0,metar,1016.0,metar,0,metno_forecast,1,metno_forecast
2026,2,2,18,1.0,metar,35,metar,0.0,metno_forecast,300,metar,13.0,metar,,,1016.0,metar,0,metno_forecast,1,metno_forecast
2026,2,2,19,1.0,metar,33,metar,0.0,metno_forecast,310,metar,13.0,metar,16.0,metar,1016.0,metar,0,metno_forecast,1,metno_forecast
2026,2,2,20,2.0,metar,30,metar,0.0,metno_forecast,290,metar,13.0,metar,15.0,metar,1017.0,metar,0,metno_forecast,1,metno_forecast
2026,2,2,21,1.0,metar,35,metar,0.0,metno_forecast,296,metno_forecast,9.0,metar,,,1017.0,metar,0,metno_forecast,1,metno_forecast
2026,2,2,22,0.0,metar,38,metar,0.0,metno_forecast,290,metar,11.0,metar,,,1018.0,metar,0,metno_forecast,1,metno_forecast
2026,2,2,23,-1.0,metar,41,metar,0.0,metno_forecast,304,metno_forecast,13.7,metno_forecast,,,1019.0,metar,0,metno_forecast,1,metno_forecast
2026,2,3,0,-2.0,metar,45,metar,0.0,metno_forecast,308,metno_forecast,9.0,metar,,,1019.0,metar,0,metno_forecast,1,metno_forecast
2026,2,3,1,-2.0,metar,43,metar,0.0,metno_forecast,280,metar,15.0,metar,,,1020.0,metar,0,metno_forecast,1,metno_forecast
2026,2,3,2,-2.0,metar,44,metar,0.0,metno_forecast,290,metar,13.0,metar,,,1020.0,metar,0,metno_forecast,1,metno_forecast
2026,2,3,3,-3.0,metar,46,metar,0.0,metno_forecast,293,metno_forecast,7.0,metar,,,1020.0,metar,0,metno_forecast,1,metno_forecast
2026,2,3,4,-3.0,metar,44,metar,0.0,metno_forecast,270,metar,9.0,metar,,,1020.0,metar,0,metno_forecast,1,metno_forecast
2026,2,3,5,-3.0,metar,46,metar,0.0,metno_forecast,0,metar,0.0,metar,,,1020.0,metar,0,metno_forecast,1,metno_forecast
2026,2,3,6,-3.0,metar,44,metar,0.0,metno_forecast,280,metar,13.0,metar,,,1020.0,metar,0,metno_forecast,1,metno_forecast
2026,2,3,7,-4.0,metar,46,metar,0.0,metno_forecast,280,metar,13.0,metar,,,1021.0,metar,0,metno_forecast,1,metno_forecast
2026,2,3,8,-4.0,metar,48,metar,0.0,metno_forecast,270,metar,7.0,metar,,,1021.0,metar,0,metno_forecast,1,metno_forecast
2026,2,3,9,-4.0,metar,48,metar,0.0,metno_forecast,284,metno_forecast,9.0,metar,,,1021.0,metar,0,metno_forecast,1,metno_forecast
2026,2,3,10,-5.0,metar,52,metar,0.0,metno_forecast,270,metar,9.0,metar,,,1021.0,metar,0,metno_forecast,1,metno_forecast
2026,2,3,11,-4.0,metar,50,metar,0.0,metno_forecast,270,metar,9.0,metar,,,1021.0,metar,0,metno_forecast,1,metno_forecast
2026,2,3,12,-4.0,metar,48,metar,0.0,metno_forecast,280,metar,9.0,metar,,,1022.0,metar,0,metno_forecast,1,metno_forecast
2026,2,3,13,-4.0,metar,46,metar,0.0,metno_forecast,293,metno_forecast,9.0,metar,,,1022.0,metar,8,metar,1,metno_forecast
2026,2,3,14,-3.3,metar,46,metar,0.0,metno_forecast,280,metar,5.0,metar,,,1022.3,metno_forecast,8,metar,1,metno_forecast
2026,2,3,15,-3.0,metar,44,metar,0.0,metno_forecast,280,metar,11.0,metar,,,1023.0,metar,8,metar,1,metno_forecast
2026,2,3,16,-2.0,metar,45,metar,0.0,metno_forecast,0,metar,0.0,metar,,,1022.0,metar,8,metar,1,metno_forecast
2026,2,3,17,-1.0,metar,45,metar,0.0,metno_forecast,0,metar,0.0,metar,,,1022.0,metar,8,metar,2,metno_forecast
2026,2,3,18,0.0,metar,47,metar,0.0,metno_forecast,0,metar,0.0,metar,,,1021.0,metar,4,metar,1,metno_forecast
2026,2,3,19,1.0,metar,45,metar,0.0,metno_forecast,163,metno_forecast,9.0,metar,,,1021.0,metar,4,metar,1,metno_forecast
2026,2,3,20,1.0,metar,43,metar,0.0,metno_forecast,161,metno_forecast,6.0,metar,,,1021.0,metar,8,metar,1,metno_forecast
2026,2,3,21,1.0,metar,43,metar,0.0,metno_forecast,206,metno_forecast,7.0,metar,,,1021.0,metar,6,metar,1,metno_forecast
2026,2,3,22,0.0,metar,43,metar,0.0,metno_forecast,260,metar,11.0,metar,,,1022.0,metar,2,metar,3,metno_forecast
2026,2,3,23,0.0,metar,45,metar,0.0,metno_forecast,227,metno_forecast,7.0,metar,,,1022.0,metar,8,metar,3,metno_forecast
2026,2,4,0,0.0,metar,47,metar,0.0,metno_forecast,290,metar,9.0,metar,,,1022.0,metar,8,metar,3,metno_forecast
2026,2,4,1,0.0,metar,45,metar,0.0,metno_forecast,252,metno_forecast,11.0,metar,,,1022.0,metar,8,metar,3,metno_forecast
2026,2,4,2,-1.0,metar,45,metar,0.0,metno_forecast,250,metno_forecast,9.0,metar,,,1022.0,metar,2,metar,3,metno_forecast
2026,2,4,3,-1.0,metar,45,metar,0.0,metno_forecast,260,metar,9.0,metar,,,1022.0,metar,8,metno_forecast,2,metno_forecast
2026,2,4,4,-1.0,metar,47,metar,0.0,metno_forecast,0,metar,0.0,metar,,,1022.0,metar,0,metno_forecast,3,metno_forecast
2026,2,4,5,-1.0,metar,49,metar,0.0,metno_forecast,290,metar,9.0,metar,,,1022.0,metar,8,metar,1,metno_forecast
2026,2,4,6,-1.0,metar,47,metar,0.0,metno_forecast,0,metar,0.0,metar,,,1022.0,metar,8,metar,3,metno_forecast
2026,2,4,7,-1.0,metar,49,metar,0.0,metno_forecast,240,metar,6.0,metar,,,1022.0,metar,8,metar,3,metno_forecast
2026,2,4,8,-1.0,metar,53,metar,0.0,metno_forecast,249,metno_forecast,6.0,metar,,,1022.0,metar,8,metar,3,metno_forecast
2026,2,4,9,-1.0,metar,55,metar,0.0,metno_forecast,270,metar,6.0,metar,,,1022.0,metar,8,metar,3,metno_forecast
2026,2,4,10,-1.0,metar,54,metar,0.0,metno_forecast,260,metar,6.0,metar,,,1022.0,metar,8,metar,3,metno_forecast
2026,2,4,11,-1.0,metar,54,metar,0.0,metno_forecast,290,metar,7.0,metar,,,1022.0,metar,8,metar,3,metno_forecast
2026,2,4,12,-1.0,metar,51,metar,0.0,metno_forecast,311,metno_forecast,7.0,metar,,,1023.0,metar,2,metar,3,metno_forecast
2026,2,4,13,-2.0,metar,58,metar,0.0,metno_forecast,310,metar,15.0,metar,15.0,metar,1024.0,metar,6,metar,2,metno_forecast
2026,2,4,14,-2.0,metar,51,metar,0.0,metno_forecast,330,metno_forecast,6.0,metar,,,1024.0,metar,8,metar,1,metno_forecast
2026,2,4,15,-2.0,metar,39,metar,0.0,metno_forecast,300,metar,13.0,metar,,,1024.0,metar,0,metno_forecast,1,metno_forecast
2026,2,4,16,-2.0,metar,39,metar,0.0,metno_forecast,325,metno_forecast,6.0,metar,19.0,metar,1024.0,metar,0,metno_forecast,1,metno_forecast
2026,2,4,17,-1.0,metar,37,metar,0.0,metno_forecast,331,metno_forecast,11.0,metar,,,1023.0,metar,0,metno_forecast,1,metno_forecast
2026,2,4,18,-1.0,metar,34,metar,0.0,metno_forecast,280,metar,7.0,metar,,,1023.0,metar,0,metno_forecast,1,metno_forecast
2026,2,4,19,0.0,metar,34,metar,0.0,metno_forecast,299,metno_forecast,9.0,metar,,,1022.0,metar,0,metno_forecast,1,metno_forecast
2026,2,4,20,1.0,metar,35,metar,0.0,metno_forecast,281,metno_forecast,11.0,metar,,,1022.0,metar,0,metno_forecast,1,metno_forecast
2026,2,4,21,0.0,metar,36,metar,0.0,metno_forecast,263,metno_forecast,3.6,metno_forecast,,,1022.0,metar,0,metno_forecast,1,metno_forecast
2026,2,4,22,0.0,metar,36,metar,0.0,metno_forecast,270,metar,9.0,metar,,,1023.0,metar,0,metno_forecast,1,metno_forecast
2026,2,4,23,-1.0,metar,39,metar,0.0,metno_forecast,287,metno_forecast,7.0,metar,,,1023.0,metar,8,metno_forecast,1,metno_forecast
2026,2,5,0,-1.0,metar,38,metar,0.0,metno_forecast,300,metar,11.0,metar,,,1023.0,metar,7,metno_forecast,3,metno_forecast
2026,2,5,1,-2.0,metar,41,metar,0.0,metno_forecast,319,metno_forecast,6.0,metar,,,1023.0,metar,8,metno_forecast,3,metno_forecast
2026,2,5,2,-2.0,metar,40,metar,0.0,metno_forecast,0,metar,0.0,metar,,,1023.0,metar,8,metno_forecast,3,metno_forecast
2026,2,5,3,-2.0,metar,40,metar,0.0,metno_forecast,330,metar,9.0,metar,,,1023.0,metar,8,metno_forecast,3,metno_forecast
2026,2,5,4,-3.0,metar,44,metar,0.0,metno_forecast,0,metar,0.0,metar,,,1022.0,metar,8,metno_forecast,3,metno_forecast
2026,2,5,5,-4.0,metar,48,metar,0.0,metno_forecast,0,metar,0.0,metar,,,1022.0,metar,6,metno_forecast,3,metno_forecast
2026,2,5,6,-4.0,metar,52,metar,0.0,metno_forecast,324,metno_forecast,6.0,metar,,,1021.0,metar,3,metno_forecast,3,metno_forecast
2026,2,5,7,-5.0,metar,54,metar,0.0,metno_forecast,322,metno_forecast,6.0,metar,,,1021.0,metar,0,metno_forecast,3,metno_forecast
2026,2,5,8,-6.0,metar,57,metar,0.0,metno_forecast,322,metno_forecast,7.0,metar,,,1020.0,metar,0,metno_forecast,1,metno_forecast
2026,2,5,9,-6.0,metar,59,metar,0.0,metno_forecast,290,metar,7.0,metar,,,1021.0,metar,0,metno_forecast,1,metno_forecast
2026,2,5,10,-6.0,metar,59,metar,0.0,metno_forecast,336,metno_forecast,6.0,metar,,,1021.0,metar,0,metno_forecast,1,metno_forecast
2026,2,5,11,-7.0,metar,62,metar,0.0,metno_forecast,0,metar,0.0,metar,,,1020.0,metar,0,metno_forecast,1,metno_forecast
2026,2,5,12,-6.7,metar,65,metar,0.0,metno_forecast,0,metar,0.0,metar,,,1020.9,metno_forecast,0,metno_forecast,1,metno_forecast
2026,2,5,13,-6.0,metar,59,metar,0.0,metno_forecast,344,metno_forecast,6.0,metar,,,1020.0,metar,0,metno_forecast,1,metno_forecast
2026,2,5,14,-5.0,metar,57,metar,0.0,metno_forecast,342,metno_forecast,7.0,metar,,,1020.0,metar,0,metno_forecast,1,metno_forecast
2026,2,5,15,-4.0,metar,53,metar,0.0,metno_forecast,343,metno_forecast,6.0,metar,,,1020.0,metar,0,metno_forecast,1,metno_forecast
2026,2,5,16,-2.0,metar,48,metar,0.0,metno_forecast,360,metar,9.0,metar,,,1019.0,metar,0,metno_forecast,1,metno_forecast
2026,2,5,17,-2.0,metar,45,metar,0.0,metno_forecast,0,metar,0.0,metar,,,1018.0,metar,0,metno_forecast,1,metno_forecast
2026,2,5,18,-1.0,metar,43,metar,0.0,metno_forecast,0,metar,0.0,metar,,,1017.0,metar,0,metno_forecast,1,metno_forecast
2026,2,5,19,0.0,metar,41,metar,0.0,metno_forecast,308,metno_forecast,6.0,metar,,,1016.0,metar,0,metno_forecast,1,metno_forecast
2026,2,5,20,-1.0,metar,38,metar,0.0,metno_forecast,350,metar,9.0,metar,,,1015.0,metar,0,metno_forecast,1,metno_forecast
2026,2,5,21,-1.0,metar,41,metar,0.0,metno_forecast,0,metar,0.0,metar,,,1015.0,metar,0,metno_forecast,1,metno_forecast
2026,2,5,22,-1.0,metar,43,metar,0.0,metno_forecast,0,metar,0.0,metar,,,1015.0,metar,0,metno_forecast,1,metno_forecast
2026,2,5,23,-1.0,metar,43,metar,0.0,metno_forecast,50,metar,7.0,metar,,,1015.0,metar,0,metno_forecast,1,metno_forecast
2026,2,6,0,-1.7,metar,45,metar,0.0,metno_forecast,60,metar,4.0,metar,,,1015.5,metno_forecast,0,metno_forecast,1,metno_forecast
2026,2,6,1,-1.7,metar,45,metar,0.0,metno_forecast,50,metar,5.0,metar,,,1015.1,metno_forecast,0,metno_forecast,1,metno_forecast
2026,2,6,2,-2.0,metar,46,metar,0.0,metno_forecast,40,metar,6.0,metar,,,1013.0,metar,0,metno_forecast,1,metno_forecast
2026,2,6,3,-2.0,metar,48,metar,0.0,metno_forecast,20,metar,13.0,metar,,,1013.0,metar,1,metno_forecast,1,metno_forecast
2026,2,6,4,-3.0,metar,46,metar,0.0,metno_forecast,356,metno_forecast,9.0,metar,,,1013.0,metar,0,metno_forecast,1,metno_forecast
2026,2,6,5,-3.0,metar,42,metar,0.0,metno_forecast,1,metno_forecast,7.0,metar,,,1013.0,metar,0,metno_forecast,1,metno_forecast
2026,2,6,6,-3.0,metar,48,metar,0.0,metno_forecast,10,metar,9.0,metar,,,1012.0,metar,2,metno_forecast,1,metno_forecast
2026,2,6,7,-4.0,metar,55,metar,0.0,metno_forecast,10,metar,7.0,metar,,,1012.0,metar,4,metno_forecast,2,metno_forecast
2026,2,6,8,-4.0,metar,55,metar,0.0,metno_forecast,40,metar,9.0,metar,,,1011.0,metar,4,metno_forecast,3,metno_forecast
2026,2,6,9,-4.0,metar,50,metar,0.0,metno_forecast,20,metar,7.0,metar,,,1010.0,metar,8,metno_forecast,3,metno_forecast
2026,2,6,10,-5.0,metar,59,metar,0.0,metno_forecast,20,metar,7.0,metar,,,1010.0,metar,8,metno_forecast,3,metno_forecast
2026,2,6,11,-4.0,metar,50,metar,0.0,metno_forecast,30,metar,7.0,metar,,,1010.0,metar,8,metno_forecast,3,metno_forecast
2026,2,6,12,-4.0,metar,50,metar,0.0,metno_forecast,30,metar,7.0,metar,,,1009.0,metar,8,metno_forecast,3,metno_forecast
2026,2,6,13,-3.0,metar,48,metar,0.0,metno_forecast,40,metar,9.0,metar,,,1009.0,metar,6,metar,3,metno_forecast
2026,2,6,14,-2.0,metar,45,metar,0.0,metno_forecast,90,metar,9.0,metar,,,1008.0,metar,2,metar,3,metno_forecast
2026,2,6,15,-2.0,metar,46,metar,0.0,metno_forecast,8,metno_forecast,6.0,metar,,,1007.0,metar,5,metno_forecast,3,metno_forecast
2026,2,6,16,-1.0,metar,45,metar,0.0,metno_forecast,351,metno_forecast,6.0,metar,,,1006.0,metar,2,metar,3,metno_forecast
2026,2,6,17,0.0,metar,43,metar,0.0,metno_forecast,349,metno_forecast,6.0,metar,,,1005.0,metar,2,metar,3,metno_forecast
2026,2,6,18,0.0,metar,43,metar,0.0,metno_forecast,290,metar,6.0,metar,,,1004.0,metar,6,metar,3,metno_forecast
2026,2,6,19,0.0,metar,43,metar,0.0,metno_forecast,0,metar,0.0,metar,,,1004.0,metar,8,metar,3,metno_forecast
2026,2,6,20,0.0,metar,47,metar,0.0,metno_forecast,220,metar,11.0,metar,,,1004.0,metar,6,metar,3,metno_forecast
2026,2,6,21,0.0,metar,43,metar,0.0,metno_forecast,181,metno_forecast,3.6,metno_forecast,,,1003.0,metar,8,metar,3,metno_forecast
2026,2,6,22,-1.0,metar,45,metar,0.0,metno_forecast,230,metar,13.0,metar,,,1003.0,metar,8,metar,3,metno_forecast
2026,2,6,23,-1.0,metar,49,metar,0.0,metno_forecast,260,metar,9.0,metar,,,1003.0,metar,6,metar,3,metno_forecast
2026,2,7,0,-1.0,metar,55,metar,0.0,metno_forecast,195,metno_forecast,9.0,metar,,,1003.0,metar,4,metar,3,metno_forecast
2026,2,7,1,-2.0,metar,66,metar,0.1,metno_forecast,250,metar,15.0,metar,,,1003.0,metar,8,metar,14,metno_forecast
2026,2,7,2,-3.0,metar,75,metar,0.0,metar,270,metar,11.0,metar,14.0,metar,1003.0,metar,6,metar,14,metno_forecast
2026,2,7,3,-3.0,metar,78,metar,0.0,metar,270,metar,11.0,metar,,,1003.0,metar,6,metar,14,metno_forecast
2026,2,7,4,-3.0,metar,78,metar,0.1,metar,218,metno_forecast,7.0,metar,,,1002.0,metar,2,metar,14,metno_forecast
2026,2,7,5,-3.0,metar,81,metar,0.0,metar,240,metar,5.0,metar,14.0,metar,1002.0,metar,6,metar,3,metno_forecast
2026,2,7,6,-3.0,metar,81,metar,0.0,metar,240,metar,13.0,metar,14.0,metar,1001.0,metar,4,metar,5,metar
2026,2,7,7,-3.0,metar,77,metar,0.1,metar,240,metno_forecast,6.0,metar,,,1001.0,metar,8,metar,5,metar
2026,2,7,8,-3.0,metar,81,metar,0.2,metar,290,metar,13.0,metar,,,1000.0,metar,6,metar,5,metar
2026,2,7,9,-3.0,metar,75,metar,0.1,metar,290,metar,15.0,metar,18.0,metar,1001.0,metar,2,metar,5,metar
2026,2,7,10,-4.0,metar,48,metar,0.0,metar,300,metar,19.0,metar,27.0,metar,1002.0,metar,8,metar,3,metno_forecast
2026,2,7,11,-7.0,metar,39,metar,0.0,metno_forecast,300,metar,24.0,metar,29.0,metar,1004.0,metar,8,metar,3,metno_forecast
2026,2,7,12,-8.0,metar,38,metar,0.0,metno_forecast,300,metar,26.0,metar,30.0,metar,1005.0,metar,8,metar,3,metno_forecast
2026,2,7,13,-10.0,metar,40,metar,0.0,metno_forecast,300,metar,37.0,metar,35.0,metar,1006.0,metar,8,metar,3,metno_forecast
2026,2,7,14,-12.0,metar,42,metar,0.0,metno_forecast,310,metar,33.0,metar,33.0,metar,1007.0,metar,8,metar,3,metno_forecast
2026,2,7,15,-11.0,metar,36,metar,0.0,metno_forecast,304,metno_forecast,23.4,metno_forecast,,,1008.0,metar,8,metar,2,metno_forecast
2026,2,7,16,-11.0,metar,38,metar,0.5,metar,300,metar,20.0,metar,29.0,metar,1007.0,metar,8,metar,2,metno_forecast
2026,2,7,17,-11.0,metar,38,metar,0.6,metar,310,metar,35.0,metar,34.0,metar,1007.0,metar,2,metar,2,metno_forecast
2026,2,7,18,-12.0,metar,38,metar,0.0,metno_forecast,300,metar,32.0,metar,38.0,metar,1008.0,metar,4,metar,2,metno_forecast
2026,2,7,19,-11.0,metar,36,metar,0.0,metno_forecast,300,metar,33.0,metar,34.0,metar,1009.0,metar,6,metar,2,metno_forecast
2026,2,7,20,-12.0,metar,36,metar,0.0,metno_forecast,300,metar,32.0,metar,39.0,metar,1010.0,metar,8,metar,3,metno_forecast
2026,2,7,21,-12.0,metar,36,metar,0.0,metno_forecast,300,metar,24.0,metar,34.0,metar,1012.0,metar,6,metar,3,metno_forecast
2026,2,7,22,-13.0,metar,35,metar,0.0,metno_forecast,300,metar,33.0,metar,35.0,metar,1014.0,metar,4,metar,3,metno_forecast
2026,2,7,23,-13.0,metar,37,metar,0.0,metno_forecast,300,metar,33.0,metar,39.0,metar,1016.0,metar,4,metar,3,metno_forecast
2026,2,8,0,-14.0,metar,41,metar,0.0,metno_forecast,300,metar,20.0,metar,24.0,metar,1016.0,metar,4,metar,3,metno_forecast
2026,2,8,1,-14.0,metar,41,metar,0.0,metno_forecast,300,metar,20.0,metar,27.0,metar,1017.0,metar,8,metar,3,metno_forecast
2026,2,8,2,-14.0,metar,43,metar,0.0,metno_forecast,300,metar,19.0,metar,28.0,metar,1018.0,metar,2,metar,3,metno_forecast
2026,2,8,3,-14.0,metar,44,metar,0.0,metno_forecast,290,metar,20.0,metar,22.0,metar,1018.0,metar,7,metno_forecast,3,metno_forecast
2026,2,8,4,-14.0,metar,44,metar,0.0,metno_forecast,300,metar,26.0,metar,27.0,metar,1018.0,metar,4,metno_forecast,3,metno_forecast
2026,2,8,5,-15.0,metar,45,metar,0.0,metno_forecast,330,metar,15.0,metar,22.0,metar,1019.0,metar,2,metno_forecast,3,metno_forecast
2026,2,8,6,-15.0,metar,45,metar,0.0,metno_forecast,300,metar,20.0,metar,23.0,metar,1019.0,metar,1,metno_forecast,2,metno_forecast
2026,2,8,7,-15.0,metar,45,metar,0.0,metno_forecast,300,metar,19.0,metar,25.0,metar,1020.0,metar,0,metno_forecast,1,metno_forecast
2026,2,8,8,-16.0,metar,44,metar,0.0,metno_forecast,300,metar,24.0,metar,23.0,metar,1020.0,metar,1,metno_forecast,1,metno_forecast
2026,2,8,9,-16.0,metar,47,metar,0.0,metno_forecast,300,metar,26.0,metar,25.0,metar,1020.0,metar,0,metno_forecast,1,metno_forecast
2026,2,8,10,-16.0,metar,49,metar,0.0,metno_forecast,300,metar,19.0,metar,24.0,metar,1021.0,metar,2,metar,1,metno_forecast
2026,2,8,11,-16.0,metar,46,metar,0.0,metno_forecast,300,metar,24.0,metar,26.0,metar,1021.0,metar,0,metno_forecast,1,metno_forecast
2026,2,8,12,-16.0,metar,44,metar,0.0,metno_forecast,300,metar,30.0,metar,26.0,metar,1022.0,metar,0,metno_forecast,1,metno_forecast
2026,2,8,13,-15.0,metar,45,metar,0.0,metno_forecast,320,metar,20.0,metar,25.0,metar,1022.0,metar,0,metno_forecast,1,metno_forecast
2026,2,8,14,-14.0,metar,40,metar,0.0,metno_forecast,300,metar,19.0,metar,26.0,metar,1022.0,metar,1,metno_forecast,1,metno_forecast
2026,2,8,15,-13.0,metar,41,metar,0.0,metno_forecast,290,metar,20.0,metar,27.0,metar,1022.0,metar,2,metno_forecast,1,metno_forecast
2026,2,8,16,-12.0,metar,36,metar,0.0,metno_forecast,300,metar,15.0,metar,24.0,metar,1022.0,metar,0,metno_forecast,2,metno_forecast
2026,2,8,17,-11.0,metar,33,metar,0.0,metno_forecast,300,metar,28.0,metar,25.0,metar,1021.0,metar,0,metno_forecast,1,metno_forecast
2026,2,8,18,-9.0,metar,33,metar,0.0,metno_forecast,280,metar,15.0,metar,19.0,metar,1021.0,metar,0,metno_forecast,1,metno_forecast
2026,2,8,19,-9.0,metar,35,metar,0.0,metno_forecast,300,metar,19.0,metar,,,1021.0,metar,0,metno_forecast,1,metno_forecast
2026,2,8,20,-8.0,metar,35,metar,0.0,metno_forecast,310,metar,17.0,metar,,,1022.0,metar,0,metno_forecast,1,metno_forecast
2026,2,8,21,-8.0,metar,35,metar,0.0,metno_forecast,300,metar,30.0,metar,,,1022.0,metar,0,metno_forecast,1,metno_forecast
2026,2,8,22,-8.0,metar,37,metar,0.0,metno_forecast,310,metar,26.0,metar,,,1023.0,metar,0,metno_forecast,1,metno_forecast
2026,2,8,23,-9.0,metar,40,metar,0.0,metno_forecast,300,metar,22.0,metar,,,1023.0,metar,0,metno_forecast,1,metno_forecast
2026,2,9,0,-10.0,metar,42,metar,0.0,metno_forecast,300,metar,26.0,metar,,,1023.0,metar,0,metno_forecast,1,metno_forecast
2026,2,9,1,-11.0,metar,44,metar,0.0,metno_forecast,325,metno_forecast,9.0,metar,,,1024.0,metar,0,metno_forecast,1,metno_forecast
2026,2,9,2,-11.0,metar,44,metar,0.0,metno_forecast,300,metar,19.0,metar,,,1024.0,metar,0,metno_forecast,1,metno_forecast
2026,2,9,3,-11.0,metar,48,metar,0.0,metno_forecast,290,metar,15.0,metar,,,1025.0,metar,0,metno_forecast,1,metno_forecast
2026,2,9,4,-12.0,metar,50,metar,0.0,metno_forecast,300,metar,13.0,metar,,,1025.0,metar,0,metno_forecast,1,metno_forecast
2026,2,9,5,-12.0,metar,50,metar,0.0,metno_forecast,300,metar,13.0,metar,,,1025.0,metar,0,metno_forecast,1,metno_forecast
2026,2,9,6,-12.0,metar,52,metar,0.0,metno_forecast,322,metno_forecast,7.0,metar,,,1025.0,metar,0,metno_forecast,1,metno_forecast
2026,2,9,7,-12.0,metar,52,metar,0.0,metno_forecast,290,metar,11.0,metar,,,1025.0,metar,0,metno_forecast,1,metno_forecast
2026,2,9,8,-12.0,metar,55,metar,0.0,metno_forecast,318,metno_forecast,10.4,metno_forecast,,,1025.0,metar,0,metno_forecast,1,metno_forecast
2026,2,9,9,-12.0,metar,55,metar,0.0,metno_forecast,290,metar,15.0,metar,,,1025.0,metar,0,metno_forecast,1,metno_forecast
2026,2,9,10,-12.0,metar,55,metar,0.0,metno_forecast,310,metar,17.0,metar,,,1025.0,metar,0,metno_forecast,1,metno_forecast
2026,2,9,11,-12.0,metar,53,metar,0.0,metno_forecast,300,metar,13.0,metar,,,1026.0,metar,0,metno_forecast,1,metno_forecast
2026,2,9,12,-12.0,metar,50,metar,0.0,metno_forecast,300,metar,11.0,metar,,,1026.0,metar,0,metno_forecast,1,metno_forecast
2026,2,9,13,-13.6,metno_forecast,70,metno_forecast,0.0,metno_forecast,331,metno_forecast,13.7,metno_forecast,,,1026.0,metno_forecast,0,metno_forecast,1,metno_forecast
2026,2,9,14,-9.0,metar,44,metar,0.0,metno_forecast,328,metno_forecast,7.0,metar,,,1026.0,metar,0,metno_forecast,1,metno_forecast
2026,2,9,15,-7.0,metar,41,metar,0.0,metno_forecast,319,metno_forecast,6.0,metar,,,1026.0,metar,0,metno_forecast,1,metno_forecast
2026,2,9,16,-5.0,metar,35,metar,0.0,metno_forecast,234,metno_forecast,9.0,metar,,,1026.0,metar,0,metno_forecast,1,metno_forecast
2026,2,9,17,-3.0,metar,34,metar,0.0,metno_forecast,280,metar,13.0,metar,,,1024.0,metar,2,metno_forecast,1,metno_forecast
2026,2,9,18,-2.0,metar,32,metar,0.0,metno_forecast,253,metno_forecast,9.0,metar,,,1024.0,metar,1,metno_forecast,2,metno_forecast
2026,2,9,19,-2.0,metar,31,metar,0.0,metno_forecast,253,metno_forecast,9.0,metar,,,1023.0,metar,0,metno_forecast,1,metno_forecast
2026,2,9,20,-1.0,metar,30,metar,0.0,metno_forecast,290,metar,15.0,metar,,,1023.0,metar,4,metno_forecast,1,metno_forecast
2026,2,9,21,-1.0,metar,31,metar,0.0,metno_forecast,270,metar,7.0,metar,,,1023.0,metar,4,metno_forecast,3,metno_forecast
2026,2,9,22,-1.0,metar,31,metar,0.0,metno_forecast,249,metno_forecast,9.0,metar,,,1023.0,metar,8,metno_forecast,3,metno_forecast
2026,2,9,23,-1.0,metar,32,metar,0.0,metno_forecast,271,metno_forecast,7.0,metar,,,1023.0,metar,8,metno_forecast,3,metno_forecast
2026,2,10,0,-6.6,metno_forecast,68,metno_forecast,0.0,metno_forecast,288,metno_forecast,9.4,metno_forecast,,,1023.3,metno_forecast,8,metno_forecast,3,metno_forecast
2026,2,10,1,-2.0,metar,34,metar,0.0,metno_forecast,310,metar,7.0,metar,,,1023.0,metar,8,metno_forecast,3,metno_forecast
2026,2,10,2,-6.9,metno_forecast,71,metno_forecast,0.0,metno_forecast,303,metno_forecast,7.2,metno_forecast,,,1023.7,metno_forecast,7,metno_forecast,3,metno_forecast
2026,2,10,3,-2.0,metar,34,metar,0.0,metno_forecast,280,metar,7.0,metar,,,1023.0,metar,8,metno_forecast,3,metno_forecast
2026,2,10,4,-10.4,metno_forecast,77,metno_forecast,0.0,metno_forecast,287,metno_forecast,4.0,metno_forecast,,,1022.9,metno_forecast,8,metno_forecast,3,metno_forecast
2026,2,10,5,-11.2,metno_forecast,79,metno_forecast,0.0,metno_forecast,299,metno_forecast,3.2,metno_forecast,,,1022.6,metno_forecast,8,metno_forecast,3,metno_forecast
2026,2,10,6,-12.4,metno_forecast,81,metno_forecast,0.0,metno_forecast,261,metno_forecast,4.0,metno_forecast,,,1022.5,metno_forecast,8,metno_forecast,3,metno_forecast
2026,2,10,7,-12.7,metno_forecast,81,metno_forecast,0.0,metno_forecast,293,metno_forecast,5.8,metno_forecast,,,1022.8,metno_forecast,8,metno_forecast,3,metno_forecast
2026,2,10,8,-13.4,metno_forecast,83,metno_forecast,0.0,metno_forecast,306,metno_forecast,5.4,metno_forecast,,,1022.5,metno_forecast,8,metno_forecast,3,metno_forecast
2026,2,10,9,-13.5,metno_forecast,83,metno_forecast,0.0,metno_forecast,332,metno_forecast,4.3,metno_forecast,,,1022.2,metno_forecast,8,metno_forecast,3,metno_forecast
2026,2,10,10,-14.0,metno_forecast,86,metno_forecast,0.0,metno_forecast,307,metno_forecast,4.0,metno_forecast,,,1022.4,metno_forecast,8,metno_forecast,3,metno_forecast
2026,2,10,11,-14.0,metno_forecast,87,metno_forecast,0.0,metno_forecast,327,metno_forecast,4.0,metno_forecast,,,1022.3,metno_forecast,8,metno_forecast,3,metno_forecast
2026,2,10,12,-13.3,metno_forecast,86,metno_forecast,0.0,metno_forecast,349,metno_forecast,4.3,metno_forecast,,,1022.1,metno_forecast,8,metno_forecast,3,metno_forecast
2026,2,10,13,-12.0,metno_forecast,85,metno_forecast,0.0,metno_forecast,8,metno_forecast,5.0,metno_forecast,,,1021.6,metno_forecast,8,metno_forecast,3,metno_forecast
2026,2,10,14,-10.7,metno_forecast,85,metno_forecast,0.0,metno_forecast,330,metno_forecast,4.0,metno_forecast,,,1021.7,metno_forecast,8,metno_forecast,3,metno_forecast
2026,2,10,15,-8.8,metno_forecast,86,metno_forecast,0.0,metno_forecast,222,metno_forecast,1.8,metno_forecast,,,1021.9,metno_forecast,8,metno_forecast,3,metno_forecast
2026,2,10,16,-7.6,metno_forecast,82,metno_forecast,0.0,metno_forecast,164,metno_forecast,2.5,metno_forecast,,,1021.3,metno_forecast,8,metno_forecast,3,metno_forecast
2026,2,10,17,-5.9,metno_forecast,79,metno_forecast,0.0,metno_forecast,156,metno_forecast,4.3,metno_forecast,,,1020.2,metno_forecast,8,metno_forecast,3,metno_forecast
2026,2,10,18,-4.5,metno_forecast,79,metno_forecast,0.0,metno_forecast,157,metno_forecast,4.3,metno_forecast,,,1018.4,metno_forecast,8,metno_forecast,3,metno_forecast
2026,2,10,19,-3.9,metno_forecast,78,metno_forecast,0.0,metno_forecast,142,metno_forecast,5.8,metno_forecast,,,1017.1,metno_forecast,8,metno_forecast,3,metno_forecast
2026,2,10,20,-3.2,metno_forecast,79,metno_forecast,0.0,metno_forecast,157,metno_forecast,6.8,metno_forecast,,,1016.3,metno_forecast,8,metno_forecast,3,metno_forecast
2026,2,10,21,-2.9,metno_forecast,81,metno_forecast,0.0,metno_forecast,119,metno_forecast,7.2,metno_forecast,,,1015.5,metno_forecast,8,metno_forecast,3,metno_forecast
2026,2,10,22,-2.8,metno_forecast,79,metno_forecast,0.0,metno_forecast,151,metno_forecast,10.8,metno_forecast,,,1014.0,metno_forecast,8,metno_forecast,3,metno_forecast
2026,2,10,23,-2.1,metno_forecast,79,metno_forecast,0.0,metno_forecast,165,metno_forecast,13.7,metno_forecast,,,1012.6,metno_forecast,8,metno_forecast,3,metno_forecast
2026,2,11,0,-1.2,metno_forecast,82,metno_forecast,0.0,metno_forecast,187,metno_forecast,13.0,metno_forecast,,,1011.9,metno_forecast,8,metno_forecast,3,metno_forecast
2026,2,11,1,-1.3,metno_forecast,83,metno_forecast,0.0,metno_forecast,308,metno_forecast,5.4,metno_forecast,,,1011.9,metno_forecast,8,metno_forecast,3,metno_forecast
2026,2,11,2,-1.8,metno_forecast,84,metno_forecast,0.0,metno_forecast,191,metno_forecast,5.0,metno_forecast,,,1010.4,metno_forecast,8,metno_forecast,3,metno_forecast
2026,2,11,3,-0.6,metno_forecast,84,metno_forecast,0.7,metno_forecast,200,metno_forecast,6.5,metno_forecast,,,1009.1,metno_forecast,8,metno_forecast,15,metno_forecast
2026,2,11,4,-0.2,metno_forecast,83,metno_forecast,0.8,metno_forecast,191,metno_forecast,6.1,metno_forecast,,,1008.3,metno_forecast,8,metno_forecast,15,metno_forecast
2026,2,11,5,-0.1,metno_forecast,85,metno_forecast,0.0,metno_forecast,255,metno_forecast,4.7,metno_forecast,,,1007.4,metno_forecast,8,metno_forecast,3,metno_forecast
2026,2,11,6,-0.2,metno_forecast,86,metno_forecast,0.0,metno_forecast,223,metno_forecast,5.4,metno_forecast,,,1006.7,metno_forecast,6,metno_forecast,3,metno_forecast
2026,2,11,7,-1.0,metno_forecast,85,metno_forecast,0.0,metno_forecast,242,metno_forecast,6.8,metno_forecast,,,1006.2,metno_forecast,2,metno_forecast,3,metno_forecast
2026,2,11,8,-2.2,metno_forecast,83,metno_forecast,0.0,metno_forecast,262,metno_forecast,8.3,metno_forecast,,,1005.4,metno_forecast,0,metno_forecast,2,metno_forecast
2026,2,11,9,-1.9,metno_forecast,84,metno_forecast,0.0,metno_forecast,287,metno_forecast,10.8,metno_forecast,,,1005.2,metno_forecast,0,metno_forecast,1,metno_forecast
2026,2,11,10,-0.4,metno_forecast,84,metno_forecast,0.0,metno_forecast,293,metno_forecast,13.0,metno_forecast,,,1005.5,metno_forecast,1,metno_forecast,1,metno_forecast
2026,2,11,11,0.3,metno_forecast,83,metno_forecast,0.0,metno_forecast,286,metno_forecast,12.6,metno_forecast,,,1005.9,metno_forecast,1,metno_forecast,1,metno_forecast
2026,2,11,12,0.2,metno_forecast,82,metno_forecast,0.0,metno_forecast,288,metno_forecast,13.3,metno_forecast,,,1006.5,metno_forecast,1,metno_forecast,1,metno_forecast
2026,2,11,13,0.3,metno_forecast,82,metno_forecast,0.0,metno_forecast,283,metno_forecast,12.6,metno_forecast,,,1007.2,metno_forecast,7,metno_forecast,1,metno_forecast
2026,2,11,14,1.5,metno_forecast,82,metno_forecast,0.0,metno_forecast,269,metno_forecast,11.9,metno_forecast,,,1007.2,metno_forecast,6,metno_forecast,3,metno_forecast
2026,2,11,15,2.3,metno_forecast,82,metno_forecast,0.0,metno_forecast,267,metno_forecast,16.2,metno_forecast,,,1006.9,metno_forecast,0,metno_forecast,3,metno_forecast
2026,2,11,16,2.7,metno_forecast,80,metno_forecast,0.0,metno_forecast,268,metno_forecast,18.0,metno_forecast,,,1006.7,metno_forecast,3,metno_forecast,1,metno_forecast
2026,2,11,17,2.8,metno_forecast,78,metno_forecast,0.0,metno_forecast,285,metno_forecast,19.1,metno_forecast,,,1006.8,metno_forecast,8,metno_forecast,3,metno_forecast
2026,2,11,18,2.1,metno_forecast,66,metno_forecast,0.0,metno_forecast,292,metno_forecast,22.3,metno_forecast,,,1006.9,metno_forecast,8,metno_forecast,3,metno_forecast
2026,2,11,19,1.8,metno_forecast,67,metno_forecast,0.0,metno_forecast,292,metno_forecast,19.4,metno_forecast,,,1006.9,metno_forecast,8,metno_forecast,3,metno_forecast
2026,2,11,20,1.6,metno_forecast,67,metno_forecast,0.0,metno_forecast,292,metno_forecast,19.8,metno_forecast,,,1007.3,metno_forecast,8,metno_forecast,3,metno_forecast
2026,2,11,21,1.2,metno_forecast,69,metno_forecast,0.0,metno_forecast,286,metno_forecast,18.7,metno_forecast,,,1007.8,metno_forecast,7,metno_forecast,3,metno_forecast
2026,2,11,22,0.8,metno_forecast,69,metno_forecast,0.0,metno_forecast,287,metno_forecast,20.2,metno_forecast,,,1008.3,metno_forecast,6,metno_forecast,3,metno_forecast
2026,2,11,23,0.4,metno_forecast,71,metno_forecast,0.0,metno_forecast,286,metno_forecast,20.5,metno_forecast,,,1008.9,metno_forecast,1,metno_forecast,3,metno_forecast
2026,2,12,0,-0.1,metno_forecast,72,metno_forecast,0.0,metno_forecast,285,metno_forecast,19.8,metno_forecast,,,1009.5,metno_forecast,3,metno_forecast,2,metno_forecast
2026,2,12,1,-0.2,metno_forecast,73,metno_forecast,0.0,metno_forecast,280,metno_forecast,19.1,metno_forecast,,,1009.6,metno_forecast,1,metno_forecast,2,metno_forecast
2026,2,12,2,-0.6,metno_forecast,73,metno_forecast,0.0,metno_forecast,277,metno_forecast,18.0,metno_forecast,,,1009.6,metno_forecast,8,metno_forecast,2,metno_forecast
2026,2,12,3,-0.4,metno_forecast,75,metno_forecast,0.0,metno_forecast,281,metno_forecast,19.1,metno_forecast,,,1009.7,metno_forecast,8,metno_forecast,3,metno_forecast
2026,2,12,4,-0.8,metno_forecast,74,metno_forecast,0.0,metno_forecast,295,metno_forecast,19.1,metno_forecast,,,1010.1,metno_forecast,6,metno_forecast,3,metno_forecast
2026,2,12,5,-1.5,metno_forecast,73,metno_forecast,0.0,metno_forecast,301,metno_forecast,18.4,metno_forecast,,,1010.6,metno_forecast,7,metno_forecast,3,metno_forecast
2026,2,12,6,-2.1,metno_forecast,74,metno_forecast,0.0,metno_forecast,303,metno_forecast,17.3,metno_forecast,,,1011.2,metno_forecast,8,metno_forecast,3,metno_forecast
2026,2,12,7,-2.3,metno_forecast,75,metno_forecast,0.0,metno_forecast,307,metno_forecast,16.6,metno_forecast,,,1011.6,metno_forecast,3,metno_forecast,3,metno_forecast
2026,2,12,8,-3.3,metno_forecast,76,metno_forecast,0.0,metno_forecast,308,metno_forecast,17.6,metno_forecast,,,1011.7,metno_forecast,4,metno_forecast,3,metno_forecast
2026,2,12,9,-3.6,metno_forecast,76,metno_forecast,0.0,metno_forecast,310,metno_forecast,19.1,metno_forecast,,,1012.1,metno_forecast,7,metno_forecast,3,metno_forecast
2026,2,12,10,-3.7,metno_forecast,76,metno_forecast,0.0,metno_forecast,309,metno_forecast,18.4,metno_forecast,,,1012.7,metno_forecast,5,metno_forecast,3,metno_forecast
2026,2,12,11,-3.7,metno_forecast,76,metno_forecast,0.0,metno_forecast,310,metno_forecast,18.7,metno_forecast,,,1013.2,metno_forecast,3,metno_forecast,3,metno_forecast
2026,2,12,12,-4.0,metno_forecast,76,metno_forecast,0.0,metno_forecast,310,metno_forecast,18.0,metno_forecast,,,1013.8,metno_forecast,6,metno_forecast,2,metno_forecast
2026,2,12,15,0.6,metar,45,metar,,,300,metar,14.0,metar,21.0,metar,,,6,metar,,
2026,2,12,16,0.6,metar,45,metar,,,300,metar,10.0,metar,20.0,metar,,,8,metar,,
2026,2,12,17,1.7,metar,42,metar,,,310,metar,11.0,metar,20.0,metar,,,6,metar,,
2026,2,12,18,1.7,metar,42,metar,,,300,metar,7.0,metar,21.0,metar,1015.9,metno_forecast,8,metar,,
2026,2,12,19,1.7,metar,40,metar,,,300,metar,10.0,metar,21.0,metar,,,6,metar,,
2026,2,12,20,2.2,metar,40,metar,,,300,metar,10.0,metar,21.0,metar,,,6,metar,,
2026,2,12,21,1.1,metar,43,metar,,,,,6.0,metar,21.0,metar,,,,,,
2026,2,12,22,0.6,metar,43,metar,,,300,metar,10.0,metar,22.0,metar,,,,,,
2026,2,12,23,0.0,metar,47,metar,,,,,,,,,,,,,,
2026,2,13,0,-0.6,metar,49,metar,,,316,metno_forecast,5.0,metar,,,1018.5,metno_forecast,2,metar,,
2026,2,13,1,-1.1,metar,51,metar,,,310,metar,9.0,metar,15.0,metar,,,2,metar,,
2026,2,13,2,-1.7,metar,53,metar,,,300,metar,10.0,metar,16.0,metar,,,4,metar,,
2026,2,13,3,-2.2,metar,48,metar,,,310,metar,11.0,metar,20.0,metar,,,,,,
2026,2,13,4,-2.8,metar,50,metar,,,,,,,,,,,,,,
2026,2,13,5,-3.3,metar,52,metar,,,290,metar,6.0,metar,,,,,,,,
2026,2,13,6,-3.9,metar,55,metar,,,300,metar,10.0,metar,15.0,metar,1019.6,metno_forecast,8,metno_forecast,,
2026,2,13,7,-4.4,metar,57,metar,,,310,metar,7.0,metar,,,,,,,,
2026,2,13,8,-4.4,metar,55,metar,,,310,metar,6.0,metar,,,,,,,,
2026,2,13,9,-5.0,metar,57,metar,,,310,metar,5.0,metar,,,,,,,,
2026,2,13,10,-5.0,metar,57,metar,,,,,6.0,metar,,,,,,,,
2026,2,13,11,-5.6,metar,62,metar,,,,,4.0,metar,,,,,,,,
2026,2,13,12,-5.0,metar,59,metar,,,0,metar,0.0,metar,,,1021.0,metno_forecast,0,metno_forecast,,
2026,2,13,13,-3.9,metar,55,metar,,,,,3.0,metar,,,,,,,,
2026,2,13,14,-2.8,metar,53,metar,,,0,metar,0.0,metar,,,,,,,,
2026,2,13,15,-1.1,metar,47,metar,,,311,metno_forecast,3.0,metar,,,,,0,metno_forecast,,
2026,2,13,16,0.0,metar,41,metar,0.0,metno_forecast,311,metno_forecast,4.0,metar,,,,,0,metno_forecast,1,metno_forecast
2026,2,13,17,1.1,metar,40,metar,0.0,metno_forecast,303,metno_forecast,3.0,metar,,,,,0,metno_forecast,1,metno_forecast
2026,2,13,18,2.2,metar,35,metar,0.0,metno_forecast,310,metar,7.0,metar,,,1019.1,metno_forecast,0,metno_forecast,1,metno_forecast
2026,2,13,19,2.8,metar,37,metar,0.0,metno_forecast,0,metar,0.0,metar,,,,,0,metno_forecast,1,metno_forecast
2026,2,13,20,3.3,metar,34,metar,0.0,metno_forecast,280,metar,3.0,metar,,,,,0,metno_forecast,1,metno_forecast
2026,2,13,21,2.8,metar,35,metar,0.0,metno_forecast,270,metar,6.0,metar,,,,,0,metno_forecast,1,metno_forecast
2026,2,13,22,2.8,metar,35,metar,0.0,metno_forecast,188,metno_forecast,5.0,metar,,,,,0,metno_forecast,1,metno_forecast
2026,2,13,23,2.2,metar,38,metar,0.0,metno_forecast,250,metar,5.0,metar,,,,,0,metno_forecast,1,metno_forecast
2026,2,14,0,1.1,metar,43,metar,0.0,metno_forecast,274,metno_forecast,8.3,metno_forecast,,,1018.6,metno_forecast,7,metno_forecast,1,metno_forecast
2026,2,14,1,0.6,metar,45,metar,0.0,metno_forecast,263,metno_forecast,4.0,metar,,,,,6,metno_forecast,2,metno_forecast
2026,2,14,2,0.6,metar,45,metar,0.0,metno_forecast,273,metno_forecast,4.0,metar,,,,,8,metno_forecast,3,metno_forecast
2026,2,14,3,0.0,metar,45,metar,0.0,metno_forecast,270,metar,6.0,metar,,,,,0,metno_forecast,3,metno_forecast
2026,2,14,4,-0.6,metar,47,metar,0.0,metno_forecast,270,metar,6.0,metar,,,,,0,metno_forecast,1,metno_forecast
2026,2,14,5,-0.6,metar,47,metar,0.0,metno_forecast,260,metar,4.0,metar,,,,,2,metar,1,metno_forecast
2026,2,14,6,-0.6,metar,47,metar,0.0,metno_forecast,0,metar,0.0,metar,,,1016.2,metno_forecast,4,metar,3,metno_forecast
2026,2,14,7,-0.6,metar,49,metar,0.0,metno_forecast,230,metar,6.0,metar,,,,,6,metar,3,metno_forecast
2026,2,14,8,-0.6,metar,51,metar,0.0,metno_forecast,270,metar,4.0,metar,,,,,6,metar,3,metno_forecast
2026,2,14,9,-1.1,metar,58,metar,0.0,metar,229,metno_forecast,3.0,metar,,,,,6,metar,3,metno_forecast
2026,2,14,10,0.0,metar,47,metar,0.2,metno_forecast,248,metno_forecast,10.8,metno_forecast,,,,,6,metar,14,metno_forecast
2026,2,14,11,0.6,metar,45,metar,0.1,metno_forecast,243,metno_forecast,5.0,metar,,,,,8,metar,14,metno_forecast
2026,2,14,12,0.0,metar,49,metar,0.0,metno_forecast,240,metar,4.0,metar,,,1016.9,metno_forecast,2,metar,3,metno_forecast
2026,2,14,13,0.6,metar,45,metar,0.0,metno_forecast,0,metar,0.0,metar,,,,,2,metar,3,metno_forecast
2026,2,14,14,1.7,metar,47,metar,0.0,metno_forecast,0,metar,0.0,metar,,,,,2,metar,2,metno_forecast
2026,2,14,15,2.8,metar,46,metar,0.0,metno_forecast,223,metno_forecast,3.0,metar,,,,,4,metar,2,metno_forecast
2026,2,14,16,4.4,metar,44,metar,0.0,metno_forecast,208,metno_forecast,6.0,metar,,,,,3,metno_forecast,2,metno_forecast
2026,2,14,17,6.7,metar,45,metar,0.0,metno_forecast,300,metar,7.0,metar,,,,,0,metno_forecast,2,metno_forecast
2026,2,14,18,7.2,metar,44,metar,0.0,metno_forecast,308,metno_forecast,5.0,metar,14.0,metar,1018.6,metno_forecast,2,metar,1,metno_forecast
2026,2,14,19,7.2,metar,42,metar,0.0,metno_forecast,270,metar,5.0,metar,,,,,0,metno_forecast,1,metno_forecast
2026,2,14,20,7.8,metar,38,metar,0.0,metno_forecast,310,metar,8.0,metar,,,,,0,metno_forecast,1,metno_forecast
2026,2,14,21,7.2,metar,40,metar,0.0,metno_forecast,300,metar,4.0,metar,,,,,1,metno_forecast,1,metno_forecast
2026,2,14,22,6.1,metar,45,metar,0.0,metno_forecast,0,metar,0.0,metar,,,,,2,metar,1,metno_forecast
2026,2,14,23,5.6,metar,46,metar,0.0,metno_forecast,0,metar,0.0,metar,,,,,0,metno_forecast,1,metno_forecast
2026,2,15,0,5.0,metar,48,metar,0.0,metno_forecast,0,metar,0.0,metar,,,1022.5,metno_forecast,2,metno_forecast,1,metno_forecast
2026,2,15,1,5.0,metar,51,metar,0.0,metno_forecast,289,metno_forecast,4.0,metar,,,,,0,metno_forecast,1,metno_forecast
2026,2,15,2,4.4,metar,53,metar,0.0,metno_forecast,40,metar,3.0,metar,,,,,0,metno_forecast,1,metno_forecast
2026,2,15,3,3.9,metar,57,metar,0.0,metno_forecast,30,metar,3.0,metar,,,,,0,metno_forecast,1,metno_forecast
2026,2,15,4,3.3,metar,57,metar,0.0,metno_forecast,0,metar,0.0,metar,,,,,0,metno_forecast,1,metno_forecast
2026,2,15,5,3.3,metar,57,metar,0.0,metno_forecast,0,metar,0.0,metar,,,,,1,metno_forecast,1,metno_forecast
2026,2,15,6,3.3,metar,57,metar,0.0,metno_forecast,0,metar,0.0,metar,,,1024.9,metno_forecast,0,metno_forecast,1,metno_forecast
2026,2,15,7,3.3,metar,59,metar,0.0,metno_forecast,0,metar,0.0,metar,,,,,8,metno_forecast,3,metno_forecast
2026,2,15,8,2.2,metar,64,metar,0.0,metno_forecast,0,metar,0.0,metar,,,,,8,metno_forecast,3,metno_forecast
2026,2,15,9,1.7,metar,66,metar,0.0,metno_forecast,0,metar,0.0,metar,,,,,8,metno_forecast,3,metno_forecast
2026,2,15,10,1.1,metar,72,metar,0.0,metno_forecast,300,metar,3.0,metar,,,,,8,metno_forecast,3,metno_forecast
2026,2,15,11,0.6,metar,72,metar,0.0,metno_forecast,0,metar,0.0,metar,,,,,8,metno_forecast,3,metno_forecast
2026,2,15,12,2.2,metar,67,metar,0.0,metno_forecast,0,metar,0.0,metar,,,1024.8,metno_forecast,7,metno_forecast,3,metno_forecast
2026,2,15,13,3.9,metar,57,metar,0.0,metno_forecast,50,metar,4.0,metar,,,,,8,metar,3,metno_forecast
2026,2,15,14,3.9,metar,62,metar,0.0,metno_forecast,40,metar,4.0,metar,,,,,2,metar,3,metno_forecast
2026,2,15,15,3.9,metar,59,metar,0.0,metno_forecast,50,metar,5.0,metar,,,,,8,metar,3,metno_forecast
2026,2,15,16,4.4,metar,57,metar,0.0,metno_forecast,60,metar,4.0,metar,,,,,6,metar,3,metno_forecast
2026,2,15,17,3.0,metar,59,metar,0.0,metno_forecast,50,metar,13.0,metar,,,1019.0,metar,8,metno_forecast,3,metno_forecast
2026,2,15,18,3.0,metar,57,metar,0.0,metno_forecast,110,metno_forecast,9.0,metar,,,1019.0,metar,8,metar,3,metno_forecast
2026,2,15,19,3.0,metar,57,metar,0.0,metno_forecast,60,metar,17.0,metar,,,1019.0,metar,4,metar,3,metno_forecast
2026,2,15,20,4.0,metar,55,metar,0.0,metno_forecast,90,metno_forecast,7.0,metar,,,1019.0,metar,8,metar,3,metno_forecast
2026,2,15,21,3.0,metar,57,metar,0.0,metno_forecast,92,metno_forecast,9.0,metar,,,1019.0,metar,2,metar,3,metno_forecast
2026,2,15,22,3.0,metar,64,metar,0.0,metno_forecast,76,metno_forecast,9.0,metar,,,1019.0,metar,8,metno_forecast,3,metno_forecast
2026,2,15,23,2.0,metar,64,metar,0.0,metno_forecast,109,metno_forecast,9.0,metar,,,1019.0,metar,8,metar,3,metno_forecast
2026,2,16,0,2.0,metar,59,metar,0.0,metno_forecast,130,metar,13.0,metar,,,1020.0,metar,6,metar,3,metno_forecast
2026,2,16,1,2.0,metar,67,metar,0.0,metno_forecast,110,metar,17.0,metar,,,1020.0,metar,8,metar,3,metno_forecast
2026,2,16,2,2.0,metar,75,metar,0.0,metar,79,metno_forecast,11.2,metno_forecast,,,1020.0,metar,4,metar,3,metno_forecast
2026,2,16,3,1.0,metar,85,metar,0.0,metar,60,metar,9.0,metar,,,1020.0,metar,4,metar,15,metno_forecast
2026,2,16,4,0.0,metar,92,metar,0.0,metar,60,metar,13.0,metar,,,1019.0,metar,6,metar,14,metno_forecast
2026,2,16,5,-1.0,metar,89,metar,0.0,metar,60,metar,19.0,metar,19.0,metar,1019.0,metar,4,metar,15,metno_forecast
2026,2,16,6,-1.0,metar,92,metar,0.0,metar,60,metar,19.0,metar,23.0,metar,1019.0,metar,2,metar,15,metno_forecast
2026,2,16,7,-1.0,metar,92,metar,0.0,metar,70,metar,17.0,metar,19.0,metar,1018.0,metar,6,metar,15,metno_forecast
2026,2,16,8,-2.0,metar,92,metar,0.0,metar,60,metar,15.0,metar,22.0,metar,1019.0,metar,4,metar,15,metno_forecast
2026,2,16,9,-1.0,metar,92,metar,0.0,metar,60,metar,19.0,metar,19.0,metar,1019.0,metar,8,metar,5,metar
2026,2,16,10,-1.0,metar,88,metar,0.0,metno_forecast,60,metar,13.0,metar,,,1019.0,metar,8,metar,3,metno_forecast
2026,2,16,11,-1.0,metar,85,metar,0.0,metno_forecast,50,metar,11.0,metar,18.0,metar,1020.0,metar,8,metar,3,metno_forecast
2026,2,16,12,-1.0,metar,85,metar,0.0,metno_forecast,60,metar,19.0,metar,,,1021.0,metar,8,metar,3,metno_forecast
2026,2,16,13,-1.0,metar,82,metar,0.0,metno_forecast,40,metar,15.0,metar,,,1021.0,metar,6,metar,3,metno_forecast
2026,2,16,14,0.0,metar,72,metar,0.0,metno_forecast,40,metar,15.0,metar,17.0,metar,1022.0,metar,2,metar,3,metno_forecast
2026,2,16,15,1.0,metar,72,metar,0.0,metno_forecast,50,metar,11.0,metar,14.0,metar,1022.0,metar,4,metar,3,metno_forecast
2026,2,16,16,1.0,metar,69,metar,0.0,metno_forecast,60,metar,11.0,metar,,,1021.0,metar,4,metar,3,metno_forecast
2026,2,16,17,3.0,metar,59,metar,0.0,metno_forecast,43,metno_forecast,7.0,metar,,,1021.0,metar,8,metar,1,metno_forecast
2026,2,16,18,3.0,metar,55,metar,0.0,metno_forecast,46,metno_forecast,7.0,metar,,,1021.0,metar,8,metar,1,metno_forecast
2026,2,16,19,3.0,metar,57,metar,0.0,metno_forecast,55,metno_forecast,7.0,metar,,,1021.0,metar,6,metar,1,metno_forecast
2026,2,16,20,3.0,metar,55,metar,0.0,metno_forecast,70,metar,6.0,metar,,,1021.0,metar,1,metno_forecast,1,metno_forecast
2026,2,16,21,3.0,metar,52,metar,0.0,metno_forecast,0,metar,0.0,metar,,,1021.0,metar,0,metno_forecast,1,metno_forecast
2026,2,16,22,3.0,metar,57,metar,0.0,metno_forecast,230,metar,6.0,metar,,,1022.0,metar,0,metno_forecast,1,metno_forecast
2026,2,16,23,3.0,metar,57,metar,0.0,metno_forecast,0,metar,0.0,metar,,,1022.0,metar,6,metar,1,metno_forecast
2026,2,17,0,3.0,metar,57,metar,0.0,metno_forecast,207,metno_forecast,7.0,metar,,,1022.0,metar,2,metar,1,metno_forecast
2026,2,17,1,3.0,metar,59,metar,0.0,metno_forecast,230,metar,6.0,metar,,,1023.0,metar,2,metno_forecast,1,metno_forecast
2026,2,17,2,2.0,metar,62,metar,0.0,metno_forecast,0,metar,0.0,metar,,,1022.0,metar,7,metno_forecast,2,metno_forecast
2026,2,17,3,2.0,metar,70,metar,0.0,metno_forecast,253,metno_forecast,6.0,metar,,,1022.0,metar,2,metar,3,metno_forecast
2026,2,17,4,2.0,metar,70,metar,0.0,metno_forecast,230,metar,7.0,metar,,,1022.0,metar,8,metar,3,metno_forecast
2026,2,17,5,2.0,metar,73,metar,0.0,metno_forecast,230,metar,7.0,metar,,,1022.0,metar,6,metar,3,metno_forecast
2026,2,17,6,2.0,metar,75,metar,0.0,metno_forecast,0,metar,0.0,metar,,,1022.0,metar,4,metar,3,metno_forecast
2026,2,17,7,2.0,metar,75,metar,0.0,metno_forecast,238,metno_forecast,6.0,metar,,,1022.0,metar,6,metar,3,metno_forecast
2026,2,17,8,2.0,metar,79,metar,0.0,metno_forecast,236,metno_forecast,9.0,metar,,,1021.0,metar,4,metar,3,metno_forecast
2026,2,17,9,2.0,metar,79,metar,0.0,metno_forecast,224,metno_forecast,7.9,metno_forecast,,,1021.0,metar,8,metar,5,metar
2026,2,17,10,2.0,metar,82,metar,0.0,metno_forecast,240,metar,7.0,metar,15.0,metar,1021.0,metar,6,metar,5,metar
2026,2,17,11,2.0,metar,82,metar,0.0,metno_forecast,0,metar,0.0,metar,,,1021.0,metar,6,metar,5,metar
2026,2,17,12,2.0,metar,85,metar,0.0,metno_forecast,218,metno_forecast,10.1,metno_forecast,,,1022.0,metar,8,metar,5,metar
2026,2,17,13,3.0,metar,85,metar,0.0,metno_forecast,220,metno_forecast,7.0,metar,16.0,metar,1021.0,metar,8,metar,5,metar
2026,2,17,14,3.0,metar,85,metar,0.0,metno_forecast,240,metar,9.0,metar,15.0,metar,1021.0,metar,8,metar,5,metar
2026,2,17,15,3.0,metar,85,metar,0.0,metno_forecast,221,metno_forecast,9.0,metar,15.0,metar,1021.0,metar,8,metar,5,metar
2026,2,17,16,3.0,metar,86,metar,0.0,metno_forecast,0,metar,9.0,metar,,,1021.0,metar,8,metar,5,metar
2026,2,17,17,4.0,metar,82,metar,0.0,metno_forecast,270,metar,11.0,metar,,,1020.0,metar,2,metar,5,metar
2026,2,17,18,6.0,metar,73,metar,0.0,metno_forecast,0,metar,0.0,metar,,,1019.0,metar,8,metar,5,metar
2026,2,17,19,7.0,metar,68,metar,0.0,metno_forecast,230,metar,13.0,metar,,,1019.0,metar,4,metno_forecast,5,metar
2026,2,17,20,8.0,metar,63,metar,0.0,metno_forecast,219,metno_forecast,6.5,metno_forecast,,,1019.0,metar,7,metno_forecast,5,metar
2026,2,17,21,8.0,metar,65,metar,0.0,metno_forecast,210,metno_forecast,11.0,metar,,,1019.0,metar,2,metno_forecast,5,metar
2026,2,17,22,8.0,metar,65,metar,0.0,metno_forecast,230,metar,6.0,metar,,,1019.0,metar,0,metno_forecast,2,metno_forecast
2026,2,17,23,7.0,metar,73,metar,0.0,metno_forecast,226,metno_forecast,7.0,metar,,,1019.0,metar,0,metno_forecast,1,metno_forecast
2026,2,18,0,6.0,metar,73,metar,0.0,metno_forecast,230,metar,7.0,metar,,,1020.0,metar,0,metno_forecast,5,metar
2026,2,18,1,6.0,metar,76,metar,0.0,metno_forecast,0,metar,0.0,metar,,,1020.0,metar,4,metno_forecast,5,metar
2026,2,18,2,6.0,metar,79,metar,0.0,metno_forecast,0,metar,0.0,metar,,,1019.0,metar,2,metno_forecast,5,metar
2026,2,18,3,5.0,metar,79,metar,0.0,metno_forecast,210,metar,6.0,metar,,,1019.0,metar,4,metno_forecast,5,metar
2026,2,18,4,4.0,metar,83,metar,0.0,metno_forecast,0,metar,0.0,metar,,,1019.0,metar,1,metno_forecast,5,metar
2026,2,18,5,4.0,metar,86,metar,0.0,metno_forecast,0,metar,0.0,metar,,,1018.0,metar,8,metno_forecast,5,metar
2026,2,18,6,4.0,metar,86,metar,0.0,metno_forecast,250,metar,9.0,metar,,,1018.0,metar,8,metar,5,metar
2026,2,18,7,3.0,metar,86,metar,0.0,metno_forecast,233,metno_forecast,9.0,metar,,,1017.0,metar,4,metar,5,metar
2026,2,18,8,3.0,metar,86,metar,0.0,metno_forecast,260,metar,6.0,metar,,,1017.0,metar,6,metar,5,metar
2026,2,18,9,3.0,metar,86,metar,0.0,metno_forecast,0,metar,0.0,metar,,,1016.0,metar,8,metno_forecast,5,metar
2026,2,18,10,4.0,metar,86,metar,0.0,metno_forecast,50,metar,6.0,metar,,,1015.0,metar,6,metar,5,metar
2026,2,18,11,4.0,metar,83,metar,0.0,metar,0,metar,0.0,metar,,,1015.0,metar,8,metar,3,metno_forecast
2026,2,18,12,3.0,metar,89,metar,0.0,metar,0,metar,0.0,metar,,,1014.0,metar,2,metar,5,metar
2026,2,18,13,4.0,metar,86,metar,0.0,metar,170,metar,6.0,metar,,,1014.0,metar,6,metar,3,metno_forecast
2026,2,18,14,3.0,metar,93,metar,0.0,metar,0,metar,0.0,metar,,,1014.0,metar,8,metar,12,metno_forecast
2026,2,18,15,3.0,metar,93,metar,0.0,metar,340,metar,6.0,metar,,,1014.0,metar,6,metar,12,metno_forecast
2026,2,18,16,3.0,metar,97,metar,0.0,metar,90,metar,6.0,metar,,,1012.0,metar,8,metar,5,metar
2026,2,18,17,4.0,metar,89,metar,0.5,metno_forecast,60,metar,9.0,metar,,,1009.0,metar,8,metar,5,metar
2026,2,18,18,5.0,metar,86,metar,0.0,metno_forecast,60,metar,7.0,metar,,,1009.0,metar,8,metar,5,metar
2026,2,18,19,4.0,metar,89,metar,0.0,metno_forecast,60,metar,9.0,metar,,,1009.0,metar,8,metar,5,metar
2026,2,18,20,4.0,metar,86,metar,0.0,metno_forecast,19,metno_forecast,6.0,metar,,,1008.0,metar,8,metar,5,metar
2026,2,18,21,4.0,metar,89,metar,0.0,metar,0,metar,6.0,metar,,,1009.0,metar,8,metar,5,metar
2026,2,18,22,4.0,metar,93,metar,0.0,metar,40,metar,6.0,metar,,,1009.0,metar,8,metar,5,metar
2026,2,18,23,4.0,metar,96,metar,0.0,metar,20,metar,6.0,metar,,,1009.0,metar,8,metar,5,metar
2026,2,19,0,4.0,metar,96,metar,0.6,metno_forecast,0,metar,0.0,metar,,,1009.0,metar,8,metar,5,metar
2026,2,19,1,4.0,metar,93,metar,0.0,metar,0,metar,0.0,metar,,,1010.0,metar,8,metar,5,metar
2026,2,19,2,3.0,metar,100,metar,0.0,metar,40,metar,7.0,metar,,,1011.0,metar,6,metar,5,metar
2026,2,19,3,4.0,metar,93,metar,0.2,metno_forecast,60,metar,11.0,metar,,,1011.0,metar,8,metno_forecast,5,metar
2026,2,19,4,3.0,metar,93,metar,0.0,metno_forecast,24,metno_forecast,11.0,metar,,,1012.0,metar,8,metno_forecast,5,metar
2026,2,19,5,3.0,metar,93,metar,0.0,metno_forecast,60,metar,7.0,metar,,,1013.0,metar,8,metno_forecast,5,metar
2026,2,19,6,3.0,metar,89,metar,0.0,metno_forecast,60,metar,11.0,metar,,,1014.0,metar,8,metno_forecast,5,metar
2026,2,19,7,3.0,metar,86,metar,0.0,metno_forecast,90,metar,9.0,metar,,,1014.0,metar,8,metno_forecast,5,metar
2026,2,19,8,3.0,metar,73,metar,0.0,metno_forecast,60,metar,13.0,metar,,,1016.0,metar,8,metno_forecast,3,metno_forecast
2026,2,19,9,3.0,metar,70,metar,0.0,metno_forecast,80,metar,17.0,metar,,,1016.0,metar,8,metno_forecast,3,metno_forecast
2026,2,19,10,2.0,metar,75,metar,0.0,metno_forecast,60,metno_forecast,7.0,metar,,,1017.0,metar,8,metno_forecast,3,metno_forecast
2026,2,19,11,2.0,metar,70,metar,0.0,metno_forecast,70,metar,9.0,metar,,,1017.0,metar,8,metno_forecast,3,metno_forecast
2026,2,19,12,0.8,metno_forecast,83,metno_forecast,0.0,metno_forecast,60,metno_forecast,10.1,metno_forecast,,,1016.7,metno_forecast,8,metno_forecast,3,metno_forecast
2026,2,19,13,3.0,metar,61,metar,0.0,metno_forecast,72,metno_forecast,6.0,metar,,,1019.0,metar,8,metno_forecast,3,metno_forecast
2026,2,19,14,3.0,metar,57,metar,0.0,metno_forecast,70,metar,13.0,metar,,,1020.0,metar,8,metno_forecast,3,metno_forecast
2026,2,19,15,4.0,metar,57,metar,0.0,metno_forecast,53,metno_forecast,6.0,metar,,,1020.0,metar,8,metno_forecast,3,metno_forecast
2026,2,19,16,4.0,metar,55,metar,0.0,metno_forecast,60,metar,11.0,metar,,,1020.0,metar,8,metno_forecast,3,metno_forecast
2026,2,19,17,5.0,metar,51,metar,0.0,metno_forecast,40,metar,13.0,metar,,,1019.0,metar,8,metno_forecast,3,metno_forecast
2026,2,19,18,4.0,metar,53,metar,0.0,metno_forecast,50,metar,13.0,metar,,,1019.0,metar,8,metno_forecast,3,metno_forecast
2026,2,19,19,4.0,metar,53,metar,0.0,metno_forecast,60,metar,11.0,metar,,,1018.0,metar,8,metno_forecast,3,metno_forecast
2026,2,19,20,4.0,metar,57,metar,0.0,metno_forecast,90,metar,13.0,metar,,,1019.0,metar,8,metno_forecast,3,metno_forecast
2026,2,19,21,4.0,metar,59,metar,0.0,metno_forecast,99,metno_forecast,9.0,metar,,,1019.0,metar,8,metno_forecast,3,metno_forecast
2026,2,19,22,3.0,metar,62,metar,0.0,metno_forecast,90,metar,13.0,metar,,,1018.0,metar,8,metar,3,metno_forecast
2026,2,19,23,3.0,metar,64,metar,0.0,metno_forecast,100,metar,11.0,metar,,,1019.0,metar,6,metar,3,metno_forecast
2026,2,20,0,3.0,metar,64,metar,0.0,metno_forecast,82,metno_forecast,7.0,metar,,,1019.0,metar,2,metar,3,metno_forecast
2026,2,20,1,3.0,metar,70,metar,0.0,metno_forecast,66,metno_forecast,7.0,metar,,,1018.0,metar,8,metar,3,metno_forecast
2026,2,20,2,3.0,metar,70,metar,0.0,metno_forecast,60,metar,11.0,metar,,,1017.0,metar,8,metar,3,metno_forecast
2026,2,20,3,3.0,metar,72,metar,0.0,metno_forecast,59,metno_forecast,10.4,metno_forecast,,,1017.0,metar,6,metar,3,metno_forecast
2026,2,20,4,2.0,metar,75,metar,0.0,metno_forecast,58,metno_forecast,9.0,metar,,,1017.0,metar,2,metar,3,metno_forecast
2026,2,20,5,2.0,metar,78,metar,0.0,metno_forecast,60,metar,20.0,metar,18.0,metar,1017.0,metar,6,metar,3,metno_forecast
2026,2,20,6,1.0,metar,85,metar,0.0,metno_forecast,60,metar,15.0,metar,16.0,metar,1016.0,metar,8,metno_forecast,3,metno_forecast
2026,2,20,7,1.0,metar,85,metar,0.0,metno_forecast,50,metar,17.0,metar,15.0,metar,1016.0,metar,4,metar,3,metno_forecast
2026,2,20,8,1.0,metar,85,metar,0.0,metno_forecast,80,metar,9.0,metar,,,1015.0,metar,4,metar,3,metno_forecast
2026,2,20,9,1.0,metar,88,metar,0.0,metno_forecast,90,metar,7.0,metar,,,1015.0,metar,2,metar,3,metno_forecast
2026,2,20,10,2.0,metar,85,metar,0.0,metno_forecast,60,metar,9.0,metar,,,1014.0,metar,6,metar,3,metno_forecast
2026,2,20,11,2.0,metar,85,metar,0.0,metar,50,metar,17.0,metar,,,1013.0,metar,8,metar,3,metno_forecast
2026,2,20,12,1.0,metar,92,metar,0.0,metar,70,metar,15.0,metar,17.0,metar,1012.0,metar,6,metar,8,metar
2026,2,20,13,1.0,metar,97,metar,0.0,metar,70,metar,13.0,metar,15.0,metar,1013.0,metar,8,metar,8,metar
2026,2,20,14,1.0,metar,97,metar,0.0,metar,60,metar,15.0,metar,,,1011.0,metar,8,metar,8,metno_forecast
2026,2,20,15,2.0,metar,96,metar,0.0,metar,60,metar,15.0,metar,,,1009.0,metar,8,metar,9,metno_forecast
2026,2,20,16,2.0,metar,96,metar,0.0,metar,40,metar,13.0,metar,17.0,metar,1008.0,metar,8,metar,8,metar
2026,2,20,17,2.0,metar,96,metar,0.0,metar,60,metar,20.0,metar,25.0,metar,1007.0,metar,8,metar,7,metno_forecast
2026,2,20,18,2.0,metar,96,metar,0.0,metar,70,metar,22.0,metar,23.0,metar,1006.0,metar,8,metar,9,metno_forecast
2026,2,20,19,2.0,metar,92,metar,0.0,metar,60,metar,22.0,metar,26.0,metar,1005.0,metar,8,metar,5,metar
2026,2,20,20,2.0,metar,92,metar,1.6,metno_forecast,70,metar,28.0,metar,24.0,metar,1003.0,metar,8,metar,5,metar
2026,2,20,21,1.0,metar,97,metar,0.5,metno_forecast,80,metar,19.0,metar,21.0,metar,1003.0,metar,8,metar,5,metar
2026,2,20,22,1.0,metar,97,metar,0.1,metno_forecast,60,metar,20.0,metar,19.0,metar,1004.0,metar,8,metar,5,metar
2026,2,20,23,2.0,metar,96,metar,0.0,metno_forecast,70,metar,15.0,metar,20.0,metar,1004.0,metar,8,metar,3,metno_forecast
2026,2,21,0,2.0,metar,92,metar,0.0,metno_forecast,40,metno_forecast,11.0,metar,16.0,metar,1005.0,metar,8,metar,3,metno_forecast
2026,2,21,1,2.0,metar,97,metar,0.0,metno_forecast,10,metar,7.0,metar,,,1006.0,metar,8,metar,5,metar
2026,2,21,2,2.0,metar,97,metar,0.0,metno_forecast,0,metar,0.0,metar,,,1006.0,metar,8,metar,3,metno_forecast
2026,2,21,3,2.0,metar,92,metar,0.0,metno_forecast,0,metar,0.0,metar,,,1006.0,metar,8,metar,5,metar
2026,2,21,4,2.0,metar,92,metar,0.0,metno_forecast,0,metar,0.0,metar,,,1006.0,metar,8,metar,5,metar
2026,2,21,5,2.0,metar,92,metar,0.0,metno_forecast,350,metar,7.0,metar,,,1007.0,metar,8,metar,3,metno_forecast
2026,2,21,6,2.0,metar,89,metar,0.0,metno_forecast,290,metar,7.0,metar,,,1008.0,metar,8,metar,3,metno_forecast
2026,2,21,7,2.0,metar,89,metar,0.0,metno_forecast,0,metar,0.0,metar,,,1008.0,metar,6,metar,3,metno_forecast
2026,2,21,8,2.0,metar,89,metar,0.0,metno_forecast,0,metar,0.0,metar,,,1009.0,metar,6,metar,3,metno_forecast
2026,2,21,9,2.0,metar,89,metar,0.0,metno_forecast,0,metar,0.0,metar,,,1010.0,metar,4,metar,3,metno_forecast
2026,2,21,10,3.0,metar,85,metar,0.0,metno_forecast,0,metar,0.0,metar,,,1011.0,metar,4,metar,3,metno_forecast
2026,2,21,11,3.0,metar,83,metar,0.0,metno_forecast,270,metar,7.0,metar,,,1012.0,metar,4,metar,1,metno_forecast
2026,2,21,12,4.0,metar,76,metar,0.0,metno_forecast,290,metar,13.0,metar,,,1014.0,metar,8,metar,1,metno_forecast
2026,2,21,13,4.0,metar,68,metar,0.0,metno_forecast,260,metar,6.0,metar,,,1015.0,metar,8,metar,1,metno_forecast
2026,2,21,14,6.0,metar,62,metar,0.0,metno_forecast,260,metar,9.0,metar,,,1016.0,metar,8,metar,1,metno_forecast
2026,2,21,15,7.0,metar,53,metar,0.0,metno_forecast,260,metar,9.0,metar,,,1016.0,metar,8,metar,1,metno_forecast
2026,2,21,16,7.0,metar,55,metar,0.0,metno_forecast,270,metar,11.0,metar,,,1016.0,metar,8,metar,1,metno_forecast
2026,2,21,17,7.0,metar,53,metar,0.0,metno_forecast,300,metar,15.0,metar,,,1016.0,metar,8,metar,3,metno_forecast
2026,2,21,18,7.0,metar,51,metar,0.0,metno_forecast,300,metar,11.0,metar,,,1016.0,metar,6,metar,3,metno_forecast
2026,2,21,19,7.0,metar,51,metar,0.0,metno_forecast,290,metar,13.0,metar,,,1016.0,metar,6,metar,3,metno_forecast
2026,2,21,20,8.0,metar,51,metar,0.0,metno_forecast,313,metno_forecast,6.0,metar,,,1016.0,metar,2,metar,3,metno_forecast
2026,2,21,21,7.0,metar,53,metar,0.0,metno_forecast,310,metno_forecast,6.0,metar,,,1017.0,metar,6,metar,3,metno_forecast
2026,2,21,22,7.0,metar,51,metar,0.0,metno_forecast,0,metar,0.0,metar,,,1018.0,metar,8,metar,3,metno_forecast
2026,2,21,23,7.0,metar,55,metar,0.0,metno_forecast,330,metar,6.0,metar,,,1019.0,metar,8,metar,2,metno_forecast
2026,2,22,0,6.0,metar,57,metar,0.0,metno_forecast,30,metno_forecast,7.0,metar,,,1019.0,metar,8,metar,1,metno_forecast
2026,2,22,1,6.0,metar,59,metar,0.0,metno_forecast,17,metno_forecast,7.0,metar,,,1020.0,metar,8,metar,2,metno_forecast
2026,2,22,2,5.0,metar,62,metar,0.0,metno_forecast,0,metar,0.0,metar,,,1020.0,metar,8,metar,3,metno_forecast
2026,2,22,3,5.0,metar,62,metar,0.0,metno_forecast,40,metar,9.0,metar,,,1020.0,metar,8,metar,3,metno_forecast
2026,2,22,4,4.0,metar,73,metar,0.0,metno_forecast,60,metar,15.0,metar,,,1020.0,metar,2,metar,3,metno_forecast
2026,2,22,5,2.0,metar,85,metar,0.0,metno_forecast,60,metar,13.0,metar,,,1020.0,metar,2,metar,3,metno_forecast
2026,2,22,6,3.0,metar,85,metar,0.0,metno_forecast,60,metar,19.0,metar,16.0,metar,1020.0,metar,8,metar,3,metno_forecast
2026,2,22,7,2.0,metar,89,metar,0.0,metno_forecast,70,metar,7.0,metar,,,1020.0,metar,2,metar,3,metno_forecast
2026,2,22,8,2.0,metar,92,metar,0.0,metno_forecast,50,metar,11.0,metar,,,1019.0,metar,8,metar,3,metno_forecast
2026,2,22,9,2.0,metar,92,metar,0.0,metno_forecast,50,metar,13.0,metar,,,1020.0,metar,8,metar,5,metar
2026,2,22,10,2.0,metar,92,metar,0.0,metno_forecast,60,metar,11.0,metar,,,1019.0,metar,8,metar,3,metno_forecast
2026,2,22,11,1.7,metar,88,metar,0.0,metar,60,metar,6.0,metar,,,1018.2,metno_forecast,8,metar,3,metno_forecast
2026,2,22,12,1.1,metar,92,metar,0.0,metar,80,metar,6.0,metar,,,1018.8,metno_forecast,8,metar,12,metno_forecast
2026,2,22,13,1.1,metar,92,metar,0.0,metar,60,metar,6.0,metar,,,1018.9,metno_forecast,8,metar,12,metno_forecast
2026,2,22,14,0.6,metar,92,metar,0.0,metar,60,metar,6.0,metar,17.0,metar,1018.3,metno_forecast,8,metar,12,metno_forecast
2026,2,22,15,0.0,metar,96,metar,0.0,metar,50,metar,10.0,metar,16.0,metar,1017.5,metno_forecast,8,metar,12,metno_forecast
2026,2,22,16,0.0,metar,93,metar,0.0,metar,70,metar,11.0,metar,21.0,metar,1017.4,metno_forecast,8,metar,12,metno_forecast
2026,2,22,17,0.0,metar,92,metar,0.0,metar,50,metar,11.0,metar,18.0,metar,1016.4,metno_forecast,8,metar,12,metno_forecast
2026,2,22,18,0.0,metar,92,metar,0.0,metar,60,metar,12.0,metar,21.0,metar,1015.5,metno_forecast,8,metar,12,metno_forecast
2026,2,22,19,-0.6,metar,96,metar,0.0,metar,60,metar,13.0,metar,21.0,metar,1014.5,metno_forecast,8,metar,12,metno_forecast
2026,2,22,20,-0.6,metar,96,metar,0.0,metar,60,metar,13.0,metar,27.0,metar,1014.0,metno_forecast,8,metar,12,metno_forecast
2026,2,22,21,-0.6,metar,92,metar,0.0,metar,60,metar,17.0,metar,28.0,metar,1013.4,metno_forecast,8,metar,12,metno_forecast
2026,2,22,22,-1.1,metar,96,metar,0.1,metar,50,metar,11.0,metar,25.0,metar,1012.4,metno_forecast,8,metar,15,metar
2026,2,22,23,-0.6,metar,96,metar,0.1,metar,50,metar,10.0,metar,20.0,metar,1010.9,metno_forecast,8,metno_forecast,15,metar
2026,2,23,0,-1.1,metar,96,metar,0.1,metar,40,metar,15.0,metar,24.0,metar,1010.7,metno_forecast,8,metno_forecast,15,metar
2026,2,23,1,-0.6,metar,96,metar,0.1,metar,40,metar,10.0,metar,23.0,metar,1008.7,metno_forecast,8,metno_forecast,15,metar
2026,2,23,2,-0.6,metar,96,metar,0.1,metar,20,metar,10.0,metar,23.0,metar,1007.9,metno_forecast,8,metno_forecast,16,metno_forecast
2026,2,23,3,-1.1,metar,100,metar,0.0,metar,20,metar,12.0,metar,21.0,metar,1006.5,metno_forecast,8,metno_forecast,15,metar
2026,2,23,4,-1.1,metar,96,metar,0.1,metar,30,metar,13.0,metar,30.0,metar,1004.5,metno_forecast,8,metno_forecast,15,metar
2026,2,23,5,-1.1,metar,96,metar,0.1,metar,20,metar,10.0,metar,27.0,metar,1002.6,metno_forecast,8,metno_forecast,15,metno_forecast
2026,2,23,6,-1.1,metar,96,metar,0.0,metar,20,metar,13.0,metar,34.0,metar,1001.8,metno_forecast,8,metno_forecast,15,metar
2026,2,23,7,-1.1,metar,92,metar,0.1,metar,360,metar,12.0,metar,29.0,metar,1000.2,metno_forecast,8,metno_forecast,16,metno_forecast
2026,2,23,8,-1.7,metar,96,metar,0.0,metar,360,metar,9.0,metar,18.0,metar,998.9,metno_forecast,8,metno_forecast,15,metar
2026,2,23,9,-1.7,metar,96,metar,0.0,metar,350,metar,8.0,metar,20.0,metar,998.0,metno_forecast,8,metno_forecast,15,metar
2026,2,23,10,-1.7,metar,96,metar,0.0,metar,360,metar,11.0,metar,24.0,metar,997.5,metno_forecast,8,metno_forecast,15,metar
2026,2,23,11,-2.2,metar,96,metar,0.1,metar,360,metar,7.0,metar,19.0,metar,997.2,metno_forecast,8,metno_forecast,15,metar
2026,2,23,12,-1.7,metar,92,metar,0.1,metar,340,metar,7.0,metar,21.0,metar,996.8,metno_forecast,8,metno_forecast,15,metar
2026,2,23,13,-1.7,metar,96,metar,0.0,metar,350,metno_forecast,6.0,metar,23.0,metar,997.2,metno_forecast,8,metno_forecast,15,metar
2026,2,23,14,-1.7,metar,100,metar,0.2,metar,348,metno_forecast,5.0,metar,16.0,metar,997.9,metno_forecast,8,metno_forecast,15,metar
2026,2,23,15,-1.0,metar,100,metar,0.1,metar,349,metno_forecast,6.0,metar,,,998.4,metno_forecast,8,metno_forecast,15,metar
2026,2,23,16,-1.1,metar,100,metar,0.0,metar,345,metno_forecast,32.0,metno_forecast,,,998.5,metno_forecast,8,metno_forecast,15,metar
2026,2,23,17,-0.6,metar,100,metar,0.0,metar,310,metar,10.0,metar,18.0,metar,998.5,metno_forecast,8,metno_forecast,15,metar
2026,2,23,18,-0.6,metar,100,metar,0.1,metar,338,metno_forecast,4.0,metar,,,998.9,metno_forecast,8,metno_forecast,15,metno_forecast
2026,2,23,19,0.0,metar,86,metar,0.0,metar,335,metno_forecast,6.0,metar,,,1002.0,metar,8,metno_forecast,5,metar
2026,2,23,20,0.0,metar,92,metar,0.0,metar,300,metar,13.0,metar,16.0,metar,1003.0,metar,8,metno_forecast,5,metar
2026,2,23,21,1.0,metar,88,metar,0.1,metno_forecast,310,metar,11.0,metar,17.0,metar,1003.0,metar,8,metno_forecast,5,metar
2026,2,23,22,1.1,metar,72,metar,0.0,metno_forecast,316,metno_forecast,21.6,metno_forecast,,,1001.1,metno_forecast,8,metno_forecast,5,metar
2026,2,23,23,1.0,metar,69,metar,0.0,metno_forecast,317,metno_forecast,22.3,metno_forecast,,,1006.0,metar,8,metno_forecast,5,metar
2026,2,24,0,1.1,metar,59,metar,0.0,metno_forecast,300,metar,11.0,metar,24.0,metar,1003.5,metno_forecast,8,metno_forecast,5,metar
2026,2,24,1,-0.6,metar,66,metar,0.0,metno_forecast,300,metar,7.0,metar,,,1004.5,metno_forecast,8,metno_forecast,5,metar
2026,2,24,2,-0.6,metar,58,metar,0.0,metno_forecast,300,metar,12.0,metar,22.0,metar,1005.3,metno_forecast,8,metno_forecast,3,metno_forecast
2026,2,24,3,-1.1,metar,58,metar,0.0,metno_forecast,321,metno_forecast,6.0,metar,20.0,metar,1005.8,metno_forecast,8,metno_forecast,3,metno_forecast
2026,2,24,4,-1.1,metar,58,metar,0.0,metno_forecast,300,metar,6.0,metar,15.0,metar,1006.3,metno_forecast,8,metno_forecast,3,metno_forecast
2026,2,24,5,-1.7,metar,61,metar,0.0,metno_forecast,310,metno_forecast,4.0,metar,,,1006.6,metno_forecast,7,metno_forecast,3,metno_forecast
2026,2,24,6,-1.1,metar,63,metar,0.0,metno_forecast,300,metno_forecast,17.3,metno_forecast,,,1006.9,metno_forecast,8,metno_forecast,3,metno_forecast
2026,2,24,7,-1.1,metar,63,metar,0.0,metno_forecast,280,metar,6.0,metar,,,1007.2,metno_forecast,5,metno_forecast,3,metno_forecast
2026,2,24,8,-2.2,metar,63,metar,0.0,metno_forecast,280,metar,9.0,metar,19.0,metar,1007.3,metno_forecast,8,metno_forecast,3,metno_forecast
2026,2,24,9,-2.8,metar,63,metar,0.0,metno_forecast,306,metno_forecast,5.0,metar,17.0,metar,1007.8,metno_forecast,3,metno_forecast,3,metno_forecast
2026,2,24,10,-2.8,metar,60,metar,0.0,metno_forecast,307,metno_forecast,18.4,metno_forecast,,,1008.9,metno_forecast,2,metno_forecast,2,metno_forecast
2026,2,24,11,-3.9,metar,63,metar,0.0,metno_forecast,280,metar,8.0,metar,19.0,metar,1009.9,metno_forecast,2,metno_forecast,2,metno_forecast
2026,2,24,12,-5.0,metar,59,metar,0.0,metno_forecast,280,metar,9.0,metar,19.0,metar,1010.6,metno_forecast,4,metno_forecast,2,metno_forecast
2026,2,24,13,-4.4,metar,60,metar,0.0,metno_forecast,308,metno_forecast,15.5,metno_forecast,,,1011.5,metno_forecast,3,metno_forecast,3,metno_forecast
2026,2,24,14,-3.3,metar,55,metar,0.0,metno_forecast,304,metno_forecast,14.0,metno_forecast,,,1011.9,metno_forecast,3,metno_forecast,2,metno_forecast
2026,2,24,15,-2.8,metar,50,metar,0.0,metno_forecast,300,metar,8.0,metar,22.0,metar,1012.1,metno_forecast,2,metno_forecast,2,metno_forecast
2026,2,24,16,-1.1,metar,47,metar,0.0,metno_forecast,302,metno_forecast,5.0,metar,17.0,metar,1012.3,metno_forecast,0,metno_forecast,2,metno_forecast
2026,2,24,17,-1.7,metar,46,metar,0.0,metno_forecast,310,metar,8.0,metar,,,1012.1,metno_forecast,0,metno_forecast,1,metno_forecast
2026,2,24,18,-1.1,metar,44,metar,0.0,metno_forecast,270,metar,9.0,metar,15.0,metar,1011.7,metno_forecast,0,metno_forecast,1,metno_forecast
2026,2,24,19,-1.7,metar,46,metar,0.0,metno_forecast,270,metar,10.0,metar,19.0,metar,1011.2,metno_forecast,0,metno_forecast,1,metno_forecast
2026,2,24,20,-0.6,metar,41,metar,0.0,metno_forecast,290,metar,11.0,metar,20.0,metar,1011.4,metno_forecast,0,metno_forecast,1,metno_forecast
2026,2,24,21,-1.7,metar,45,metar,0.0,metno_forecast,280,metar,8.0,metar,,,1011.7,metno_forecast,0,metno_forecast,1,metno_forecast
2026,2,24,22,-2.2,metar,46,metar,0.0,metno_forecast,310,metar,8.0,metar,,,1012.2,metno_forecast,0,metno_forecast,1,metno_forecast
2026,2,24,23,-2.8,metar,46,metar,0.0,metno_forecast,279,metno_forecast,3.0,metar,,,1012.9,metno_forecast,0,metno_forecast,1,metno_forecast
2026,2,25,0,-2.8,metar,46,metar,0.0,metno_forecast,300,metar,4.0,metar,,,1013.3,metno_forecast,5,metno_forecast,1,metno_forecast
2026,2,25,1,-3.3,metar,50,metar,0.0,metno_forecast,242,metno_forecast,4.0,metar,,,,,1,metno_forecast,2,metno_forecast
2026,2,25,2,-3.3,metar,48,metar,0.0,metno_forecast,0,metar,0.0,metar,,,,,1,metno_forecast,1,metno_forecast
2026,2,25,3,-2.8,metar,53,metar,0.0,metno_forecast,0,metar,0.0,metar,,,,,6,metno_forecast,2,metno_forecast
2026,2,25,4,-2.8,metar,58,metar,0.0,metno_forecast,150,metar,5.0,metar,,,,,6,metno_forecast,3,metno_forecast
2026,2,25,5,-2.2,metar,55,metar,0.0,metno_forecast,208,metno_forecast,3.0,metar,,,,,8,metno_forecast,3,metno_forecast
2026,2,25,6,-2.2,metar,60,metar,0.0,metno_forecast,160,metar,6.0,metar,,,1013.9,metno_forecast,8,metno_forecast,3,metno_forecast
2026,2,25,7,-1.1,metar,63,metar,0.0,metno_forecast,198,metno_forecast,5.0,metar,,,,,8,metno_forecast,3,metno_forecast
2026,2,25,8,0.6,metar,61,metar,0.0,metno_forecast,206,metno_forecast,6.0,metar,,,,,8,metno_forecast,3,metno_forecast
2026,2,25,9,1.1,metar,61,metar,0.0,metno_forecast,190,metno_forecast,3.0,metar,,,,,8,metno_forecast,3,metno_forecast
2026,2,25,10,1.1,metar,64,metar,0.0,metar,240,metar,9.0,metar,16.0,metar,,,8,metno_forecast,3,metno_forecast
2026,2,25,11,-0.6,metar,85,metar,0.0,metar,200,metar,5.0,metar,,,,,8,metno_forecast,15,metar
2026,2,25,12,-0.6,metar,92,metar,0.0,metar,0,metar,0.0,metar,,,1007.7,metno_forecast,8,metno_forecast,15,metno_forecast
2026,2,25,13,-0.6,metar,92,metar,0.0,metar,200,metno_forecast,4.0,metar,,,,,8,metno_forecast,5,metar
2026,2,25,14,0.6,metar,85,metar,0.1,metno_forecast,230,metar,9.0,metar,16.0,metar,,,8,metno_forecast,5,metar
2026,2,25,15,1.7,metar,72,metar,0.0,metno_forecast,210,metno_forecast,6.0,metar,,,,,8,metno_forecast,3,metno_forecast
2026,2,25,16,2.2,metar,70,metar,0.0,metno_forecast,250,metar,6.0,metar,,,,,8,metno_forecast,3,metno_forecast
2026,2,25,17,4.4,metar,60,metar,0.0,metno_forecast,208,metno_forecast,5.0,metar,,,,,8,metno_forecast,3,metno_forecast
2026,2,25,18,5.0,metar,57,metar,0.0,metno_forecast,220,metar,9.0,metar,16.0,metar,1003.5,metno_forecast,8,metno_forecast,3,metno_forecast
2026,2,25,19,5.6,metar,55,metar,0.0,metno_forecast,0,metar,0.0,metar,,,,,4,metar,3,metno_forecast
2026,2,25,20,6.1,metar,53,metar,0.0,metno_forecast,230,metar,3.0,metar,,,,,6,metar,2,metno_forecast
2026,2,25,21,6.1,metar,55,metar,0.0,metno_forecast,214,metno_forecast,3.0,metar,,,,,0,metno_forecast,1,metno_forecast
2026,2,25,22,5.6,metar,55,metar,0.0,metno_forecast,210,metar,7.0,metar,,,,,0,metno_forecast,1,metno_forecast
2026,2,25,23,5.6,metar,53,metar,0.0,metno_forecast,220,metar,6.0,metar,,,,,0,metno_forecast,1,metno_forecast
2026,2,26,0,5.6,metar,55,metar,0.0,metno_forecast,226,metno_forecast,5.0,metar,,,1005.3,metno_forecast,2,metar,1,metno_forecast
2026,2,26,1,5.6,metar,55,metar,0.0,metno_forecast,224,metno_forecast,3.0,metar,,,,,2,metar,1,metno_forecast
2026,2,26,2,6.1,metar,55,metar,0.0,metno_forecast,0,metar,0.0,metar,,,,,6,metar,1,metno_forecast
2026,2,26,3,6.7,metar,53,metar,0.0,metno_forecast,210,metar,5.0,metar,,,,,6,metar,2,metno_forecast
2026,2,26,4,5.6,metar,59,metar,0.0,metno_forecast,234,metno_forecast,6.0,metar,,,,,8,metar,3,metno_forecast
2026,2,26,5,3.9,metar,64,metar,0.0,metno_forecast,0,metar,0.0,metar,,,,,1,metno_forecast,3,metno_forecast
2026,2,26,6,4.4,metar,65,metar,0.0,metno_forecast,266,metno_forecast,3.0,metar,,,1011.5,metno_forecast,0,metno_forecast,1,metno_forecast
2026,2,26,7,4.4,metar,65,metar,0.0,metno_forecast,277,metno_forecast,5.0,metar,,,,,0,metno_forecast,2,metno_forecast
2026,2,26,8,3.3,metar,67,metar,0.0,metno_forecast,0,metar,0.0,metar,,,,,0,metno_forecast,1,metno_forecast
2026,2,26,9,4.4,metar,62,metar,0.0,metno_forecast,250,metar,6.0,metar,,,,,1,metno_forecast,1,metno_forecast
2026,2,26,10,4.4,metar,60,metar,0.0,metno_forecast,240,metar,4.0,metar,,,,,0,metno_forecast,1,metno_forecast
2026,2,26,11,4.4,metar,57,metar,0.0,metno_forecast,260,metar,6.0,metar,,,,,8,metno_forecast,1,metno_forecast
2026,2,26,12,4.4,metar,57,metar,0.0,metno_forecast,270,metar,5.0,metar,,,1017.4,metno_forecast,0,metno_forecast,3,metno_forecast
2026,2,26,13,4.4,metar,55,metar,0.0,metno_forecast,290,metar,8.0,metar,,,,,8,metno_forecast,3,metno_forecast
2026,2,26,14,4.4,metar,50,metar,0.0,metno_forecast,300,metar,9.0,metar,14.0,metar,,,8,metno_forecast,3,metno_forecast
2026,2,26,15,5.6,metar,39,metar,0.0,metno_forecast,290,metar,6.0,metar,,,,,7,metno_forecast,3,metno_forecast
2026,2,26,16,6.1,metar,39,metar,0.0,metno_forecast,0,metar,0.0,metar,,,,,8,metno_forecast,3,metno_forecast
2026,2,26,17,7.2,metar,31,metar,0.0,metno_forecast,0,metar,0.0,metar,,,,,8,metno_forecast,3,metno_forecast
2026,2,26,18,8.3,metar,24,metar,0.0,metno_forecast,174,metno_forecast,4.0,metar,,,1017.4,metno_forecast,8,metno_forecast,3,metno_forecast
2026,2,26,19,8.9,metar,31,metar,0.0,metno_forecast,344,metno_forecast,3.0,metar,,,,,8,metno_forecast,3,metno_forecast
2026,2,26,20,7.2,metar,42,metar,0.0,metno_forecast,150,metar,4.0,metar,,,,,8,metno_forecast,3,metno_forecast
2026,2,26,21,6.7,metar,45,metar,0.0,metno_forecast,0,metar,0.0,metar,,,,,6,metar,3,metno_forecast
2026,2,26,22,6.1,metar,49,metar,0.0,metno_forecast,0,metar,0.0,metar,,,,,2,metar,3,metno_forecast
2026,2,26,23,6.1,metar,49,metar,0.0,metno_forecast,40,metar,3.0,metar,,,,,8,metar,3,metno_forecast
2026,2,27,0,5.6,metar,46,metar,0.0,metno_forecast,0,metar,0.0,metar,,,1013.5,metno_forecast,4,metar,3,metno_forecast
2026,2,27,1,5.0,metar,55,metar,0.0,metno_forecast,0,metar,0.0,metar,,,,,2,metar,3,metno_forecast
2026,2,27,2,5.0,metar,60,metar,0.0,metno_forecast,30,metar,5.0,metar,,,,,6,metar,3,metno_forecast
2026,2,27,3,2.8,metar,52,metar,0.0,metno_forecast,351,metno_forecast,4.0,metar,,,,,2,metar,3,metno_forecast
2026,2,27,4,1.7,metar,54,metar,0.0,metno_forecast,20,metar,7.0,metar,,,,,0,metno_forecast,2,metno_forecast
2026,2,27,5,0.6,metar,58,metar,0.0,metno_forecast,20,metar,5.0,metar,,,,,0,metno_forecast,1,metno_forecast
2026,2,27,6,0.0,metar,58,metar,0.0,metno_forecast,360,metar,3.0,metar,,,1000.7,metno_forecast,8,metno_forecast,1,metno_forecast
2026,2,27,7,-0.6,metar,61,metar,0.0,metno_forecast,30,metar,3.0,metar,,,,,0,metno_forecast,1,metno_forecast
2026,2,27,8,-1.1,metar,60,metar,0.0,metno_forecast,1,metno_forecast,3.0,metar,,,,,0,metno_forecast,1,metno_forecast
2026,2,27,9,-1.1,metar,60,metar,0.0,metno_forecast,40,metar,3.0,metar,,,,,1,metno_forecast,1,metno_forecast
2026,2,27,10,-1.1,metar,63,metar,0.0,metno_forecast,30,metar,4.0,metar,,,,,3,metno_forecast,1,metno_forecast
2026,2,27,11,-1.1,metar,58,metar,0.0,metno_forecast,20,metar,4.0,metar,,,,,0,metno_forecast,3,metno_forecast
2026,2,27,12,0.0,metar,58,metar,0.0,metno_forecast,240,metno_forecast,3.0,metar,,,999.0,metno_forecast,8,metno_forecast,1,metno_forecast
2026,2,27,13,1.7,metar,49,metar,0.0,metno_forecast,80,metar,5.0,metar,,,,,0,metno_forecast,1,metno_forecast
2026,2,27,14,2.8,metar,46,metar,0.0,metno_forecast,360,metno_forecast,3.0,metar,,,,,0,metno_forecast,1,metno_forecast
2026,2,27,15,3.9,metar,44,metar,0.0,metno_forecast,160,metar,4.0,metar,,,,,0,metno_forecast,1,metno_forecast
2026,2,27,16,5.0,metar,41,metar,0.0,metno_forecast,311,metno_forecast,5.0,metar,,,,,0,metno_forecast,1,metno_forecast
2026,2,27,17,6.1,metar,43,metar,0.0,metno_forecast,140,metar,6.0,metar,,,,,0,metno_forecast,1,metno_forecast
2026,2,27,18,6.7,metar,49,metar,0.0,metno_forecast,150,metar,4.0,metar,,,1006.5,metno_forecast,1,metno_forecast,1,metno_forecast
2026,2,27,19,6.1,metar,53,metar,0.0,metno_forecast,0,metar,0.0,metar,,,,,0,metno_forecast,1,metno_forecast
2026,2,27,20,6.1,metar,57,metar,0.0,metno_forecast,171,metno_forecast,4.7,metno_forecast,,,,,0,metno_forecast,1,metno_forecast
2026,2,27,21,5.0,metar,62,metar,0.0,metno_forecast,150,metar,4.0,metar,,,,,0,metno_forecast,1,metno_forecast
2026,2,27,22,3.9,metar,67,metar,0.0,metno_forecast,168,metno_forecast,6.0,metar,,,,,0,metno_forecast,1,metno_forecast
2026,2,27,23,3.3,metar,73,metar,0.0,metno_forecast,140,metar,4.0,metar,,,,,0,metno_forecast,1,metno_forecast
2026,2,28,0,3.9,metar,72,metar,0.0,metno_forecast,0,metar,0.0,metar,,,1015.3,metno_forecast,0,metno_forecast,1,metno_forecast
2026,2,28,1,3.9,metar,72,metar,0.0,metno_forecast,140,metar,3.0,metar,,,,,0,metno_forecast,1,metno_forecast
2026,2,28,2,2.8,metar,78,metar,0.0,metno_forecast,0,metar,0.0,metar,,,,,0,metno_forecast,1,metno_forecast
2026,2,28,3,2.8,metar,78,metar,0.0,metno_forecast,130,metar,4.0,metar,,,,,1,metno_forecast,1,metno_forecast
2026,2,28,4,2.8,metar,82,metar,0.0,metno_forecast,130,metar,5.0,metar,,,,,7,metno_forecast,1,metno_forecast
2026,2,28,5,2.8,metar,82,metar,0.0,metno_forecast,130,metar,3.0,metar,,,,,8,metno_forecast,5,metno_forecast
2026,2,28,6,2.2,metar,85,metar,0.0,metno_forecast,0,metar,0.0,metar,,,1018.8,metno_forecast,0,metno_forecast,5,metno_forecast
2026,2,28,7,1.1,metar,92,metar,0.0,metno_forecast,110,metar,4.0,metar,,,,,8,metno_forecast,5,metno_forecast
2026,2,28,8,1.7,metar,92,metar,0.0,metno_forecast,0,metar,0.0,metar,,,,,2,metar,5,metar
2026,2,28,9,1.1,metar,92,metar,0.0,metno_forecast,0,metar,0.0,metar,,,,,2,metar,5,metar
2026,2,28,10,1.1,metar,96,metar,0.0,metno_forecast,30,metar,3.0,metar,,,,,8,metno_forecast,5,metar
2026,2,28,11,1.1,metar,96,metar,0.0,metno_forecast,30,metar,5.0,metar,,,,,4,metar,5,metar
2026,2,28,12,1.1,metar,96,metar,0.0,metno_forecast,50,metar,4.0,metar,,,1021.2,metno_forecast,2,metar,5,metar
2026,2,28,13,1.7,metar,92,metar,0.0,metno_forecast,100,metar,4.0,metar,,,,,8,metar,5,metar
2026,2,28,14,5.0,metar,76,metar,0.0,metno_forecast,0,metar,0.0,metar,,,,,8,metar,5,metar
2026,2,28,15,7.2,metar,71,metar,0.0,metno_forecast,150,metar,3.0,metar,,,,,2,metar,5,metar
2026,2,28,16,9.4,metar,63,metar,0.0,metno_forecast,220,metar,3.0,metar,,,,,6,metar,5,metno_forecast
2026,2,28,17,10.0,metar,63,metar,0.0,metno_forecast,220,metar,3.0,metar,17.0,metar,,,4,metar,3,metno_forecast
2026,2,28,18,11.1,metar,54,metar,0.0,metno_forecast,0,metar,0.0,metar,,,1020.1,metno_forecast,1,metno_forecast,3,metno_forecast
2026,2,28,19,12.0,metar,50,metar,0.0,metno_forecast,0,metar,0.0,metar,,,1017.0,metar,2,metno_forecast,2,metno_forecast
2026,2,28,20,12.0,metar,50,metar,0.0,metno_forecast,160,metar,6.0,metar,,,1017.0,metar,0,metno_forecast,2,metno_forecast
2026,2,28,21,10.0,metar,61,metar,0.0,metno_forecast,112,metno_forecast,6.0,metar,,,1017.0,metar,6,metar,1,metno_forecast
2026,2,28,22,9.0,metar,66,metar,0.0,metno_forecast,86,metno_forecast,2.9,metno_forecast,,,1018.0,metar,0,metno_forecast,1,metno_forecast
2026,2,28,23,8.0,metar,71,metar,0.0,metno_forecast,0,metar,0.0,metar,,,1018.0,metar,0,metno_forecast,1,metno_forecast
2026,3,1,0,7.0,metar,76,metar,0.0,metno_forecast,0,metar,0.0,metar,,,1018.0,metar,6,metno_forecast,1,metno_forecast
2026,3,1,1,6.7,metar,79,metar,0.0,metno_forecast,40,metar,4.0,metar,,,1017.5,metno_forecast,0,metno_forecast,5,metno_forecast
2026,3,1,2,7.0,metar,79,metar,0.0,metno_forecast,0,metar,0.0,metar,,,1018.0,metar,1,metno_forecast,1,metno_forecast
2026,3,1,3,6.1,metar,82,metar,0.0,metno_forecast,0,metar,0.0,metar,,,1017.8,metno_forecast,7,metno_forecast,2,metno_forecast
2026,3,1,4,6.0,metar,86,metar,0.0,metno_forecast,5,metno_forecast,7.9,metno_forecast,,,1017.0,metar,7,metno_forecast,5,metno_forecast
2026,3,1,5,6.0,metar,82,metar,0.0,metno_forecast,356,metno_forecast,8.6,metno_forecast,,,1017.0,metar,6,metno_forecast,5,metno_forecast
2026,3,1,6,4.0,metar,89,metar,0.0,metno_forecast,350,metno_forecast,10.4,metno_forecast,,,1017.0,metar,2,metno_forecast,5,metno_forecast
2026,3,1,7,5.0,metar,86,metar,0.0,metno_forecast,40,metar,7.0,metar,,,1017.0,metar,1,metno_forecast,5,metno_forecast
2026,3,1,8,3.0,metar,86,metar,0.0,metno_forecast,350,metno_forecast,7.0,metar,,,1018.0,metar,0,metno_forecast,2,metno_forecast
2026,3,1,9,3.0,metar,67,metar,0.0,metno_forecast,351,metno_forecast,7.0,metar,,,1018.0,metar,8,metno_forecast,1,metno_forecast
2026,3,1,10,-2.5,metno_forecast,79,metno_forecast,0.0,metno_forecast,349,metno_forecast,16.6,metno_forecast,,,1019.4,metno_forecast,5,metno_forecast,3,metno_forecast
2026,3,1,11,-2.1,metno_forecast,79,metno_forecast,0.0,metno_forecast,347,metno_forecast,15.8,metno_forecast,,,1018.9,metno_forecast,8,metno_forecast,3,metno_forecast
2026,3,1,12,-2.2,metno_forecast,79,metno_forecast,0.0,metno_forecast,347,metno_forecast,15.8,metno_forecast,,,1019.8,metno_forecast,8,metno_forecast,3,metno_forecast
2026,3,1,13,2.0,metar,72,metar,0.0,metno_forecast,350,metno_forecast,9.0,metar,,,1022.0,metar,8,metno_forecast,3,metno_forecast
2026,3,1,14,1.0,metar,75,metar,0.0,metno_forecast,360,metar,15.0,metar,,,1022.0,metar,8,metno_forecast,3,metno_forecast
2026,3,1,15,1.0,metar,79,metar,0.0,metno_forecast,1,metno_forecast,6.0,metar,,,1023.0,metar,8,metno_forecast,3,metno_forecast
2026,3,1,16,1.0,metar,73,metar,0.0,metno_forecast,30,metar,15.0,metar,,,1024.0,metar,8,metno_forecast,3,metno_forecast
2026,3,1,17,4.0,metar,55,metar,0.0,metno_forecast,2,metno_forecast,11.0,metar,,,1023.0,metar,6,metno_forecast,3,metno_forecast
2026,3,1,18,4.0,metar,48,metar,0.0,metno_forecast,2,metno_forecast,6.0,metar,,,1023.0,metar,7,metno_forecast,3,metno_forecast
2026,3,1,19,5.0,metar,41,metar,0.0,metno_forecast,10,metno_forecast,14.4,metno_forecast,,,1024.0,metar,7,metno_forecast,3,metno_forecast
2026,3,1,20,5.0,metar,31,metar,0.0,metno_forecast,8,metno_forecast,9.0,metar,,,1025.0,metar,0,metno_forecast,3,metno_forecast
2026,3,1,21,6.0,metar,32,metar,0.0,metno_forecast,20,metno_forecast,7.9,metno_forecast,,,1025.0,metar,0,metno_forecast,1,metno_forecast
2026,3,1,22,4.0,metar,30,metar,0.0,metno_forecast,55,metno_forecast,6.0,metar,,,1027.0,metar,0,metno_forecast,1,metno_forecast
2026,3,1,23,4.0,metar,22,metar,0.0,metno_forecast,360,metar,13.0,metar,,,1028.0,metar,0,metno_forecast,1,metno_forecast
2026,3,2,0,3.0,metar,26,metar,0.0,metno_forecast,0,metar,0.0,metar,,,1030.0,metar,0,metno_forecast,1,metno_forecast
2026,3,2,1,2.0,metar,29,metar,0.0,metno_forecast,360,metar,7.0,metar,,,1031.0,metar,0,metno_forecast,1,metno_forecast
2026,3,2,2,1.0,metar,32,metar,0.0,metno_forecast,349,metno_forecast,6.0,metar,,,1032.0,metar,0,metno_forecast,1,metno_forecast
2026,3,2,3,-1.0,metar,33,metar,0.0,metno_forecast,348,metno_forecast,7.0,metar,14.0,metar,1032.0,metar,0,metno_forecast,1,metno_forecast
2026,3,2,4,-1.0,metar,36,metar,0.0,metno_forecast,349,metno_forecast,6.0,metar,,,1033.0,metar,0,metno_forecast,1,metno_forecast
2026,3,2,5,-2.0,metar,37,metar,0.0,metno_forecast,350,metno_forecast,9.0,metar,,,1034.0,metar,0,metno_forecast,1,metno_forecast
2026,3,2,6,-3.0,metar,37,metar,0.0,metno_forecast,0,metar,0.0,metar,,,1035.0,metar,0,metno_forecast,1,metno_forecast
2026,3,2,7,-3.0,metar,40,metar,0.0,metno_forecast,5,metno_forecast,9.0,metar,,,1035.0,metar,0,metno_forecast,1,metno_forecast
2026,3,2,8,-5.0,metar,38,metar,0.0,metno_forecast,50,metar,20.0,metar,18.0,metar,1036.0,metar,0,metno_forecast,1,metno_forecast
2026,3,2,9,-6.0,metar,34,metar,0.0,metno_forecast,40,metar,20.0,metar,17.0,metar,1037.0,metar,0,metno_forecast,1,metno_forecast
2026,3,2,10,-6.0,metar,39,metar,0.0,metno_forecast,40,metar,15.0,metar,,,1037.0,metar,6,metno_forecast,1,metno_forecast
2026,3,2,11,-6.0,metar,39,metar,0.0,metno_forecast,40,metar,17.0,metar,18.0,metar,1038.0,metar,8,metno_forecast,3,metno_forecast
2026,3,2,12,-5.0,metar,38,metar,0.0,metno_forecast,50,metar,15.0,metar,17.0,metar,1039.0,metar,8,metno_forecast,3,metno_forecast
2026,3,2,13,-4.0,metar,38,metar,0.0,metno_forecast,20,metar,15.0,metar,15.0,metar,1039.0,metar,8,metno_forecast,3,metno_forecast
2026,3,2,14,-4.0,metar,35,metar,0.0,metno_forecast,50,metar,11.0,metar,,,1039.0,metar,8,metno_forecast,3,metno_forecast
2026,3,2,15,-3.0,metar,33,metar,0.0,metno_forecast,27,metno_forecast,9.0,metar,,,1040.0,metar,8,metno_forecast,3,metno_forecast
2026,3,2,16,-2.0,metar,32,metar,0.0,metno_forecast,45,metno_forecast,9.0,metar,,,1039.0,metar,8,metno_forecast,3,metno_forecast
2026,3,2,17,-1.0,metar,30,metar,0.0,metno_forecast,62,metno_forecast,6.0,metar,,,1038.0,metar,8,metno_forecast,3,metno_forecast
2026,3,2,18,-1.0,metar,30,metar,0.0,metno_forecast,0,metar,0.0,metar,,,1038.0,metar,8,metno_forecast,3,metno_forecast
2026,3,2,19,0.0,metar,30,metar,0.0,metno_forecast,91,metno_forecast,6.0,metar,,,1038.0,metar,8,metno_forecast,3,metno_forecast
2026,3,2,20,1.0,metar,30,metar,0.0,metno_forecast,60,metar,6.0,metar,,,1037.0,metar,8,metno_forecast,3,metno_forecast
2026,3,2,21,0.0,metar,34,metar,0.0,metno_forecast,190,metar,9.0,metar,,,1037.0,metar,6,metno_forecast,3,metno_forecast
2026,3,2,22,-1.0,metar,37,metar,0.0,metno_forecast,190,metar,7.0,metar,,,1038.0,metar,0,metno_forecast,3,metno_forecast
2026,3,2,23,-1.0,metar,43,metar,0.0,metno_forecast,160,metno_forecast,6.0,metar,,,1038.0,metar,0,metno_forecast,1,metno_forecast
2026,3,3,0,-2.0,metar,58,metar,0.0,metno_forecast,140,metar,13.0,metar,,,1038.0,metar,0,metno_forecast,1,metno_forecast
2026,3,3,1,-2.0,metar,61,metar,0.0,metno_forecast,150,metar,7.0,metar,,,1038.0,metar,0,metno_forecast,1,metno_forecast
2026,3,3,2,-2.0,metar,63,metar,0.0,metno_forecast,130,metno_forecast,6.0,metar,,,1038.0,metar,0,metno_forecast,1,metno_forecast
2026,3,3,3,-1.0,metar,63,metar,0.0,metno_forecast,122,metno_forecast,3.6,metno_forecast,,,1038.0,metar,0,metno_forecast,1,metno_forecast
2026,3,3,4,-1.0,metar,63,metar,0.0,metno_forecast,81,metno_forecast,3.2,metno_forecast,,,1038.0,metar,0,metno_forecast,1,metno_forecast
2026,3,3,5,-1.0,metar,66,metar,0.0,metno_forecast,150,metar,7.0,metar,,,1038.0,metar,4,metno_forecast,1,metno_forecast
2026,3,3,6,-1.0,metar,66,metar,0.0,metno_forecast,160,metar,7.0,metar,,,1037.0,metar,8,metno_forecast,3,metno_forecast
2026,3,3,7,-1.0,metar,63,metar,0.0,metno_forecast,160,metar,9.0,metar,,,1037.0,metar,8,metno_forecast,3,metno_forecast
2026,3,3,8,0.0,metar,61,metar,0.0,metno_forecast,140,metar,6.0,metar,,,1036.0,metar,8,metno_forecast,3,metno_forecast
2026,3,3,9,0.0,metar,61,metar,0.0,metno_forecast,39,metno_forecast,6.0,metar,,,1036.0,metar,8,metno_forecast,3,metno_forecast
2026,3,3,10,0.0,metar,64,metar,0.0,metno_forecast,36,metno_forecast,6.0,metar,,,1036.0,metar,8,metno_forecast,3,metno_forecast
2026,3,3,11,0.0,metar,64,metar,0.0,metno_forecast,90,metar,7.0,metar,,,1036.0,metar,8,metno_forecast,3,metno_forecast
2026,3,3,12,1.0,metar,66,metar,0.0,metno_forecast,54,metno_forecast,7.0,metar,,,1036.0,metar,8,metno_forecast,3,metno_forecast
2026,3,3,13,1.0,metar,72,metar,0.0,metno_forecast,39,metno_forecast,7.0,metar,,,1036.0,metar,8,metno_forecast,3,metno_forecast
2026,3,3,14,2.0,metar,75,metar,0.0,metno_forecast,60,metar,9.0,metar,,,1035.0,metar,8,metno_forecast,3,metno_forecast
2026,3,3,15,1.0,metar,82,metar,0.2,metno_forecast,110,metar,7.0,metar,,,1035.0,metar,8,metno_forecast,14,metno_forecast
2026,3,3,16,2.0,metar,82,metar,0.4,metno_forecast,80,metar,15.0,metar,,,1035.0,metar,8,metno_forecast,15,metno_forecast
2026,3,3,17,2.0,metar,82,metar,0.0,metno_forecast,80,metar,9.0,metar,,,1033.0,metar,8,metno_forecast,3,metno_forecast
2026,3,3,18,1.0,metar,88,metar,0.2,metno_forecast,36,metno_forecast,7.0,metar,,,1032.0,metar,8,metno_forecast,12,metno_forecast
2026,3,3,19,1.0,metar,96,metar,0.2,metno_forecast,70,metar,9.0,metar,,,1031.0,metar,8,metno_forecast,12,metno_forecast
2026,3,3,20,1.0,metar,96,metar,0.0,metar,60,metar,7.0,metar,,,1030.0,metar,8,metar,12,metno_forecast
2026,3,3,21,1.0,metar,96,metar,0.0,metar,50,metar,9.0,metar,,,1028.0,metar,8,metar,13,metno_forecast
2026,3,3,22,1.0,metar,96,metar,0.0,metar,90,metar,11.0,metar,,,1027.0,metar,8,metar,5,metar
2026,3,3,23,1.0,metar,96,metar,0.0,metar,50,metar,11.0,metar,,,1027.0,metar,8,metar,12,metno_forecast
2026,3,4,0,1.0,metar,96,metar,0.0,metar,60,metar,6.0,metar,,,1026.0,metar,8,metar,12,metno_forecast
2026,3,4,1,1.0,metar,96,metar,0.0,metar,60,metar,6.0,metar,,,1025.0,metar,8,metar,12,metno_forecast
2026,3,4,2,1.0,metar,97,metar,0.0,metar,50,metar,6.0,metar,,,1024.0,metar,8,metar,13,metno_forecast
2026,3,4,3,1.0,metar,97,metar,0.0,metar,0,metar,0.0,metar,,,1024.0,metar,8,metar,5,metar
2026,3,4,4,2.0,metar,96,metar,0.0,metar,300,metar,6.0,metar,,,1023.0,metar,8,metar,5,metar
2026,3,4,5,2.0,metar,100,metar,0.0,metar,300,metar,6.0,metar,,,1024.0,metar,8,metar,12,metno_forecast
2026,3,4,6,3.0,metar,96,metar,0.0,metar,0,metar,0.0,metar,,,1023.0,metar,8,metar,7,metno_forecast
2026,3,4,7,3.0,metar,96,metar,0.0,metar,0,metar,6.0,metar,,,1023.0,metar,4,metar,5,metar
2026,3,4,8,3.0,metar,93,metar,0.3,metno_forecast,0,metar,0.0,metar,,,1024.0,metar,8,metar,8,metno_forecast
2026,3,4,9,4.0,metar,89,metar,0.0,metno_forecast,260,metar,6.0,metar,,,1023.0,metar,4,metar,3,metno_forecast
2026,3,4,10,4.0,metar,89,metar,0.0,metno_forecast,270,metar,7.0,metar,,,1024.0,metar,8,metno_forecast,3,metno_forecast
2026,3,4,11,4.0,metar,89,metar,0.0,metno_forecast,280,metar,11.0,metar,,,1025.0,metar,8,metno_forecast,5,metar
2026,3,4,12,4.0,metar,86,metar,0.0,metno_forecast,260,metar,6.0,metar,,,1025.0,metar,8,metno_forecast,3,metno_forecast
2026,3,4,13,6.0,metar,79,metar,0.0,metno_forecast,312,metno_forecast,6.0,metar,,,1026.0,metar,8,metno_forecast,3,metno_forecast
2026,3,4,14,6.0,metar,79,metar,0.0,metno_forecast,30,metar,9.0,metar,,,1026.0,metar,4,metno_forecast,3,metno_forecast
2026,3,4,15,6.0,metar,79,metar,0.0,metno_forecast,20,metar,13.0,metar,,,1026.0,metar,8,metno_forecast,3,metno_forecast
2026,3,4,16,6.0,metar,76,metar,0.0,metno_forecast,70,metar,7.0,metar,,,1026.0,metar,8,metno_forecast,3,metno_forecast
2026,3,4,17,8.0,metar,71,metar,0.0,metno_forecast,50,metar,6.0,metar,,,1025.0,metar,5,metno_forecast,3,metno_forecast
2026,3,4,18,9.0,metar,68,metar,0.0,metno_forecast,60,metar,7.0,metar,,,1024.0,metar,3,metno_forecast,3,metno_forecast
2026,3,4,19,8.0,metar,68,metar,0.0,metno_forecast,162,metno_forecast,6.0,metar,,,1024.0,metar,6,metar,2,metno_forecast
2026,3,4,20,9.0,metar,66,metar,0.0,metno_forecast,0,metar,0.0,metar,,,1024.0,metar,8,metno_forecast,3,metno_forecast
2026,3,4,21,8.0,metar,71,metar,0.0,metno_forecast,0,metar,0.0,metar,,,1024.0,metar,8,metno_forecast,3,metno_forecast
2026,3,4,22,8.0,metar,73,metar,0.0,metno_forecast,300,metar,6.0,metar,,,1024.0,metar,8,metno_forecast,3,metno_forecast
2026,3,4,23,8.0,metar,71,metar,0.0,metno_forecast,220,metar,6.0,metar,,,1025.0,metar,0,metno_forecast,3,metno_forecast
2026,3,5,0,7.8,metar,73,metar,0.0,metno_forecast,0,metar,0.0,metar,,,1024.7,metno_forecast,0,metno_forecast,1,metno_forecast
2026,3,5,1,7.0,metar,74,metar,0.0,metno_forecast,280,metar,6.0,metar,,,1025.0,metar,8,metar,1,metno_forecast
2026,3,5,2,7.0,metar,76,metar,0.0,metno_forecast,0,metar,0.0,metar,,,1025.0,metar,8,metar,2,metno_forecast
2026,3,5,3,8.0,metar,76,metar,0.0,metno_forecast,0,metar,0.0,metar,,,1025.0,metar,8,metar,3,metno_forecast
2026,3,5,4,8.0,metar,76,metar,0.0,metno_forecast,0,metar,0.0,metar,,,1024.0,metar,8,metar,3,metno_forecast
2026,3,5,5,8.0,metar,76,metar,0.0,metno_forecast,0,metar,0.0,metar,,,1024.0,metar,8,metar,3,metno_forecast
2026,3,5,6,8.0,metar,76,metar,0.0,metno_forecast,0,metar,0.0,metar,,,1024.0,metar,8,metar,3,metno_forecast
2026,3,5,7,7.0,metar,85,metar,0.0,metar,0,metar,0.0,metar,,,1024.0,metar,4,metar,3,metno_forecast
2026,3,5,8,7.0,metar,82,metar,0.0,metno_forecast,0,metar,6.0,metar,,,1024.0,metar,6,metar,3,metno_forecast
2026,3,5,9,6.0,metar,82,metar,0.0,metno_forecast,0,metar,0.0,metar,,,1024.0,metar,6,metar,3,metno_forecast
2026,3,5,10,6.0,metar,82,metar,0.0,metar,0,metar,0.0,metar,,,1024.0,metar,8,metar,3,metno_forecast
2026,3,5,11,5.0,metar,93,metar,0.0,metar,30,metar,6.0,metar,,,1024.0,metar,6,metar,7,metno_forecast
2026,3,5,12,5.0,metar,96,metar,0.0,metar,40,metar,7.0,metar,,,1023.0,metar,4,metar,9,metno_forecast
2026,3,5,13,5.0,metar,96,metar,0.1,metar,30,metar,7.0,metar,,,1024.0,metar,6,metar,8,metar
2026,3,5,14,6.0,metar,96,metar,0.0,metar,40,metar,9.0,metar,,,1025.0,metar,6,metar,8,metar
2026,3,5,15,6.0,metar,96,metar,0.1,metar,0,metar,3.0,metar,,,1025.0,metar,6,metar,8,metar
2026,3,5,16,5.0,metar,96,metar,0.0,metar,50,metar,7.0,metar,,,1025.0,metar,8,metar,9,metno_forecast
2026,3,5,17,5.0,metar,96,metar,0.0,metar,59,metno_forecast,7.0,metar,,,1025.0,metar,8,metar,5,metar
2026,3,5,18,5.0,metar,96,metar,0.4,metno_forecast,40,metar,11.0,metar,,,1024.0,metar,8,metar,5,metar
2026,3,5,19,5.0,metar,93,metar,0.0,metar,50,metar,11.0,metar,,,1024.0,metar,8,metar,8,metno_forecast
2026,3,5,20,5.0,metar,93,metar,0.0,metar,60,metno_forecast,7.0,metar,,,1024.0,metar,8,metar,5,metar
2026,3,5,21,4.0,metar,96,metar,0.1,metno_forecast,80,metar,15.0,metar,,,1024.0,metar,8,metar,5,metar
2026,3,5,22,4.0,metar,96,metar,0.0,metno_forecast,70,metar,15.0,metar,,,1024.0,metar,8,metar,5,metar
2026,3,5,23,3.0,metar,97,metar,0.0,metar,70,metar,17.0,metar,,,1024.0,metar,8,metar,5,metar
2026,3,6,0,4.0,metar,96,metar,0.0,metar,60,metar,9.0,metar,16.0,metar,1026.0,metar,8,metar,8,metar
2026,3,6,1,4.0,metar,96,metar,0.1,metar,0,metar,9.0,metar,14.0,metar,1024.0,metar,6,metar,7,metno_forecast
2026,3,6,2,4.0,metar,96,metar,0.0,metar,60,metar,15.0,metar,20.0,metar,1024.0,metar,8,metar,8,metar
2026,3,6,3,3.0,metar,97,metar,0.0,metar,60,metar,17.0,metar,14.0,metar,1025.0,metar,8,metar,8,metar
2026,3,6,4,3.0,metar,97,metar,0.1,metar,60,metar,28.0,metar,25.0,metar,1025.0,metar,8,metar,8,metar
2026,3,6,5,3.0,metar,93,metar,0.1,metar,80,metar,19.0,metar,23.0,metar,1025.0,metar,8,metar,9,metno_forecast
2026,3,6,6,3.0,metar,93,metar,0.0,metar,80,metar,15.0,metar,21.0,metar,1025.0,metar,8,metar,9,metno_forecast
2026,3,6,7,3.0,metar,93,metar,1.2,metno_forecast,60,metar,22.0,metar,23.0,metar,1025.0,metar,8,metar,9,metno_forecast
2026,3,6,8,3.0,metar,93,metar,0.0,metar,50,metar,22.0,metar,17.0,metar,1025.0,metar,8,metar,5,metar
2026,3,6,9,3.0,metar,93,metar,0.0,metno_forecast,20,metar,11.0,metar,,,1026.0,metar,8,metar,3,metno_forecast
2026,3,6,10,3.0,metar,93,metar,0.0,metno_forecast,30,metar,13.0,metar,,,1026.0,metar,8,metar,3,metno_forecast
2026,3,6,11,3.0,metar,93,metar,0.0,metno_forecast,40,metar,13.0,metar,,,1027.0,metar,8,metar,3,metno_forecast
2026,3,6,12,3.0,metar,93,metar,0.0,metno_forecast,50,metar,7.0,metar,15.0,metar,1027.0,metar,8,metar,3,metno_forecast
2026,3,6,13,4.0,metar,86,metar,0.0,metno_forecast,60,metar,15.0,metar,17.0,metar,1028.0,metar,8,metar,3,metno_forecast
2026,3,6,14,4.0,metar,83,metar,0.0,metno_forecast,37,metno_forecast,11.0,metar,18.0,metar,1028.0,metar,8,metar,3,metno_forecast
2026,3,6,15,4.0,metar,83,metar,0.0,metno_forecast,70,metar,15.0,metar,14.0,metar,1029.0,metar,8,metar,3,metno_forecast
2026,3,6,16,5.0,metar,82,metar,0.0,metno_forecast,50,metar,15.0,metar,,,1029.0,metar,8,metar,3,metno_forecast
2026,3,6,17,4.0,metar,83,metar,0.0,metno_forecast,60,metar,17.0,metar,,,1030.0,metar,8,metar,3,metno_forecast
2026,3,6,18,5.0,metar,79,metar,0.0,metno_forecast,58,metno_forecast,9.0,metar,,,1030.0,metar,8,metar,3,metno_forecast
2026,3,6,19,4.0,metar,83,metar,0.0,metno_forecast,70,metar,9.0,metar,,,1029.0,metar,8,metar,3,metno_forecast
2026,3,6,20,4.0,metar,79,metar,0.0,metno_forecast,100,metar,11.0,metar,,,1030.0,metar,8,metar,3,metno_forecast
2026,3,6,21,4.0,metar,79,metar,0.0,metno_forecast,66,metno_forecast,11.0,metar,,,1030.0,metar,8,metar,3,metno_forecast
2026,3,6,22,4.0,metar,79,metar,0.0,metno_forecast,80,metar,11.0,metar,,,1031.0,metar,8,metar,3,metno_forecast
2026,3,6,23,4.0,metar,79,metar,0.0,metno_forecast,100,metar,15.0,metar,,,1031.0,metar,8,metar,3,metno_forecast
2026,3,7,0,4.0,metar,79,metar,0.0,metno_forecast,50,metar,11.0,metar,,,1031.0,metar,8,metar,3,metno_forecast
2026,3,7,1,3.0,metar,79,metar,0.0,metno_forecast,50,metar,11.0,metar,,,1031.0,metar,8,metar,3,metno_forecast
2026,3,7,2,3.0,metar,79,metar,0.0,metno_forecast,70,metar,9.0,metar,,,1031.0,metar,8,metar,3,metno_forecast
2026,3,7,3,3.0,metar,82,metar,0.0,metno_forecast,60,metar,13.0,metar,,,1031.0,metar,8,metar,3,metno_forecast
2026,3,7,4,3.0,metar,82,metar,0.0,metno_forecast,70,metar,15.0,metar,,,1030.0,metar,8,metar,3,metno_forecast
2026,3,7,5,2.0,metar,89,metar,0.0,metno_forecast,50,metar,9.0,metar,,,1030.0,metar,8,metar,3,metno_forecast
2026,3,7,6,3.0,metar,85,metar,0.0,metno_forecast,60,metar,6.0,metar,,,1029.0,metar,8,metar,3,metno_forecast
2026,3,7,7,3.0,metar,89,metar,0.0,metno_forecast,0,metar,0.0,metar,,,1028.0,metar,8,metar,5,metar
2026,3,7,8,2.0,metar,92,metar,0.0,metno_forecast,0,metar,0.0,metar,,,1028.0,metar,8,metar,5,metar
2026,3,7,9,2.0,metar,97,metar,0.0,metno_forecast,0,metar,0.0,metar,,,1027.0,metar,6,metar,5,metar
2026,3,7,10,3.0,metar,93,metar,0.0,metno_forecast,0,metar,0.0,metar,,,1026.0,metar,8,metar,5,metar
2026,3,7,11,3.0,metar,93,metar,0.0,metno_forecast,140,metar,7.0,metar,,,1025.0,metar,8,metar,5,metar
2026,3,7,12,3.0,metar,93,metar,0.0,metno_forecast,150,metar,4.0,metar,,,1025.0,metar,8,metar,5,metar
2026,3,7,13,3.0,metar,93,metar,0.0,metno_forecast,0,metar,6.0,metar,,,1025.0,metar,8,metar,5,metar
2026,3,7,14,4.0,metar,93,metar,0.0,metno_forecast,150,metar,9.0,metar,,,1024.0,metar,8,metno_forecast,3,metno_forecast
2026,3,7,15,6.0,metar,86,metar,0.0,metno_forecast,0,metar,0.0,metar,,,1023.0,metar,8,metar,3,metno_forecast
2026,3,7,16,6.0,metar,86,metar,0.0,metno_forecast,0,metar,6.0,metar,,,1023.0,metar,8,metar,3,metno_forecast
2026,3,7,17,8.0,metar,76,metar,0.0,metno_forecast,213,metno_forecast,11.2,metno_forecast,,,1021.0,metar,8,metar,3,metno_forecast
2026,3,7,18,8.0,metar,80,metar,0.0,metno_forecast,211,metno_forecast,6.0,metar,,,1019.0,metar,8,metar,3,metno_forecast
2026,3,7,19,9.0,metar,80,metar,0.0,metno_forecast,220,metar,9.0,metar,15.0,metar,1018.0,metar,8,metar,3,metno_forecast
2026,3,7,20,10.0,metar,77,metar,0.0,metno_forecast,0,metar,0.0,metar,,,1017.0,metar,8,metar,3,metno_forecast
2026,3,7,21,8.0,metar,83,metar,0.0,metno_forecast,200,metno_forecast,12.2,metno_forecast,,,1016.0,metar,8,metar,3,metno_forecast
2026,3,7,22,8.0,metar,86,metar,0.0,metno_forecast,193,metno_forecast,3.0,metar,,,1016.0,metar,8,metar,3,metno_forecast
2026,3,7,23,8.0,metar,93,metar,0.0,metno_forecast,152,metno_forecast,7.0,metar,,,1015.0,metar,8,metar,3,metno_forecast
2026,3,8,0,8.0,metar,93,metar,0.0,metno_forecast,0,metar,0.0,metar,,,1014.0,metar,8,metar,5,metar
2026,3,8,1,8.0,metar,96,metar,0.0,metno_forecast,0,metar,0.0,metar,,,1014.0,metar,8,metar,5,metar
2026,3,8,2,8.0,metar,97,metar,0.0,metno_forecast,190,metno_forecast,6.0,metar,,,1015.0,metar,8,metar,5,metar
2026,3,8,3,9.0,metar,100,metar,0.0,metno_forecast,0,metar,0.0,metar,,,1014.0,metar,8,metar,5,metar
2026,3,8,4,11.0,metar,96,metar,0.0,metno_forecast,150,metar,6.0,metar,,,1012.0,metar,8,metar,3,metno_forecast
2026,3,8,5,11.0,metar,93,metar,0.0,metno_forecast,0,metar,0.0,metar,,,1011.0,metar,8,metar,3,metno_forecast
2026,3,8,6,11.0,metar,89,metar,0.0,metar,170,metar,6.0,metar,,,1010.0,metar,8,metar,3,metno_forecast
2026,3,8,7,11.0,metar,96,metar,0.0,metar,233,metno_forecast,9.0,metar,,,1009.0,metar,8,metar,5,metar
2026,3,8,8,11.0,metar,96,metar,0.0,metno_forecast,0,metar,0.0,metar,,,1009.0,metar,8,metar,5,metar
2026,3,8,9,11.0,metar,97,metar,0.0,metno_forecast,240,metar,13.0,metar,,,1009.0,metar,8,metar,5,metar
2026,3,8,10,11.0,metar,97,metar,0.0,metno_forecast,240,metar,13.0,metar,14.0,metar,1009.0,metar,8,metar,5,metar
2026,3,8,11,12.0,metar,93,metar,0.0,metno_forecast,260,metar,9.0,metar,,,1010.0,metar,4,metar,5,metar
2026,3,8,12,13.0,metar,89,metar,0.0,metar,230,metno_forecast,11.0,metar,,,1010.0,metar,6,metar,5,metar
2026,3,8,13,14.0,metar,83,metar,0.0,metno_forecast,235,metno_forecast,14.8,metno_forecast,,,1010.0,metar,6,metar,3,metno_forecast
2026,3,8,14,13.0,metar,87,metar,0.0,metno_forecast,231,metno_forecast,9.0,metar,,,1010.0,metar,8,metno_forecast,5,metar
2026,3,8,15,15.0,metar,78,metar,0.0,metno_forecast,240,metar,13.0,metar,,,1010.0,metar,8,metno_forecast,3,metno_forecast
2026,3,8,16,18.0,metar,68,metar,0.0,metno_forecast,214,metno_forecast,7.0,metar,,,1010.0,metar,8,metno_forecast,3,metno_forecast
2026,3,8,17,19.0,metar,63,metar,0.0,metno_forecast,219,metno_forecast,9.0,metar,,,1008.0,metar,8,metno_forecast,3,metno_forecast
2026,3,8,18,21.0,metar,55,metar,0.0,metno_forecast,241,metno_forecast,7.0,metar,,,1009.0,metar,6,metar,3,metno_forecast
2026,3,8,19,19.0,metar,55,metar,0.0,metno_forecast,280,metar,15.0,metar,17.0,metar,1009.0,metar,8,metno_forecast,3,metno_forecast
2026,3,8,20,19.0,metar,54,metar,0.0,metno_forecast,267,metno_forecast,6.0,metar,,,1010.0,metar,8,metno_forecast,3,metno_forecast
2026,3,8,21,19.0,metar,52,metar,0.0,metno_forecast,0,metar,0.0,metar,,,1010.0,metar,7,metno_forecast,3,metno_forecast
2026,3,8,22,18.0,metar,52,metar,0.0,metno_forecast,266,metno_forecast,6.0,metar,,,1011.0,metar,8,metno_forecast,3,metno_forecast
2026,3,8,23,18.0,metar,46,metar,0.0,metno_forecast,260,metar,9.0,metar,,,1012.0,metar,8,metno_forecast,3,metno_forecast
2026,3,9,0,17.0,metar,40,metar,0.0,metno_forecast,280,metar,13.0,metar,,,1013.0,metar,8,metno_forecast,3,metno_forecast
2026,3,9,1,17.0,metar,43,metar,0.0,metno_forecast,280,metar,9.0,metar,,,1014.0,metar,1,metno_forecast,3,metno_forecast
2026,3,9,2,17.0,metar,39,metar,0.0,metno_forecast,280,metar,9.0,metar,,,1014.0,metar,1,metno_forecast,1,metno_forecast
2026,3,9,3,16.0,metar,41,metar,0.0,metno_forecast,280,metar,9.0,metar,,,1015.0,metar,0,metno_forecast,1,metno_forecast
2026,3,9,4,16.0,metar,39,metar,0.0,metno_forecast,280,metar,11.0,metar,,,1015.0,metar,0,metno_forecast,1,metno_forecast
2026,3,9,5,14.0,metar,40,metar,0.0,metno_forecast,300,metar,9.0,metar,,,1015.0,metar,0,metno_forecast,1,metno_forecast
2026,3,9,6,13.0,metar,42,metar,0.0,metno_forecast,310,metar,6.0,metar,,,1016.0,metar,0,metno_forecast,1,metno_forecast
2026,3,9,7,12.0,metar,41,metar,0.0,metno_forecast,0,metar,0.0,metar,,,1016.0,metar,0,metno_forecast,1,metno_forecast
2026,3,9,8,12.0,metar,47,metar,0.0,metno_forecast,0,metar,0.0,metar,,,1016.0,metar,0,metno_forecast,1,metno_forecast
2026,3,9,9,12.0,metar,49,metar,0.0,metno_forecast,0,metar,0.0,metar,,,1016.0,metar,0,metno_forecast,1,metno_forecast
2026,3,9,10,11.7,metar,50,metar,0.0,metno_forecast,0,metar,0.0,metar,,,1015.8,metno_forecast,0,metno_forecast,1,metno_forecast
2026,3,9,11,11.7,metar,48,metar,0.0,metno_forecast,0,metar,0.0,metar,,,1016.1,metno_forecast,0,metno_forecast,1,metno_forecast
2026,3,9,12,14.0,metar,37,metar,0.0,metno_forecast,0,metar,0.0,metar,,,1018.0,metar,0,metno_forecast,1,metno_forecast
2026,3,9,13,16.0,metar,32,metar,0.0,metno_forecast,230,metar,11.0,metar,,,1019.0,metar,0,metno_forecast,1,metno_forecast
2026,3,9,14,16.0,metar,35,metar,0.0,metno_forecast,240,metar,7.0,metar,,,1019.0,metar,0,metno_forecast,1,metno_forecast
2026,3,9,15,18.0,metar,34,metar,0.0,metno_forecast,230,metar,7.0,metar,,,1019.0,metar,0,metno_forecast,1,metno_forecast
2026,3,9,16,19.0,metar,29,metar,0.0,metno_forecast,227,metno_forecast,7.6,metno_forecast,,,1018.0,metar,0,metno_forecast,1,metno_forecast
2026,3,9,17,21.0,metar,22,metar,0.0,metno_forecast,220,metar,13.0,metar,17.0,metar,1017.0,metar,0,metno_forecast,1,metno_forecast
2026,3,9,18,22.0,metar,23,metar,0.0,metno_forecast,240,metar,20.0,metar,19.0,metar,1016.0,metar,0,metno_forecast,1,metno_forecast
2026,3,9,19,22.0,metar,25,metar,0.0,metno_forecast,226,metno_forecast,11.9,metno_forecast,,,1016.0,metar,0,metno_forecast,1,metno_forecast
2026,3,9,20,22.0,metar,28,metar,0.0,metno_forecast,210,metno_forecast,11.5,metno_forecast,,,1015.0,metar,0,metno_forecast,1,metno_forecast
2026,3,9,21,21.0,metar,32,metar,0.0,metno_forecast,171,metno_forecast,9.0,metar,,,1015.0,metar,2,metno_forecast,1,metno_forecast
2026,3,9,22,18.0,metar,37,metar,0.0,metno_forecast,140,metar,7.0,metar,,,1016.0,metar,2,metno_forecast,2,metno_forecast
2026,3,9,23,17.0,metar,40,metar,0.0,metno_forecast,140,metar,6.0,metar,,,1016.0,metar,5,metno_forecast,2,metno_forecast
2026,3,10,0,16.0,metar,42,metar,0.0,metno_forecast,140,metar,6.0,metar,,,1016.0,metar,7,metno_forecast,3,metno_forecast
2026,3,10,1,16.0,metar,44,metar,0.0,metno_forecast,0,metar,0.0,metar,,,1016.0,metar,1,metno_forecast,5,metno_forecast
2026,3,10,2,14.0,metar,57,metar,0.0,metno_forecast,50,metar,7.0,metar,,,1017.0,metar,1,metno_forecast,2,metno_forecast
2026,3,10,3,12.0,metar,66,metar,0.0,metno_forecast,40,metar,6.0,metar,,,1017.0,metar,0,metno_forecast,2,metno_forecast
2026,3,10,4,16.0,metar,47,metar,0.0,metno_forecast,0,metar,0.0,metar,,,1017.0,metar,0,metno_forecast,1,metno_forecast
2026,3,10,5,15.0,metar,55,metar,0.0,metno_forecast,250,metar,9.0,metar,,,1017.0,metar,0,metno_forecast,1,metno_forecast
2026,3,10,6,16.0,metar,53,metar,0.0,metno_forecast,235,metno_forecast,7.0,metar,,,1017.0,metar,0,metno_forecast,1,metno_forecast
2026,3,10,7,15.0,metar,53,metar,0.0,metno_forecast,0,metar,0.0,metar,,,1017.0,metar,0,metno_forecast,1,metno_forecast
2026,3,10,8,13.0,metar,60,metar,0.0,metno_forecast,0,metar,0.0,metar,,,1017.0,metar,0,metno_forecast,1,metno_forecast
2026,3,10,9,12.0,metar,71,metar,0.0,metno_forecast,0,metar,0.0,metar,,,1017.0,metar,0,metno_forecast,1,metno_forecast
2026,3,10,10,11.0,metar,74,metar,0.0,metno_forecast,0,metar,0.0,metar,,,1017.0,metar,0,metno_forecast,1,metno_forecast
2026,3,10,11,11.0,metar,77,metar,0.0,metno_forecast,0,metar,0.0,metar,,,1017.0,metar,0,metno_forecast,1,metno_forecast
2026,3,10,12,14.0,metar,67,metar,0.0,metno_forecast,0,metar,0.0,metar,,,1018.0,metar,0,metno_forecast,1,metno_forecast
2026,3,10,13,16.0,metar,60,metar,0.0,metno_forecast,0,metar,0.0,metar,,,1018.0,metar,0,metno_forecast,1,metno_forecast
2026,3,10,14,19.0,metar,45,metar,0.0,metno_forecast,0,metar,0.0,metar,,,1018.0,metar,0,metno_forecast,1,metno_forecast
2026,3,10,15,22.0,metar,35,metar,0.0,metno_forecast,203,metno_forecast,6.0,metar,,,1018.0,metar,0,metno_forecast,1,metno_forecast
2026,3,10,16,23.0,metar,31,metar,0.0,metno_forecast,220,metar,13.0,metar,,,1016.0,metar,0,metno_forecast,1,metno_forecast
2026,3,10,17,25.0,metar,26,metar,0.0,metno_forecast,220,metar,19.0,metar,16.0,metar,1016.0,metar,0,metno_forecast,1,metno_forecast
2026,3,10,18,26.0,metar,27,metar,0.0,metno_forecast,230,metar,15.0,metar,,,1015.0,metar,0,metno_forecast,1,metno_forecast
2026,3,10,19,24.0,metar,35,metar,0.0,metno_forecast,140,metar,11.0,metar,,,1015.0,metar,0,metno_forecast,1,metno_forecast
2026,3,10,20,24.0,metar,37,metar,0.0,metno_forecast,179,metno_forecast,6.0,metar,,,1015.0,metar,0,metno_forecast,1,metno_forecast
2026,3,10,21,24.4,metar,32,metar,0.0,metno_forecast,170,metar,4.0,metar,,,1014.6,metno_forecast,1,metno_forecast,1,metno_forecast
2026,3,10,22,23.0,metar,35,metar,0.0,metno_forecast,131,metno_forecast,6.0,metar,,,1015.0,metar,1,metno_forecast,2,metno_forecast
2026,3,10,23,22.8,metar,35,metar,0.0,metno_forecast,0,metar,0.0,metar,,,1015.3,metno_forecast,1,metno_forecast,2,metno_forecast
2026,3,11,0,23.0,metar,34,metar,0.0,metno_forecast,164,metno_forecast,6.0,metar,,,1016.0,metar,0,metno_forecast,1,metno_forecast
2026,3,11,1,21.0,metar,38,metar,0.0,metno_forecast,0,metar,0.0,metar,,,1016.0,metar,0,metno_forecast,1,metno_forecast
2026,3,11,2,22.0,metar,32,metar,0.0,metno_forecast,186,metno_forecast,7.0,metar,,,1016.0,metar,0,metno_forecast,1,metno_forecast
2026,3,11,3,21.0,metar,33,metar,0.0,metno_forecast,230,metar,9.0,metar,,,1016.0,metar,0,metno_forecast,1,metno_forecast
2026,3,11,4,22.0,metar,29,metar,0.0,metno_forecast,209,metno_forecast,6.8,metno_forecast,,,1016.0,metar,0,metno_forecast,1,metno_forecast
2026,3,11,5,21.0,metar,31,metar,0.0,metno_forecast,210,metar,9.0,metar,,,1016.0,metar,0,metno_forecast,1,metno_forecast
2026,3,11,6,21.0,metar,33,metar,0.0,metno_forecast,227,metno_forecast,6.0,metar,,,1016.0,metar,2,metar,1,metno_forecast
2026,3,11,7,19.0,metar,36,metar,0.0,metno_forecast,0,metar,0.0,metar,,,1015.0,metar,6,metar,1,metno_forecast
2026,3,11,8,16.0,metar,47,metar,0.0,metno_forecast,30,metar,6.0,metar,,,1015.0,metar,7,metno_forecast,1,metno_forecast
2026,3,11,9,13.0,metar,57,metar,0.0,metno_forecast,40,metar,6.0,metar,,,1015.0,metar,2,metno_forecast,3,metno_forecast
2026,3,11,10,13.0,metar,62,metar,0.0,metno_forecast,172,metno_forecast,7.0,metar,,,1015.0,metar,6,metno_forecast,2,metno_forecast
2026,3,11,11,13.0,metar,66,metar,0.0,metno_forecast,163,metno_forecast,6.0,metar,,,1015.0,metar,8,metno_forecast,3,metno_forecast
2026,3,11,12,13.0,metar,62,metar,0.0,metno_forecast,70,metar,7.0,metar,,,1015.0,metar,7,metno_forecast,3,metno_forecast
2026,3,11,13,16.0,metar,55,metar,0.0,metno_forecast,120,metar,11.0,metar,,,1014.0,metar,6,metno_forecast,3,metno_forecast
2026,3,11,14,17.0,metar,52,metar,0.0,metno_forecast,130,metar,11.0,metar,,,1014.0,metar,8,metno_forecast,3,metno_forecast
2026,3,11,15,19.0,metar,50,metar,0.0,metno_forecast,130,metar,9.0,metar,,,1013.0,metar,6,metno_forecast,3,metno_forecast
2026,3,11,16,17.0,metar,58,metar,0.0,metno_forecast,145,metno_forecast,11.0,metar,,,1012.0,metar,6,metno_forecast,3,metno_forecast
2026,3,11,17,17.0,metar,58,metar,0.0,metno_forecast,147,metno_forecast,7.0,metar,,,1011.0,metar,2,metar,3,metno_forecast
2026,3,11,18,19.0,metar,52,metar,0.0,metno_forecast,147,metno_forecast,6.0,metar,,,1010.0,metar,4,metar,3,metno_forecast
2026,3,11,19,19.0,metar,55,metar,0.0,metar,156,metno_forecast,9.0,metar,,,1009.0,metar,6,metar,3,metno_forecast
2026,3,11,20,20.0,metar,59,metar,0.0,metno_forecast,150,metar,13.0,metar,,,1008.0,metar,2,metar,3,metno_forecast
2026,3,11,21,18.0,metar,60,metar,0.0,metno_forecast,140,metar,7.0,metar,,,1008.0,metar,6,metar,3,metno_forecast
2026,3,11,22,15.0,metar,69,metar,0.0,metno_forecast,0,metar,0.0,metar,,,1007.0,metar,3,metno_forecast,3,metno_forecast
2026,3,11,23,13.0,metar,75,metar,0.0,metno_forecast,40,metar,7.0,metar,,,1007.0,metar,6,metar,3,metno_forecast
2026,3,12,0,13.0,metar,77,metar,0.0,metno_forecast,0,metar,0.0,metar,,,1007.0,metar,8,metar,1,metno_forecast
2026,3,12,1,12.0,metar,86,metar,0.0,metar,300,metar,17.0,metar,15.0,metar,1009.0,metar,2,metar,3,metno_forecast
2026,3,12,2,12.0,metar,93,metar,0.0,metar,60,metar,6.0,metar,,,1005.0,metar,3,metno_forecast,5,metar
2026,3,12,3,13.0,metar,87,metar,0.0,metar,0,metar,0.0,metar,,,1005.0,metar,2,metar,2,metno_forecast
2026,3,12,4,14.0,metar,93,metar,0.0,metar,0,metar,0.0,metar,,,1006.0,metar,2,metar,8,metar
2026,3,12,5,16.0,metar,97,metar,0.0,metar,0,metar,0.0,metar,,,1003.0,metar,2,metar,5,metar
2026,3,12,6,15.0,metar,96,metar,0.1,metno_forecast,0,metar,0.0,metar,,,1003.0,metar,6,metar,5,metar
2026,3,12,7,14.0,metar,100,metar,0.0,metno_forecast,360,metar,6.0,metar,,,1002.0,metar,2,metar,5,metar
2026,3,12,8,14.0,metar,96,metar,0.0,metno_forecast,60,metar,6.0,metar,,,1001.0,metar,8,metno_forecast,5,metar
2026,3,12,9,12.0,metar,100,metar,0.7,metno_forecast,0,metar,0.0,metar,,,1001.0,metar,8,metno_forecast,5,metar
2026,3,12,10,12.0,metar,97,metar,0.2,metno_forecast,240,metar,6.0,metar,,,1001.0,metar,2,metar,5,metar
2026,3,12,11,14.0,metar,90,metar,0.0,metar,310,metar,9.0,metar,20.0,metar,1002.0,metar,2,metar,8,metar
2026,3,12,12,12.0,metar,83,metar,0.0,metar,330,metar,13.0,metar,20.0,metar,1004.0,metar,6,metar,3,metno_forecast
2026,3,12,13,7.0,metar,79,metar,0.0,metar,310,metar,30.0,metar,25.0,metar,1008.0,metar,6,metar,3,metno_forecast
2026,3,12,14,6.0,metar,65,metar,0.0,metar,320,metar,17.0,metar,23.0,metar,1008.0,metar,4,metar,8,metno_forecast
2026,3,12,15,6.0,metar,67,metar,0.0,metar,300,metar,19.0,metar,20.0,metar,1010.0,metar,8,metar,8,metno_forecast
2026,3,12,16,5.0,metar,67,metar,0.0,metar,300,metar,15.0,metar,23.0,metar,1009.0,metar,2,metar,8,metno_forecast
2026,3,12,17,4.0,metar,60,metar,0.0,metar,300,metar,22.0,metar,21.0,metar,1009.0,metar,2,metar,9,metno_forecast
2026,3,12,18,4.0,metar,59,metar,0.0,metar,300,metar,19.0,metar,19.0,metar,1010.0,metar,6,metar,8,metno_forecast
2026,3,12,19,3.0,metar,78,metar,0.0,metar,310,metar,17.0,metar,20.0,metar,1011.0,metar,4,metar,8,metno_forecast
2026,3,12,20,2.0,metar,85,metar,0.0,metar,307,metno_forecast,6.0,metar,,,1011.0,metar,8,metar,12,metno_forecast
2026,3,12,21,1.0,metar,92,metar,0.0,metar,0,metar,0.0,metar,,,1011.0,metar,6,metar,13,metno_forecast
2026,3,12,22,2.0,metar,85,metar,0.0,metar,270,metar,13.0,metar,15.0,metar,1012.0,metar,2,metar,12,metno_forecast
2026,3,12,23,2.0,metar,75,metar,0.2,metno_forecast,275,metno_forecast,6.0,metar,,,1014.0,metar,8,metno_forecast,12,metno_forecast
2026,3,13,0,3.0,metar,61,metar,0.0,metno_forecast,276,metno_forecast,7.0,metar,,,1015.0,metar,2,metar,3,metno_forecast
2026,3,13,1,3.0,metar,61,metar,0.0,metno_forecast,298,metno_forecast,11.0,metar,,,1016.0,metar,4,metar,3,metno_forecast
2026,3,13,2,2.0,metar,59,metar,0.0,metno_forecast,280,metar,13.0,metar,,,1017.0,metar,8,metar,3,metno_forecast
2026,3,13,3,3.0,metar,48,metar,0.0,metno_forecast,280,metar,15.0,metar,,,1017.0,metar,1,metno_forecast,1,metno_forecast
2026,3,13,4,2.0,metar,48,metar,0.0,metno_forecast,290,metar,11.0,metar,14.0,metar,1018.0,metar,0,metno_forecast,1,metno_forecast
2026,3,13,5,2.0,metar,49,metar,0.0,metno_forecast,300,metar,9.0,metar,16.0,metar,1018.0,metar,0,metno_forecast,1,metno_forecast
2026,3,13,6,1.0,metar,54,metar,0.0,metno_forecast,310,metar,15.0,metar,,,1019.0,metar,0,metno_forecast,1,metno_forecast
2026,3,13,7,1.0,metar,46,metar,0.0,metno_forecast,308,metno_forecast,13.3,metno_forecast,,,1018.0,metar,0,metno_forecast,1,metno_forecast
2026,3,13,8,1.0,metar,43,metar,0.0,metno_forecast,300,metar,9.0,metar,,,1019.0,metar,0,metno_forecast,1,metno_forecast
2026,3,13,9,1.0,metar,45,metar,0.0,metno_forecast,280,metar,13.0,metar,,,1021.0,metar,0,metno_forecast,1,metno_forecast
2026,3,13,10,1.0,metar,43,metar,0.0,metno_forecast,285,metno_forecast,6.0,metar,,,1022.0,metar,0,metno_forecast,1,metno_forecast
2026,3,13,11,0.0,metar,47,metar,0.0,metno_forecast,263,metno_forecast,7.0,metar,,,1021.0,metar,0,metno_forecast,1,metno_forecast
2026,3,13,12,1.0,metar,46,metar,0.0,metno_forecast,0,metar,0.0,metar,,,1022.0,metar,2,metno_forecast,1,metno_forecast
2026,3,13,13,2.0,metar,42,metar,0.0,metno_forecast,232,metno_forecast,9.0,metar,,,1022.0,metar,1,metno_forecast,2,metno_forecast
2026,3,13,14,3.0,metar,40,metar,0.0,metno_forecast,223,metno_forecast,8.3,metno_forecast,,,1022.0,metar,8,metno_forecast,2,metno_forecast
2026,3,13,15,4.0,metar,39,metar,0.0,metno_forecast,210,metno_forecast,9.0,metno_forecast,,,1021.0,metar,8,metno_forecast,3,metno_forecast
2026,3,13,16,5.0,metar,39,metar,0.0,metno_forecast,201,metno_forecast,6.0,metar,,,1020.0,metar,4,metar,3,metno_forecast
2026,3,13,17,4.0,metar,41,metar,0.0,metno_forecast,193,metno_forecast,14.8,metno_forecast,,,1017.0,metar,8,metar,3,metno_forecast
2026,3,13,18,4.0,metar,48,metar,0.0,metno_forecast,163,metno_forecast,16.9,metno_forecast,,,1016.0,metar,4,metar,3,metno_forecast
2026,3,13,19,4.0,metar,46,metar,0.0,metno_forecast,161,metno_forecast,23.0,metno_forecast,,,1015.0,metar,4,metar,3,metno_forecast
2026,3,13,20,4.0,metar,51,metar,0.0,metno_forecast,180,metar,15.0,metar,18.0,metar,1014.0,metar,8,metar,3,metno_forecast
2026,3,13,21,4.0,metar,57,metar,0.0,metno_forecast,153,metno_forecast,11.0,metar,,,1014.0,metar,8,metar,3,metno_forecast
2026,3,13,22,4.0,metar,60,metar,0.0,metno_forecast,140,metar,15.0,metar,17.0,metar,1013.0,metar,7,metno_forecast,3,metno_forecast
2026,3,13,23,4.0,metar,67,metar,0.0,metno_forecast,168,metno_forecast,7.0,metar,,,1012.0,metar,2,metno_forecast,3,metno_forecast
2026,3,14,0,4.0,metar,65,metar,0.0,metno_forecast,170,metno_forecast,23.0,metno_forecast,,,1012.0,metar,0,metno_forecast,2,metno_forecast
2026,3,14,1,4.0,metar,68,metar,0.0,metno_forecast,160,metar,13.0,metar,22.0,metar,1010.0,metar,2,metno_forecast,1,metno_forecast
2026,3,14,2,5.0,metar,70,metar,0.0,metno_forecast,189,metno_forecast,16.9,metno_forecast,,,1010.0,metar,8,metar,2,metno_forecast
2026,3,14,3,5.0,metar,76,metar,0.0,metno_forecast,200,metno_forecast,6.0,metar,,,1010.0,metar,4,metar,3,metno_forecast
2026,3,14,4,4.0,metar,83,metar,0.2,metno_forecast,0,metar,0.0,metar,,,1010.0,metar,8,metno_forecast,17,metno_forecast
2026,3,14,5,5.0,metar,73,metar,0.0,metno_forecast,243,metno_forecast,6.0,metar,,,1010.0,metar,0,metno_forecast,3,metno_forecast
2026,3,14,6,6.0,metar,73,metar,0.0,metno_forecast,200,metar,6.0,metar,,,1010.0,metar,0,metno_forecast,1,metno_forecast
2026,3,14,7,6.0,metar,67,metar,0.0,metno_forecast,220,metar,15.0,metar,,,1009.0,metar,2,metar,1,metno_forecast
2026,3,14,8,7.0,metar,53,metar,0.0,metno_forecast,234,metno_forecast,11.0,metar,,,1009.0,metar,0,metno_forecast,1,metno_forecast
2026,3,14,9,7.0,metar,53,metar,0.0,metno_forecast,234,metno_forecast,14.0,metno_forecast,,,1010.0,metar,0,metno_forecast,1,metno_forecast
2026,3,14,10,7.0,metar,51,metar,0.0,metno_forecast,220,metar,7.0,metar,,,1010.0,metar,0,metno_forecast,1,metno_forecast
2026,3,14,11,5.0,metar,60,metar,0.0,metno_forecast,257,metno_forecast,11.0,metar,,,1012.0,metar,0,metno_forecast,1,metno_forecast
2026,3,14,12,6.0,metar,47,metar,0.0,metno_forecast,280,metar,15.0,metar,25.0,metar,1013.0,metar,0,metno_forecast,1,metno_forecast
2026,3,14,13,7.0,metar,35,metar,0.0,metno_forecast,280,metar,26.0,metar,25.0,metar,1013.0,metar,0,metno_forecast,1,metno_forecast
2026,3,14,14,8.0,metar,32,metar,0.0,metno_forecast,270,metar,24.0,metar,29.0,metar,1014.0,metar,2,metno_forecast,1,metno_forecast
2026,3,14,15,9.0,metar,30,metar,0.0,metno_forecast,278,metno_forecast,29.5,metno_forecast,,,1015.0,metar,4,metar,2,metno_forecast
2026,3,14,16,9.0,metar,29,metar,0.0,metno_forecast,290,metar,24.0,metar,27.0,metar,1016.0,metar,4,metar,2,metno_forecast
2026,3,14,17,10.0,metar,27,metar,0.0,metno_forecast,280,metar,24.0,metar,28.0,metar,1016.0,metar,2,metar,2,metno_forecast
2026,3,14,18,10.0,metar,27,metar,0.0,metno_forecast,270,metar,20.0,metar,24.0,metar,1017.0,metar,2,metar,2,metno_forecast
2026,3,14,19,11.0,metar,25,metar,0.0,metno_forecast,270,metar,28.0,metar,25.0,metar,1018.0,metar,2,metar,1,metno_forecast
2026,3,14,20,10.0,metar,23,metar,0.0,metno_forecast,270,metar,17.0,metar,22.0,metar,1020.0,metar,2,metar,1,metno_forecast
2026,3,14,21,10.0,metar,25,metar,0.0,metno_forecast,297,metno_forecast,11.0,metar,18.0,metar,1021.0,metar,1,metno_forecast,1,metno_forecast
2026,3,14,22,9.0,metar,26,metar,0.0,metno_forecast,300,metar,11.0,metar,18.0,metar,1023.0,metar,1,metno_forecast,1,metno_forecast
2026,3,14,23,8.0,metar,27,metar,0.0,metno_forecast,300,metar,13.0,metar,,,1024.0,metar,1,metno_forecast,1,metno_forecast
2026,3,15,0,7.0,metar,32,metar,0.0,metno_forecast,328,metno_forecast,11.0,metar,,,1025.0,metar,2,metno_forecast,2,metno_forecast
2026,3,15,1,6.0,metar,36,metar,0.0,metno_forecast,329,metno_forecast,11.0,metar,15.0,metar,1026.0,metar,3,metno_forecast,2,metno_forecast
2026,3,15,2,5.0,metar,38,metar,0.0,metno_forecast,0,metar,0.0,metar,,,1028.0,metar,8,metno_forecast,3,metno_forecast
2026,3,15,3,4.0,metar,41,metar,0.0,metno_forecast,0,metar,0.0,metar,,,1028.0,metar,8,metno_forecast,3,metno_forecast
2026,3,15,4,4.0,metar,42,metar,0.0,metno_forecast,0,metar,0.0,metar,,,1029.0,metar,7,metno_forecast,3,metno_forecast
2026,3,15,5,3.0,metar,46,metar,0.0,metno_forecast,323,metno_forecast,8.3,metno_forecast,,,1030.0,metar,6,metar,3,metno_forecast
2026,3,15,6,3.0,metar,46,metar,0.0,metno_forecast,325,metno_forecast,7.0,metar,,,1030.0,metar,8,metar,3,metno_forecast
2026,3,15,7,3.0,metar,44,metar,0.0,metno_forecast,10,metar,15.0,metar,,,1030.0,metar,2,metar,3,metno_forecast
2026,3,15,8,3.0,metar,44,metar,0.0,metno_forecast,50,metar,15.0,metar,,,1030.0,metar,2,metar,3,metno_forecast
2026,3,15,9,3.0,metar,44,metar,0.0,metno_forecast,35,metno_forecast,7.0,metar,,,1031.0,metar,8,metar,3,metno_forecast
2026,3,15,10,2.0,metar,54,metar,0.0,metno_forecast,100,metar,17.0,metar,,,1032.0,metar,8,metno_forecast,3,metno_forecast
2026,3,15,11,2.0,metar,56,metar,0.0,metno_forecast,50,metar,13.0,metar,,,1033.0,metar,6,metar,3,metno_forecast
2026,3,15,12,2.0,metar,54,metar,0.0,metno_forecast,72,metno_forecast,9.0,metar,,,1033.0,metar,8,metar,3,metno_forecast
2026,3,15,13,3.0,metar,52,metar,0.0,metno_forecast,72,metno_forecast,9.0,metar,15.0,metar,1032.0,metar,4,metar,3,metno_forecast
2026,3,15,14,4.0,metar,48,metar,0.0,metno_forecast,70,metar,7.0,metar,,,1033.0,metar,8,metar,3,metno_forecast
2026,3,15,15,5.0,metar,46,metar,0.0,metno_forecast,60,metar,15.0,metar,,,1032.0,metar,8,metar,3,metno_forecast
2026,3,15,16,6.0,metar,45,metar,0.0,metno_forecast,50,metar,15.0,metar,,,1032.0,metar,8,metar,3,metno_forecast
2026,3,15,17,6.0,metar,39,metar,0.0,metno_forecast,128,metno_forecast,15.5,metno_forecast,,,1032.0,metar,8,metar,3,metno_forecast
2026,3,15,18,4.0,metar,44,metar,0.0,metno_forecast,130,metar,19.0,metar,16.0,metar,1031.0,metar,8,metar,3,metno_forecast
2026,3,15,19,6.0,metar,49,metar,0.0,metno_forecast,132,metno_forecast,4.0,metar,,,1030.0,metar,6,metar,3,metno_forecast
2026,3,15,20,6.0,metar,59,metar,0.0,metno_forecast,130,metar,15.0,metar,15.0,metar,1030.0,metar,2,metar,3,metno_forecast
2026,3,15,21,6.0,metar,64,metar,0.0,metno_forecast,100,metar,13.0,metar,,,1028.0,metar,8,metar,3,metno_forecast
2026,3,15,22,6.0,metar,65,metar,0.0,metno_forecast,117,metno_forecast,11.0,metar,,,1028.0,metar,8,metar,3,metno_forecast
2026,3,15,23,6.0,metar,70,metar,0.0,metno_forecast,100,metar,15.0,metar,17.0,metar,1027.0,metar,8,metar,3,metno_forecast
2026,3,16,0,7.0,metar,71,metar,0.0,metno_forecast,100,metar,13.0,metar,15.0,metar,1026.0,metar,4,metar,3,metno_forecast
2026,3,16,1,8.0,metar,68,metar,0.0,metno_forecast,123,metno_forecast,9.0,metar,18.0,metar,1025.0,metar,8,metar,3,metno_forecast
2026,3,16,2,8.0,metar,68,metar,0.0,metno_forecast,130,metar,15.0,metar,20.0,metar,1024.0,metar,8,metar,3,metno_forecast
2026,3,16,3,9.0,metar,73,metar,0.0,metno_forecast,120,metar,17.0,metar,20.0,metar,1022.0,metar,2,metar,3,metno_forecast
2026,3,16,4,9.0,metar,80,metar,0.0,metno_forecast,130,metar,15.0,metar,19.0,metar,1020.0,metar,2,metar,3,metno_forecast
2026,3,16,5,10.0,metar,80,metar,0.0,metno_forecast,130,metar,17.0,metar,19.0,metar,1018.0,metar,8,metar,3,metno_forecast
2026,3,16,6,9.0,metar,90,metar,0.0,metar,110,metar,15.0,metar,19.0,metar,1017.0,metar,2,metar,8,metar
2026,3,16,7,9.0,metar,93,metar,0.0,metar,110,metar,17.0,metar,18.0,metar,1015.0,metar,8,metar,8,metar
2026,3,16,8,11.0,metar,92,metar,0.0,metar,150,metar,13.0,metar,24.0,metar,1013.0,metar,8,metar,9,metno_forecast
2026,3,16,9,11.0,metar,97,metar,0.0,metar,141,metno_forecast,17.3,metno_forecast,,,1012.0,metar,8,metar,5,metar
2026,3,16,10,11.0,metar,96,metar,1.7,metno_forecast,129,metno_forecast,9.0,metar,16.0,metar,1011.0,metar,8,metar,5,metar
2026,3,16,11,11.0,metar,100,metar,0.0,metno_forecast,160,metar,13.0,metar,20.0,metar,1010.0,metar,8,metno_forecast,5,metar
2026,3,16,12,11.0,metar,100,metar,0.0,metar,152,metno_forecast,17.6,metno_forecast,,,1009.0,metar,8,metar,5,metar
2026,3,16,13,11.0,metar,97,metar,0.0,metno_forecast,151,metno_forecast,18.7,metno_forecast,,,1008.0,metar,8,metar,5,metar
2026,3,16,14,11.0,metar,100,metar,0.0,metar,163,metno_forecast,24.1,metno_forecast,,,1007.0,metar,8,metar,5,metar
2026,3,16,15,12.0,metar,100,metar,0.0,metar,171,metno_forecast,21.6,metno_forecast,,,1006.0,metar,8,metar,5,metar
2026,3,16,16,13.0,metar,97,metar,0.0,metno_forecast,140,metar,8.0,metar,,,1005.0,metar,4,metar,5,metar
2026,3,16,17,14.0,metar,90,metar,0.0,metar,163,metno_forecast,26.3,metno_forecast,,,1004.0,metar,2,metar,5,metno_forecast
2026,3,16,18,13.0,metar,90,metar,0.0,metno_forecast,164,metno_forecast,26.3,metno_forecast,,,1003.0,metar,6,metar,5,metno_forecast
2026,3,16,19,13.0,metar,89,metar,0.0,metno_forecast,260,metar,7.0,metar,,,1002.0,metar,6,metar,5,metno_forecast
2026,3,16,20,13.0,metar,96,metar,0.0,metar,174,metno_forecast,26.3,metno_forecast,,,1002.0,metar,8,metar,5,metno_forecast
2026,3,16,21,12.0,metar,97,metar,0.0,metar,167,metno_forecast,30.2,metno_forecast,,,1001.0,metar,8,metar,8,metar
2026,3,16,22,12.0,metar,97,metar,0.0,metar,166,metno_forecast,29.9,metno_forecast,,,999.0,metar,8,metar,3,metno_forecast
2026,3,16,23,12.0,metar,100,metar,0.0,metar,172,metno_forecast,29.9,metno_forecast,,,999.0,metar,8,metar,9,metno_forecast
2026,3,17,0,12.0,metar,97,metar,0.0,metar,173,metno_forecast,32.0,metno_forecast,,,997.0,metar,8,metar,8,metno_forecast
2026,3,17,1,12.0,metar,97,metar,0.0,metno_forecast,173,metno_forecast,34.2,metno_forecast,,,995.0,metar,8,metar,5,metar
2026,3,17,2,13.0,metar,96,metar,0.0,metar,172,metno_forecast,38.9,metno_forecast,,,994.0,metar,8,metar,8,metno_forecast
2026,3,17,3,12.0,metar,100,metar,0.0,metar,174,metno_forecast,41.4,metno_forecast,,,992.0,metar,8,metar,5,metar
2026,3,17,4,11.0,metar,86,metar,0.0,metar,180,metno_forecast,40.3,metno_forecast,,,994.0,metar,4,metar,9,metno_forecast
2026,3,17,5,9.0,metar,80,metar,0.0,metar,266,metno_forecast,38.2,metno_forecast,,,995.0,metar,2,metar,9,metno_forecast
2026,3,17,6,7.0,metar,82,metar,0.0,metar,267,metno_forecast,22.3,metno_forecast,,,997.0,metar,6,metar,3,metno_forecast
2026,3,17,7,4.0,metar,70,metar,0.2,metno_forecast,257,metno_forecast,20.9,metno_forecast,,,1001.0,metar,6,metar,7,metno_forecast
2026,3,17,8,3.0,metar,57,metar,0.0,metno_forecast,261,metno_forecast,25.9,metno_forecast,,,1003.0,metar,6,metar,3,metno_forecast
2026,3,17,9,2.0,metar,44,metar,0.0,metno_forecast,263,metno_forecast,21.2,metno_forecast,,,1005.0,metar,0,metno_forecast,2,metno_forecast
2026,3,17,10,2.0,metar,47,metar,0.0,metno_forecast,260,metno_forecast,20.2,metno_forecast,,,1006.0,metar,0,metno_forecast,1,metno_forecast
2026,3,17,11,1.0,metar,47,metar,0.0,metno_forecast,260,metar,22.0,metar,23.0,metar,1008.0,metar,0,metno_forecast,1,metno_forecast
2026,3,17,12,1.0,metar,43,metar,0.0,metno_forecast,270,metar,15.0,metar,24.0,metar,1009.0,metar,1,metno_forecast,1,metno_forecast
2026,3,17,13,1.0,metar,41,metar,0.0,metno_forecast,267,metno_forecast,22.3,metno_forecast,,,1011.0,metar,2,metar,1,metno_forecast
2026,3,17,14,2.0,metar,40,metar,0.0,metno_forecast,280,metar,28.0,metar,28.0,metar,1012.0,metar,1,metno_forecast,2,metno_forecast
2026,3,17,15,2.0,metar,37,metar,0.0,metno_forecast,270,metar,19.0,metar,25.0,metar,1012.0,metar,3,metno_forecast,2,metno_forecast
2026,3,17,16,4.0,metar,37,metar,0.0,metno_forecast,280,metar,22.0,metar,23.0,metar,1012.0,metar,2,metar,3,metno_forecast
2026,3,17,17,4.0,metar,31,metar,0.0,metno_forecast,270,metar,19.0,metar,26.0,metar,1012.0,metar,3,metno_forecast,3,metno_forecast
2026,3,17,18,5.0,metar,28,metar,0.0,metno_forecast,270,metar,13.0,metar,25.0,metar,1012.0,metar,2,metar,2,metno_forecast
2026,3,17,19,3.0,metar,31,metar,0.0,metno_forecast,290,metar,19.0,metar,22.0,metar,1013.0,metar,6,metar,1,metno_forecast
2026,3,17,20,3.0,metar,29,metar,0.0,metno_forecast,290,metar,20.0,metar,21.0,metar,1014.0,metar,2,metar,1,metno_forecast
2026,3,17,21,3.0,metar,28,metar,0.0,metno_forecast,290,metar,15.0,metar,20.0,metar,1015.0,metar,6,metar,3,metno_forecast
2026,3,17,22,3.0,metar,28,metar,0.0,metno_forecast,280,metar,15.0,metar,24.0,metar,1016.0,metar,6,metar,2,metno_forecast
2026,3,17,23,2.0,metar,29,metar,0.0,metno_forecast,281,metno_forecast,11.0,metar,20.0,metar,1017.0,metar,6,metar,3,metno_forecast
2026,3,18,0,2.0,metar,35,metar,0.0,metno_forecast,270,metar,15.0,metar,19.0,metar,1019.0,metar,2,metar,3,metno_forecast
2026,3,18,1,0.0,metar,51,metar,0.0,metno_forecast,310,metar,13.0,metar,18.0,metar,1020.0,metar,2,metar,3,metno_forecast
2026,3,18,2,0.0,metar,51,metar,0.2,metno_forecast,304,metno_forecast,11.0,metar,16.0,metar,1021.0,metar,2,metar,21,metno_forecast
2026,3,18,3,0.0,metar,45,metar,0.0,metno_forecast,290,metar,15.0,metar,,,1022.0,metar,4,metar,2,metno_forecast
2026,3,18,4,-1.0,metar,49,metar,0.0,metno_forecast,300,metar,19.0,metar,17.0,metar,1023.0,metar,2,metar,1,metno_forecast
2026,3,18,5,-2.0,metar,56,metar,0.0,metno_forecast,270,metar,11.0,metar,,,1024.0,metar,4,metar,2,metno_forecast
2026,3,18,6,-2.0,metar,56,metar,0.0,metno_forecast,303,metno_forecast,9.0,metar,,,1025.0,metar,0,metno_forecast,2,metno_forecast
2026,3,18,7,-2.0,metar,39,metar,0.0,metno_forecast,305,metno_forecast,9.0,metar,15.0,metar,1025.0,metar,0,metno_forecast,1,metno_forecast
2026,3,18,8,-3.0,metar,39,metar,0.0,metno_forecast,300,metar,15.0,metar,17.0,metar,1026.0,metar,0,metno_forecast,1,metno_forecast
2026,3,18,9,-3.0,metar,40,metar,0.0,metno_forecast,320,metno_forecast,11.0,metar,,,1027.0,metar,0,metno_forecast,1,metno_forecast
2026,3,18,10,-3.0,metar,40,metar,0.0,metno_forecast,310,metar,11.0,metar,,,1028.0,metar,0,metno_forecast,1,metno_forecast
2026,3,18,11,-3.0,metar,38,metar,0.0,metno_forecast,270,metar,13.0,metar,,,1030.0,metar,7,metno_forecast,1,metno_forecast
2026,3,18,12,-3.0,metar,35,metar,0.0,metno_forecast,301,metno_forecast,11.0,metar,16.0,metar,1031.0,metar,8,metno_forecast,3,metno_forecast
2026,3,18,13,-3.0,metar,35,metar,0.0,metno_forecast,360,metar,15.0,metar,15.0,metar,1031.0,metar,8,metno_forecast,3,metno_forecast
2026,3,18,14,-2.0,metar,34,metar,0.0,metno_forecast,30,metar,13.0,metar,15.0,metar,1030.0,metar,8,metno_forecast,3,metno_forecast
2026,3,18,15,-1.0,metar,33,metar,0.0,metno_forecast,50,metar,13.0,metar,,,1030.0,metar,8,metno_forecast,3,metno_forecast
2026,3,18,16,1.0,metar,29,metar,0.0,metno_forecast,7,metno_forecast,7.0,metar,,,1031.0,metar,8,metno_forecast,3,metno_forecast
2026,3,18,17,1.0,metar,26,metar,0.0,metno_forecast,33,metno_forecast,1.1,metno_forecast,,,1031.0,metar,0,metno_forecast,3,metno_forecast
2026,3,18,18,2.0,metar,25,metar,0.0,metno_forecast,174,metno_forecast,9.0,metar,,,1030.0,metar,0,metno_forecast,1,metno_forecast
2026,3,18,19,3.0,metar,28,metar,0.0,metno_forecast,179,metno_forecast,11.9,metno_forecast,,,1030.0,metar,0,metno_forecast,1,metno_forecast
2026,3,18,20,2.0,metar,24,metar,0.0,metno_forecast,175,metno_forecast,7.0,metar,,,1030.0,metar,0,metno_forecast,1,metno_forecast
2026,3,18,21,1.0,metar,33,metar,0.0,metno_forecast,140,metar,9.0,metar,,,1029.0,metar,1,metno_forecast,1,metno_forecast
2026,3,18,22,0.0,metar,38,metar,0.0,metno_forecast,170,metar,9.0,metar,,,1029.0,metar,0,metno_forecast,1,metno_forecast
2026,3,18,23,-1.0,metar,45,metar,0.0,metno_forecast,155,metno_forecast,7.0,metar,,,1029.0,metar,0,metno_forecast,1,metno_forecast
2026,3,19,0,-1.0,metar,49,metar,0.0,metno_forecast,0,metar,0.0,metar,,,1030.0,metar,0,metno_forecast,1,metno_forecast
2026,3,19,1,-1.0,metar,49,metar,0.0,metno_forecast,154,metno_forecast,9.0,metar,,,1030.0,metar,0,metno_forecast,1,metno_forecast
2026,3,19,2,-1.0,metar,51,metar,0.0,metno_forecast,158,metno_forecast,7.0,metar,,,1030.0,metar,0,metno_forecast,1,metno_forecast
2026,3,19,3,-1.0,metar,54,metar,0.0,metno_forecast,166,metno_forecast,6.0,metar,,,1029.0,metar,0,metno_forecast,1,metno_forecast
2026,3,19,4,0.0,metar,56,metar,0.0,metno_forecast,171,metno_forecast,5.8,metno_forecast,,,1028.0,metar,8,metar,1,metno_forecast
2026,3,19,5,1.0,metar,53,metar,0.0,metno_forecast,147,metno_forecast,7.0,metar,,,1028.0,metar,8,metar,1,metno_forecast
2026,3,19,6,1.0,metar,56,metar,0.0,metno_forecast,140,metar,6.0,metar,,,1028.0,metar,8,metar,1,metno_forecast
2026,3,19,7,1.0,metar,56,metar,0.0,metno_forecast,0,metar,0.0,metar,,,1027.0,metar,1,metno_forecast,1,metno_forecast
2026,3,19,8,1.0,metar,56,metar,0.0,metno_forecast,148,metno_forecast,6.0,metar,,,1027.0,metar,6,metar,2,metno_forecast
2026,3,19,9,1.0,metar,56,metar,0.0,metno_forecast,0,metar,0.0,metar,,,1027.0,metar,4,metar,1,metno_forecast
2026,3,19,10,1.0,metar,58,metar,0.0,metno_forecast,36,metno_forecast,1.1,metno_forecast,,,1027.0,metar,8,metar,2,metno_forecast
2026,3,19,11,1.0,metar,56,metar,0.0,metno_forecast,40,metno_forecast,6.0,metar,,,1027.0,metar,6,metar,3,metno_forecast
2026,3,19,12,2.0,metar,52,metar,0.0,metno_forecast,90,metno_forecast,4.0,metno_forecast,,,1027.0,metar,6,metar,3,metno_forecast
2026,3,19,13,2.0,metar,52,metar,0.0,metno_forecast,0,metar,0.0,metar,,,1027.0,metar,2,metar,3,metno_forecast
2026,3,19,14,3.0,metar,48,metar,0.0,metno_forecast,166,metno_forecast,6.0,metar,,,1027.0,metar,8,metar,3,metno_forecast
2026,3,19,15,3.0,metar,46,metar,0.0,metno_forecast,170,metar,11.0,metar,,,1027.0,metar,8,metar,1,metno_forecast
2026,3,19,16,4.0,metar,44,metar,0.0,metno_forecast,170,metar,11.0,metar,,,1026.0,metar,8,metar,2,metno_forecast
2026,3,19,17,4.0,metar,43,metar,0.0,metno_forecast,0,metar,0.0,metar,,,1025.0,metar,8,metar,2,metno_forecast
2026,3,19,18,4.0,metar,43,metar,0.0,metno_forecast,172,metno_forecast,7.0,metar,,,1024.0,metar,8,metar,1,metno_forecast
2026,3,19,19,5.0,metar,45,metar,0.0,metno_forecast,0,metar,0.0,metar,,,1023.0,metar,8,metar,1,metno_forecast
2026,3,19,20,6.0,metar,43,metar,0.0,metno_forecast,166,metno_forecast,11.9,metno_forecast,,,1023.0,metar,3,metno_forecast,1,metno_forecast
2026,3,19,21,6.0,metar,41,metar,0.0,metno_forecast,167,metno_forecast,6.0,metar,,,1022.0,metar,4,metar,2,metno_forecast
2026,3,19,22,5.0,metar,48,metar,0.0,metno_forecast,150,metar,7.0,metar,,,1022.0,metar,5,metno_forecast,3,metno_forecast
2026,3,19,23,4.0,metar,57,metar,0.0,metno_forecast,150,metar,7.0,metar,,,1023.0,metar,2,metar,3,metno_forecast
2026,3,20,0,4.0,metar,62,metar,0.0,metno_forecast,130,metar,13.0,metar,,,1023.0,metar,6,metar,3,metno_forecast
2026,3,20,1,3.0,metar,70,metar,0.0,metno_forecast,130,metar,7.0,metar,,,1023.0,metar,4,metno_forecast,3,metno_forecast
2026,3,20,2,4.0,metar,67,metar,0.0,metno_forecast,0,metar,0.0,metar,,,1023.0,metar,2,metar,3,metno_forecast
2026,3,20,3,4.0,metar,65,metar,0.0,metno_forecast,0,metar,0.0,metar,,,1023.0,metar,2,metar,3,metno_forecast
2026,3,20,4,4.0,metar,68,metar,0.0,metno_forecast,192,metno_forecast,6.0,metar,,,1023.0,metar,6,metar,1,metno_forecast
2026,3,20,5,6.0,metar,55,metar,0.0,metno_forecast,203,metno_forecast,6.5,metno_forecast,,,1022.0,metar,8,metar,2,metno_forecast
2026,3,20,6,6.0,metar,55,metar,0.0,metno_forecast,198,metno_forecast,7.0,metar,,,1022.0,metar,8,metar,3,metno_forecast
2026,3,20,7,5.0,metar,55,metar,0.0,metno_forecast,0,metar,0.0,metar,,,1021.0,metar,4,metar,3,metno_forecast
2026,3,20,8,5.0,metar,53,metar,0.0,metno_forecast,0,metar,0.0,metar,,,1021.0,metar,6,metar,2,metno_forecast
2026,3,20,9,4.0,metar,57,metar,0.0,metno_forecast,0,metar,0.0,metar,,,1020.0,metar,2,metno_forecast,3,metno_forecast
2026,3,20,10,4.0,metar,62,metar,0.0,metno_forecast,240,metar,11.0,metar,,,1021.0,metar,0,metno_forecast,2,metno_forecast
2026,3,20,11,4.0,metar,65,metar,0.0,metno_forecast,236,metno_forecast,6.0,metar,,,1021.0,metar,0,metno_forecast,1,metno_forecast
2026,3,20,12,6.0,metar,64,metar,0.0,metno_forecast,222,metno_forecast,6.1,metno_forecast,,,1020.0,metar,0,metno_forecast,1,metno_forecast
2026,3,20,13,7.0,metar,60,metar,0.0,metno_forecast,212,metno_forecast,7.0,metar,,,1020.0,metar,0,metno_forecast,1,metno_forecast
2026,3,20,14,9.0,metar,54,metar,0.0,metno_forecast,0,metar,0.0,metar,,,1019.0,metar,0,metno_forecast,1,metno_forecast
2026,3,20,15,11.0,metar,48,metar,0.0,metno_forecast,181,metno_forecast,7.0,metar,,,1018.0,metar,6,metno_forecast,1,metno_forecast
2026,3,20,16,11.0,metar,50,metar,0.0,metno_forecast,175,metno_forecast,9.0,metar,,,1017.0,metar,6,metno_forecast,3,metno_forecast
2026,3,20,17,13.0,metar,47,metar,0.0,metno_forecast,176,metno_forecast,9.0,metar,,,1015.0,metar,8,metno_forecast,3,metno_forecast
2026,3,20,18,13.0,metar,45,metar,0.0,metno_forecast,150,metar,15.0,metar,16.0,metar,1013.0,metar,8,metno_forecast,3,metno_forecast
2026,3,20,19,13.0,metar,49,metar,0.0,metno_forecast,140,metar,19.0,metar,15.0,metar,1011.0,metar,8,metno_forecast,3,metno_forecast
2026,3,20,20,12.0,metar,50,metar,0.0,metno_forecast,150,metno_forecast,9.0,metar,,,1010.0,metar,8,metno_forecast,3,metno_forecast
2026,3,20,21,12.0,metar,52,metar,0.0,metno_forecast,142,metno_forecast,9.0,metar,,,1009.0,metar,4,metar,3,metno_forecast
2026,3,20,22,12.0,metar,54,metar,0.0,metno_forecast,150,metar,11.0,metar,,,1009.0,metar,8,metar,3,metno_forecast
2026,3,20,23,12.0,metar,57,metar,0.0,metar,150,metar,7.0,metar,,,1010.0,metar,6,metar,8,metno_forecast
2026,3,21,0,11.0,metar,71,metar,0.0,metar,240,metar,6.0,metar,,,1011.0,metar,8,metar,7,metno_forecast
2026,3,21,1,11.0,metar,80,metar,0.0,metar,0,metar,0.0,metar,,,1010.0,metar,8,metar,7,metno_forecast
2026,3,21,2,11.0,metar,77,metar,0.0,metar,200,metno_forecast,16.6,metno_forecast,,,1009.0,metar,2,metar,8,metno_forecast
2026,3,21,3,11.0,metar,80,metar,0.0,metar,230,metar,7.0,metar,,,1009.0,metar,2,metar,7,metno_forecast
2026,3,21,4,11.0,metar,86,metar,0.2,metno_forecast,240,metar,6.0,metar,,,1009.0,metar,4,metar,7,metno_forecast
2026,3,21,5,11.0,metar,86,metar,0.0,metno_forecast,206,metno_forecast,7.0,metar,,,1008.0,metar,2,metar,3,metno_forecast
2026,3,21,6,11.0,metar,89,metar,0.0,metno_forecast,222,metno_forecast,4.0,metar,,,1008.0,metar,8,metar,3,metno_forecast
2026,3,21,7,11.0,metar,89,metar,0.0,metno_forecast,230,metar,6.0,metar,,,1008.0,metar,4,metar,5,metar
2026,3,21,8,11.0,metar,89,metar,0.0,metno_forecast,290,metar,6.0,metar,,,1008.0,metar,6,metar,5,metar
2026,3,21,9,10.0,metar,93,metar,0.0,metno_forecast,0,metar,0.0,metar,,,1009.0,metar,8,metar,5,metar
2026,3,21,10,11.0,metar,89,metar,0.0,metno_forecast,0,metar,0.0,metar,,,1009.0,metar,6,metar,3,metno_forecast
2026,3,21,11,11.0,metar,83,metar,0.0,metno_forecast,282,metno_forecast,9.0,metar,,,1010.0,metar,4,metar,3,metno_forecast
2026,3,21,12,11.0,metar,77,metar,0.0,metno_forecast,350,metar,13.0,metar,,,1011.0,metar,1,metno_forecast,3,metno_forecast
2026,3,21,13,11.0,metar,66,metar,0.0,metno_forecast,300,metar,11.0,metar,21.0,metar,1012.0,metar,6,metar,1,metno_forecast
2026,3,21,14,11.0,metar,63,metar,0.0,metno_forecast,300,metar,19.0,metar,18.0,metar,1013.0,metar,6,metar,1,metno_forecast
2026,3,21,15,11.0,metar,59,metar,0.0,metno_forecast,360,metar,15.0,metar,,,1013.0,metar,4,metar,3,metno_forecast
2026,3,21,16,12.0,metar,57,metar,0.0,metno_forecast,345,metno_forecast,9.0,metar,,,1014.0,metar,2,metno_forecast,2,metno_forecast
2026,3,21,17,14.0,metar,51,metar,0.0,metno_forecast,40,metar,13.0,metar,,,1013.0,metar,2,metar,2,metno_forecast
2026,3,21,18,13.0,metar,43,metar,0.0,metno_forecast,261,metno_forecast,6.0,metar,,,1013.0,metar,7,metno_forecast,1,metno_forecast
2026,3,21,19,14.0,metar,39,metar,0.0,metno_forecast,0,metar,0.0,metar,,,1013.0,metar,8,metno_forecast,3,metno_forecast
2026,3,21,20,14.0,metar,37,metar,0.0,metno_forecast,360,metar,11.0,metar,,,1013.0,metar,8,metno_forecast,3,metno_forecast
2026,3,21,21,14.0,metar,37,metar,0.0,metno_forecast,20,metar,6.0,metar,,,1014.0,metar,8,metno_forecast,3,metno_forecast
2026,3,21,22,13.0,metar,43,metar,0.0,metno_forecast,70,metar,17.0,metar,,,1015.0,metar,8,metno_forecast,3,metno_forecast
2026,3,21,23,11.0,metar,46,metar,0.0,metno_forecast,353,metno_forecast,7.0,metar,,,1015.0,metar,8,metno_forecast,3,metno_forecast
2026,3,22,0,9.0,metar,50,metar,0.0,metno_forecast,164,metno_forecast,11.0,metar,,,1016.0,metar,4,metno_forecast,3,metno_forecast
2026,3,22,1,8.0,metar,52,metar,0.0,metno_forecast,60,metar,17.0,metar,,,1016.0,metar,8,metno_forecast,3,metno_forecast
2026,3,22,2,8.0,metar,51,metar,0.0,metno_forecast,50,metar,13.0,metar,,,1017.0,metar,8,metno_forecast,3,metno_forecast
2026,3,22,3,8.0,metar,47,metar,0.0,metno_forecast,76,metno_forecast,9.0,metar,,,1015.0,metar,2,metar,3,metno_forecast
2026,3,22,4,8.0,metar,49,metar,0.0,metno_forecast,66,metno_forecast,7.0,metar,,,1016.0,metar,6,metar,3,metno_forecast
2026,3,22,5,8.0,metar,49,metar,0.0,metno_forecast,60,metar,13.0,metar,,,1016.0,metar,8,metar,3,metno_forecast
2026,3,22,6,7.0,metar,51,metar,0.0,metar,197,metno_forecast,7.0,metar,,,1015.0,metar,2,metar,3,metno_forecast
2026,3,22,7,8.0,metar,47,metar,0.0,metno_forecast,147,metno_forecast,6.1,metno_forecast,,,1016.0,metar,2,metar,3,metno_forecast
2026,3,22,8,8.0,metar,49,metar,0.0,metno_forecast,0,metar,0.0,metar,,,1016.0,metar,8,metar,3,metno_forecast
2026,3,22,9,7.0,metar,60,metar,0.0,metno_forecast,130,metar,7.0,metar,,,1014.0,metar,8,metar,3,metno_forecast
2026,3,22,10,7.0,metar,65,metar,0.0,metno_forecast,149,metno_forecast,6.0,metar,,,1014.0,metar,8,metar,3,metno_forecast
2026,3,22,11,7.0,metar,68,metar,0.0,metno_forecast,150,metar,11.0,metar,,,1014.0,metar,6,metar,3,metno_forecast
2026,3,22,12,7.0,metar,80,metar,0.0,metno_forecast,180,metar,6.0,metar,,,1013.0,metar,8,metar,3,metno_forecast
2026,3,22,13,9.0,metar,83,metar,0.0,metno_forecast,190,metar,11.0,metar,16.0,metar,1012.0,metar,8,metar,3,metno_forecast
2026,3,22,14,9.0,metar,83,metar,0.0,metno_forecast,174,metno_forecast,6.0,metar,,,1011.0,metar,8,metar,3,metno_forecast
2026,3,22,15,9.0,metar,83,metar,0.0,metno_forecast,140,metar,11.0,metar,,,1010.0,metar,8,metar,3,metno_forecast
2026,3,22,16,11.0,metar,77,metar,0.0,metno_forecast,220,metno_forecast,6.0,metar,,,1009.0,metar,8,metar,3,metno_forecast
2026,3,22,17,13.0,metar,69,metar,0.0,metno_forecast,0,metar,0.0,metar,,,1009.0,metar,6,metar,3,metno_forecast
2026,3,22,18,16.0,metar,62,metar,0.0,metno_forecast,283,metno_forecast,6.0,metar,,,1008.0,metar,4,metar,3,metno_forecast
2026,3,22,19,17.0,metar,58,metar,0.0,metno_forecast,189,metno_forecast,11.0,metar,,,1006.0,metar,8,metno_forecast,3,metno_forecast
2026,3,22,20,16.0,metar,60,metar,0.0,metno_forecast,178,metno_forecast,9.0,metar,,,1005.0,metar,8,metno_forecast,3,metno_forecast
2026,3,22,21,13.0,metar,72,metar,0.0,metno_forecast,70,metar,15.0,metar,,,1006.0,metar,8,metno_forecast,3,metno_forecast
2026,3,22,22,13.0,metar,74,metar,0.0,metar,40,metar,15.0,metar,,,1007.0,metar,6,metar,3,metno_forecast
2026,3,22,23,12.0,metar,80,metar,0.0,metar,80,metar,9.0,metar,,,1005.0,metar,4,metar,3,metno_forecast
2026,3,23,0,11.0,metar,89,metar,0.0,metar,349,metno_forecast,9.0,metar,,,1008.0,metar,2,metar,7,metno_forecast
2026,3,23,1,11.0,metar,89,metar,0.0,metar,110,metar,7.0,metar,,,1008.0,metar,8,metar,9,metno_forecast
2026,3,23,2,10.0,metar,96,metar,0.0,metar,0,metar,0.0,metar,,,1008.0,metar,6,metar,3,metno_forecast
2026,3,23,3,10.0,metar,93,metar,0.0,metar,0,metar,7.0,metar,,,1008.0,metar,8,metar,3,metno_forecast
2026,3,23,4,10.0,metar,96,metar,0.0,metar,50,metar,7.0,metar,,,1006.0,metar,4,metar,5,metar
2026,3,23,5,10.0,metar,96,metar,1.7,metno_forecast,6,metno_forecast,9.0,metar,,,1008.0,metar,8,metar,5,metar
2026,3,23,6,10.0,metar,93,metar,0.2,metno_forecast,30,metar,13.0,metar,16.0,metar,1008.0,metar,6,metar,5,metar
2026,3,23,7,9.0,metar,93,metar,0.0,metar,300,metar,17.0,metar,16.0,metar,1009.0,metar,4,metar,8,metno_forecast
2026,3,23,8,9.0,metar,93,metar,0.0,metar,40,metar,7.0,metar,,,1007.0,metar,4,metar,9,metno_forecast
2026,3,23,9,8.0,metar,96,metar,0.0,metar,12,metno_forecast,7.0,metar,,,1006.0,metar,6,metar,8,metno_forecast
2026,3,23,10,6.0,metar,97,metar,0.1,metar,30,metar,13.0,metar,,,1007.0,metar,8,metar,8,metar
2026,3,23,11,6.0,metar,97,metar,0.0,metar,20,metar,17.0,metar,16.0,metar,1007.0,metar,8,metar,9,metno_forecast
2026,3,23,12,5.0,metar,96,metar,0.0,metar,20,metar,11.0,metar,18.0,metar,1008.0,metar,8,metar,9,metno_forecast
2026,3,23,13,4.0,metar,97,metar,0.0,metar,30,metar,9.0,metar,,,1009.0,metar,6,metar,5,metar
2026,3,23,14,4.0,metar,93,metar,0.0,metar,1,metno_forecast,4.0,metar,,,1010.0,metar,8,metar,5,metar
2026,3,23,15,4.0,metar,93,metar,0.0,metno_forecast,1,metno_forecast,9.0,metar,,,1012.0,metar,8,metar,5,metar
2026,3,23,16,4.0,metar,89,metar,0.0,metar,2,metno_forecast,11.0,metar,,,1013.0,metar,4,metar,5,metar
2026,3,23,17,4.0,metar,93,metar,0.0,metno_forecast,10,metar,7.0,metar,,,1013.0,metar,6,metar,5,metar
2026,3,23,18,4.0,metar,89,metar,0.0,metno_forecast,330,metar,9.0,metar,,,1013.0,metar,8,metar,3,metno_forecast
2026,3,23,19,4.0,metar,83,metar,0.0,metno_forecast,360,metar,15.0,metar,15.0,metar,1014.0,metar,4,metar,3,metno_forecast
2026,3,23,20,5.0,metar,76,metar,0.0,metno_forecast,357,metno_forecast,9.0,metar,,,1015.0,metar,2,metar,3,metno_forecast
2026,3,23,21,5.0,metar,76,metar,0.0,metar,1,metno_forecast,9.0,metar,,,1016.0,metar,6,metar,3,metno_forecast
2026,3,23,22,4.0,metar,68,metar,0.0,metar,346,metno_forecast,9.0,metar,18.0,metar,1018.0,metar,8,metar,3,metno_forecast
2026,3,23,23,3.0,metar,64,metar,0.0,metno_forecast,280,metar,17.0,metar,20.0,metar,1020.0,metar,8,metar,3,metno_forecast
2026,3,24,0,3.0,metar,64,metar,0.0,metno_forecast,300,metar,17.0,metar,22.0,metar,1021.0,metar,8,metar,3,metno_forecast
2026,3,24,1,2.0,metar,56,metar,0.0,metno_forecast,300,metar,13.0,metar,18.0,metar,1022.0,metar,8,metar,3,metno_forecast
2026,3,24,2,2.0,metar,52,metar,0.0,metno_forecast,300,metar,15.0,metar,18.0,metar,1023.0,metar,2,metar,2,metno_forecast
2026,3,24,3,2.0,metar,54,metar,0.0,metno_forecast,326,metno_forecast,7.0,metar,,,1024.0,metar,2,metar,3,metno_forecast
2026,3,24,4,2.0,metar,52,metar,0.0,metno_forecast,330,metno_forecast,9.0,metar,,,1025.0,metar,2,metno_forecast,2,metno_forecast
2026,3,24,5,1.0,metar,56,metar,0.0,metno_forecast,333,metno_forecast,12.6,metno_forecast,,,1025.0,metar,7,metno_forecast,2,metno_forecast
2026,3,24,6,1.0,metar,59,metar,0.0,metno_forecast,310,metar,13.0,metar,,,1025.0,metar,0,metno_forecast,3,metno_forecast
2026,3,24,7,1.0,metar,61,metar,0.0,metno_forecast,300,metar,11.0,metar,,,1026.0,metar,1,metno_forecast,1,metno_forecast
2026,3,24,8,1.0,metar,58,metar,0.0,metno_forecast,320,metar,11.0,metar,,,1026.0,metar,0,metno_forecast,1,metno_forecast
2026,3,24,9,1.0,metar,61,metar,0.0,metno_forecast,290,metar,7.0,metar,,,1027.0,metar,0,metno_forecast,1,metno_forecast
2026,3,24,10,1.0,metar,61,metar,0.0,metno_forecast,300,metar,11.0,metar,,,1028.0,metar,0,metno_forecast,1,metno_forecast
2026,3,24,11,1.0,metar,61,metar,0.0,metno_forecast,328,metno_forecast,9.0,metar,,,1029.0,metar,0,metno_forecast,1,metno_forecast
2026,3,24,12,2.0,metar,52,metar,0.0,metno_forecast,103,metno_forecast,6.0,metar,,,1030.0,metar,1,metno_forecast,1,metno_forecast
2026,3,24,13,3.0,metar,44,metar,0.0,metno_forecast,336,metno_forecast,6.0,metar,,,1030.0,metar,0,metno_forecast,1,metno_forecast
2026,3,24,14,4.0,metar,33,metar,0.0,metno_forecast,20,metar,17.0,metar,15.0,metar,1031.0,metar,0,metno_forecast,1,metno_forecast
2026,3,24,15,6.0,metar,33,metar,0.0,metno_forecast,356,metno_forecast,9.0,metar,,,1031.0,metar,0,metno_forecast,1,metno_forecast
2026,3,24,16,6.0,metar,32,metar,0.0,metno_forecast,0,metar,0.0,metar,,,1030.0,metar,0,metno_forecast,1,metno_forecast
2026,3,24,17,7.0,metar,30,metar,0.0,metno_forecast,10,metno_forecast,6.0,metar,,,1029.0,metar,0,metno_forecast,1,metno_forecast
2026,3,24,18,8.0,metar,26,metar,0.0,metno_forecast,139,metno_forecast,6.0,metar,,,1028.0,metar,8,metno_forecast,1,metno_forecast
2026,3,24,19,8.0,metar,26,metar,0.0,metno_forecast,240,metar,13.0,metar,,,1027.0,metar,0,metno_forecast,1,metno_forecast
2026,3,24,20,8.0,metar,29,metar,0.0,metno_forecast,260,metar,13.0,metar,,,1027.0,metar,0,metno_forecast,1,metno_forecast
2026,3,24,21,8.0,metar,34,metar,0.0,metno_forecast,209,metno_forecast,7.0,metar,,,1027.0,metar,0,metno_forecast,1,metno_forecast
2026,3,24,22,5.0,metar,39,metar,0.0,metno_forecast,170,metar,17.0,metar,17.0,metar,1028.0,metar,0,metno_forecast,1,metno_forecast
2026,3,24,23,4.0,metar,44,metar,0.0,metno_forecast,165,metno_forecast,9.0,metar,,,1028.0,metar,0,metno_forecast,1,metno_forecast
2026,3,25,0,4.0,metar,48,metar,0.0,metno_forecast,250,metno_forecast,8.6,metno_forecast,,,1028.0,metar,8,metno_forecast,1,metno_forecast
2026,3,25,1,5.0,metar,51,metar,0.0,metno_forecast,186,metno_forecast,14.0,metno_forecast,,,1028.0,metar,8,metno_forecast,3,metno_forecast
2026,3,25,2,5.0,metar,51,metar,0.0,metno_forecast,200,metar,6.0,metar,,,1028.0,metar,8,metno_forecast,3,metno_forecast
2026,3,25,3,5.0,metar,51,metar,0.0,metno_forecast,208,metno_forecast,11.0,metar,,,1028.0,metar,8,metno_forecast,3,metno_forecast
2026,3,25,4,6.0,metar,49,metar,0.0,metno_forecast,218,metno_forecast,7.0,metar,,,1028.0,metar,8,metno_forecast,3,metno_forecast
2026,3,25,5,5.0,metar,51,metar,0.0,metno_forecast,227,metno_forecast,11.0,metar,,,1028.0,metar,8,metno_forecast,3,metno_forecast
2026,3,25,6,4.0,metar,57,metar,0.0,metno_forecast,240,metar,7.0,metar,,,1028.0,metar,8,metno_forecast,3,metno_forecast
2026,3,25,7,4.0,metar,60,metar,0.0,metno_forecast,260,metar,11.0,metar,,,1028.0,metar,6,metno_forecast,3,metno_forecast
2026,3,25,8,4.0,metar,59,metar,0.0,metno_forecast,260,metar,7.0,metar,,,1029.0,metar,6,metno_forecast,3,metno_forecast
2026,3,25,9,4.0,metar,53,metar,0.0,metno_forecast,254,metno_forecast,6.0,metar,,,1030.0,metar,8,metno_forecast,3,metno_forecast
2026,3,25,10,4.0,metar,48,metar,0.0,metno_forecast,270,metar,9.0,metar,,,1030.0,metar,4,metno_forecast,3,metno_forecast
2026,3,25,11,4.0,metar,48,metar,0.0,metno_forecast,0,metar,0.0,metar,,,1030.0,metar,4,metno_forecast,3,metno_forecast
2026,3,25,12,6.0,metar,46,metar,0.0,metno_forecast,0,metar,0.0,metar,,,1030.0,metar,8,metno_forecast,3,metno_forecast
2026,3,25,13,7.0,metar,41,metar,0.0,metno_forecast,0,metar,0.0,metar,,,1030.0,metar,8,metno_forecast,3,metno_forecast
2026,3,25,14,8.0,metar,40,metar,0.0,metno_forecast,0,metar,0.0,metar,,,1031.0,metar,5,metno_forecast,3,metno_forecast
2026,3,25,15,9.0,metar,35,metar,0.0,metno_forecast,0,metar,0.0,metar,,,1030.0,metar,8,metno_forecast,3,metno_forecast
2026,3,25,16,10.0,metar,34,metar,0.0,metno_forecast,0,metar,0.0,metar,,,1029.0,metar,8,metno_forecast,3,metno_forecast
2026,3,25,17,11.0,metar,27,metar,0.0,metno_forecast,177,metno_forecast,6.5,metno_forecast,,,1028.0,metar,8,metno_forecast,3,metno_forecast
2026,3,25,18,11.0,metar,32,metar,0.0,metno_forecast,140,metar,13.0,metar,,,1026.0,metar,8,metno_forecast,3,metno_forecast
2026,3,25,19,11.0,metar,44,metar,0.0,metno_forecast,140,metar,20.0,metar,16.0,metar,1026.0,metar,2,metno_forecast,3,metno_forecast
2026,3,25,20,9.0,metar,47,metar,0.0,metno_forecast,166,metno_forecast,11.0,metar,18.0,metar,1025.0,metar,4,metar,2,metno_forecast
2026,3,25,21,10.0,metar,37,metar,0.0,metno_forecast,130,metar,11.0,metar,,,1024.0,metar,2,metno_forecast,3,metno_forecast
2026,3,25,22,9.0,metar,42,metar,0.0,metno_forecast,180,metar,15.0,metar,20.0,metar,1024.0,metar,4,metno_forecast,2,metno_forecast
2026,3,25,23,8.0,metar,40,metar,0.0,metno_forecast,173,metno_forecast,11.0,metar,18.0,metar,1023.0,metar,2,metar,3,metno_forecast
2026,3,26,0,7.0,metar,56,metar,0.0,metno_forecast,160,metar,15.0,metar,18.0,metar,1023.0,metar,8,metar,3,metno_forecast
2026,3,26,1,8.0,metar,51,metar,0.0,metno_forecast,176,metno_forecast,6.0,metar,,,1023.0,metar,8,metar,3,metno_forecast
2026,3,26,2,8.0,metar,55,metar,0.0,metno_forecast,182,metno_forecast,14.0,metno_forecast,,,1022.0,metar,6,metar,3,metno_forecast
2026,3,26,3,7.0,metar,63,metar,0.0,metno_forecast,186,metno_forecast,13.7,metno_forecast,,,1022.0,metar,4,metar,3,metno_forecast
2026,3,26,4,7.0,metar,68,metar,0.0,metno_forecast,190,metno_forecast,7.0,metar,,,1021.0,metar,6,metar,3,metno_forecast
2026,3,26,5,8.0,metar,68,metar,0.0,metno_forecast,188,metno_forecast,6.0,metar,,,1020.0,metar,6,metar,3,metno_forecast
2026,3,26,6,8.0,metar,68,metar,0.0,metno_forecast,12,metno_forecast,9.0,metar,,,1018.0,metar,6,metar,3,metno_forecast
2026,3,26,7,8.0,metar,71,metar,0.0,metno_forecast,0,metar,0.0,metar,,,1018.0,metar,8,metar,3,metno_forecast
2026,3,26,8,9.0,metar,69,metar,0.0,metno_forecast,206,metno_forecast,13.7,metno_forecast,,,1017.0,metar,8,metar,3,metno_forecast
2026,3,26,9,10.0,metar,68,metar,0.0,metno_forecast,212,metno_forecast,7.0,metar,,,1016.0,metar,8,metar,3,metno_forecast
2026,3,26,10,11.0,metar,68,metar,0.0,metno_forecast,220,metar,11.0,metar,16.0,metar,1016.0,metar,8,metar,3,metno_forecast
2026,3,26,11,11.0,metar,71,metar,0.0,metno_forecast,218,metno_forecast,6.0,metar,,,1017.0,metar,8,metar,3,metno_forecast
2026,3,26,12,12.0,metar,66,metar,0.0,metno_forecast,220,metar,17.0,metar,21.0,metar,1015.0,metar,6,metar,3,metno_forecast
2026,3,26,13,13.0,metar,59,metar,0.0,metno_forecast,230,metar,15.0,metar,18.0,metar,1015.0,metar,6,metar,3,metno_forecast
2026,3,26,14,16.0,metar,49,metar,0.0,metno_forecast,209,metno_forecast,7.0,metar,,,1015.0,metar,6,metar,3,metno_forecast
2026,3,26,15,17.0,metar,41,metar,0.0,metno_forecast,221,metno_forecast,7.0,metar,15.0,metar,1014.0,metar,3,metno_forecast,3,metno_forecast
2026,3,26,16,19.0,metar,37,metar,0.0,metno_forecast,210,metar,13.0,metar,,,1013.0,metar,3,metno_forecast,3,metno_forecast
2026,3,26,17,22.0,metar,34,metar,0.0,metno_forecast,0,metar,0.0,metar,,,1012.0,metar,8,metno_forecast,2,metno_forecast
2026,3,26,18,23.0,metar,33,metar,0.0,metno_forecast,336,metno_forecast,11.0,metar,,,1011.0,metar,0,metno_forecast,3,metno_forecast
2026,3,26,19,24.0,metar,32,metar,0.0,metno_forecast,200,metar,13.0,metar,,,1009.0,metar,8,metno_forecast,2,metno_forecast
2026,3,26,20,24.0,metar,33,metar,0.0,metno_forecast,180,metar,13.0,metar,,,1008.0,metar,8,metno_forecast,3,metno_forecast
2026,3,26,21,24.0,metar,36,metar,0.0,metno_forecast,190,metar,9.0,metar,,,1008.0,metar,8,metno_forecast,3,metno_forecast
2026,3,26,22,20.0,metar,45,metar,0.0,metno_forecast,140,metar,7.0,metar,,,1007.0,metar,8,metno_forecast,3,metno_forecast
2026,3,26,23,18.0,metar,50,metar,0.0,metno_forecast,160,metar,6.0,metar,,,1005.0,metar,8,metno_forecast,3,metno_forecast
2026,3,27,0,19.0,metar,52,metar,0.0,metno_forecast,172,metno_forecast,9.0,metar,,,1005.0,metar,0,metno_forecast,3,metno_forecast
2026,3,27,1,19.0,metar,55,metar,0.0,metno_forecast,197,metno_forecast,9.0,metar,,,1004.0,metar,8,metno_forecast,3,metno_forecast
2026,3,27,2,20.0,metar,55,metar,0.0,metar,206,metno_forecast,11.0,metar,18.0,metar,1004.0,metar,2,metar,3,metno_forecast
2026,3,27,3,20.0,metar,57,metar,0.0,metar,250,metar,17.0,metar,16.0,metar,1005.0,metar,4,metar,3,metno_forecast
2026,3,27,4,19.0,metar,68,metar,0.0,metar,234,metno_forecast,20.9,metno_forecast,,,1005.0,metar,2,metar,9,metno_forecast
2026,3,27,5,18.0,metar,75,metar,0.0,metar,290,metar,13.0,metar,,,1005.0,metar,8,metar,9,metno_forecast
2026,3,27,6,17.0,metar,84,metar,0.0,metar,196,metno_forecast,9.0,metar,,,1005.0,metar,4,metar,9,metno_forecast
2026,3,27,7,16.0,metar,84,metar,0.0,metar,300,metar,9.0,metar,,,1005.0,metar,6,metar,9,metno_forecast
2026,3,27,8,16.0,metar,75,metar,2.8,metno_forecast,280,metar,7.0,metar,,,1006.0,metar,8,metno_forecast,9,metno_forecast
2026,3,27,9,15.0,metar,75,metar,0.3,metno_forecast,313,metno_forecast,7.0,metar,,,1008.0,metar,6,metar,8,metno_forecast
2026,3,27,10,14.0,metar,67,metar,0.3,metno_forecast,328,metno_forecast,18.7,metno_forecast,,,1010.0,metar,6,metar,8,metno_forecast
2026,3,27,11,14.0,metar,64,metar,0.0,metno_forecast,310,metar,19.0,metar,21.0,metar,1011.0,metar,8,metar,3,metno_forecast
2026,3,27,12,13.0,metar,59,metar,0.0,metno_forecast,195,metno_forecast,9.0,metar,,,1013.0,metar,2,metar,3,metno_forecast
2026,3,27,13,12.0,metar,54,metar,0.0,metno_forecast,354,metno_forecast,19.8,metno_forecast,,,1015.0,metar,6,metar,3,metno_forecast
2026,3,27,14,11.0,metar,50,metar,0.0,metno_forecast,353,metno_forecast,20.9,metno_forecast,,,1016.0,metar,4,metar,3,metno_forecast
2026,3,27,15,11.0,metar,50,metar,0.0,metno_forecast,10,metar,19.0,metar,17.0,metar,1017.0,metar,6,metar,3,metno_forecast
2026,3,27,16,11.0,metar,44,metar,0.0,metno_forecast,30,metar,15.0,metar,17.0,metar,1018.0,metar,4,metar,3,metno_forecast
2026,3,27,17,11.0,metar,39,metar,0.0,metno_forecast,40,metar,19.0,metar,19.0,metar,1018.0,metar,4,metar,3,metno_forecast
2026,3,27,18,11.0,metar,41,metar,0.0,metno_forecast,40,metar,11.0,metar,,,1018.0,metar,6,metar,3,metno_forecast
2026,3,27,19,9.0,metar,44,metar,0.0,metno_forecast,40,metar,15.0,metar,15.0,metar,1019.0,metar,6,metar,3,metno_forecast
2026,3,27,20,9.0,metar,44,metar,0.0,metno_forecast,50,metar,17.0,metar,,,1019.0,metar,6,metar,3,metno_forecast
2026,3,27,21,8.0,metar,44,metar,0.0,metno_forecast,50,metar,15.0,metar,,,1019.0,metar,8,metar,3,metno_forecast
2026,3,27,22,8.0,metar,42,metar,0.0,metno_forecast,30,metar,13.0,metar,,,1020.0,metar,4,metar,3,metno_forecast
2026,3,27,23,8.0,metar,42,metar,0.0,metno_forecast,20,metar,7.0,metar,,,1020.0,metar,4,metar,3,metno_forecast
2026,3,28,0,7.0,metar,41,metar,0.0,metno_forecast,60,metar,7.0,metar,,,1021.0,metar,8,metno_forecast,3,metno_forecast
2026,3,28,1,6.0,metar,38,metar,0.0,metno_forecast,53,metno_forecast,6.0,metar,,,1022.0,metar,0,metno_forecast,2,metno_forecast
2026,3,28,2,6.0,metar,39,metar,0.0,metno_forecast,0,metar,0.0,metar,,,1022.0,metar,8,metar,1,metno_forecast
2026,3,28,3,6.0,metar,39,metar,0.0,metno_forecast,356,metno_forecast,9.0,metar,,,1023.0,metar,8,metar,1,metno_forecast
2026,3,28,4,5.0,metar,39,metar,0.0,metno_forecast,290,metar,9.0,metar,,,1023.0,metar,8,metar,1,metno_forecast
2026,3,28,5,4.0,metar,42,metar,0.0,metno_forecast,350,metno_forecast,11.0,metar,,,1023.0,metar,4,metar,1,metno_forecast
2026,3,28,6,3.0,metar,44,metar,0.0,metno_forecast,5,metno_forecast,11.0,metar,18.0,metar,1024.0,metar,6,metar,2,metno_forecast
2026,3,28,7,2.0,metar,42,metar,0.0,metno_forecast,358,metno_forecast,7.0,metar,,,1024.0,metar,0,metno_forecast,1,metno_forecast
2026,3,28,8,1.0,metar,46,metar,0.0,metno_forecast,340,metar,19.0,metar,17.0,metar,1025.0,metar,2,metar,1,metno_forecast
2026,3,28,9,1.0,metar,49,metar,0.0,metno_forecast,356,metno_forecast,14.8,metno_forecast,,,1026.0,metar,8,metno_forecast,3,metno_forecast
2026,3,28,10,-1.0,metar,49,metar,0.0,metno_forecast,350,metar,13.0,metar,15.0,metar,1027.0,metar,7,metno_forecast,3,metno_forecast
2026,3,28,11,-1.0,metar,49,metar,0.0,metno_forecast,351,metno_forecast,11.0,metar,,,1029.0,metar,0,metno_forecast,3,metno_forecast
2026,3,28,12,0.0,metar,45,metar,0.0,metno_forecast,340,metar,13.0,metar,,,1030.0,metar,0,metno_forecast,1,metno_forecast
2026,3,28,13,1.0,metar,38,metar,0.0,metno_forecast,344,metno_forecast,15.1,metno_forecast,,,1031.0,metar,0,metno_forecast,1,metno_forecast
2026,3,28,14,2.0,metar,29,metar,0.0,metno_forecast,342,metno_forecast,9.0,metar,16.0,metar,1032.0,metar,0,metno_forecast,1,metno_forecast
2026,3,28,15,3.0,metar,24,metar,0.0,metno_forecast,342,metno_forecast,14.0,metno_forecast,,,1032.0,metar,0,metno_forecast,1,metno_forecast
2026,3,28,16,4.0,metar,24,metar,0.0,metno_forecast,328,metno_forecast,9.0,metar,16.0,metar,1032.0,metar,2,metno_forecast,1,metno_forecast
2026,3,28,17,4.0,metar,22,metar,0.0,metno_forecast,318,metno_forecast,11.0,metar,18.0,metar,1031.0,metar,7,metno_forecast,2,metno_forecast
2026,3,28,18,6.0,metar,20,metar,0.0,metno_forecast,312,metno_forecast,18.4,metno_forecast,,,1031.0,metar,6,metar,3,metno_forecast
2026,3,28,19,6.0,metar,20,metar,0.0,metno_forecast,309,metno_forecast,11.0,metar,22.0,metar,1031.0,metar,6,metar,3,metno_forecast
2026,3,28,20,6.0,metar,21,metar,0.0,metno_forecast,306,metno_forecast,9.0,metar,,,1031.0,metar,6,metar,3,metno_forecast
2026,3,28,21,6.0,metar,19,metar,0.0,metno_forecast,300,metar,20.0,metar,20.0,metar,1031.0,metar,2,metar,3,metno_forecast
2026,3,28,22,5.0,metar,21,metar,0.0,metno_forecast,300,metar,15.0,metar,20.0,metar,1031.0,metar,2,metno_forecast,2,metno_forecast
2026,3,28,23,4.0,metar,24,metar,0.0,metno_forecast,310,metar,13.0,metar,,,1032.0,metar,0,metno_forecast,2,metno_forecast
2026,3,29,0,4.0,metar,26,metar,0.0,metno_forecast,320,metar,7.0,metar,,,1033.0,metar,0,metno_forecast,1,metno_forecast
2026,3,29,1,3.0,metar,31,metar,0.0,metno_forecast,360,metar,13.0,metar,,,1034.0,metar,1,metno_forecast,1,metno_forecast
2026,3,29,2,3.0,metar,34,metar,0.0,metno_forecast,312,metno_forecast,7.0,metar,,,1034.0,metar,2,metno_forecast,1,metno_forecast
2026,3,29,3,3.0,metar,34,metar,0.0,metno_forecast,0,metar,0.0,metar,,,1035.0,metar,4,metno_forecast,2,metno_forecast
2026,3,29,4,2.0,metar,37,metar,0.0,metno_forecast,0,metar,0.0,metar,,,1035.0,metar,6,metno_forecast,3,metno_forecast
2026,3,29,5,2.0,metar,36,metar,0.0,metno_forecast,0,metar,0.0,metar,,,1035.0,metar,5,metno_forecast,3,metno_forecast
2026,3,29,6,2.0,metar,40,metar,0.0,metno_forecast,0,metar,0.0,metar,,,1035.0,metar,2,metno_forecast,3,metno_forecast
2026,3,29,7,1.0,metar,40,metar,0.0,metno_forecast,0,metar,0.0,metar,,,1035.0,metar,4,metno_forecast,2,metno_forecast
2026,3,29,8,1.0,metar,46,metar,0.0,metno_forecast,0,metar,0.0,metar,,,1035.0,metar,5,metno_forecast,3,metno_forecast
2026,3,29,9,2.0,metar,40,metar,0.0,metno_forecast,0,metar,0.0,metar,,,1036.0,metar,4,metar,3,metno_forecast
2026,3,29,10,2.0,metar,42,metar,0.0,metno_forecast,150,metar,6.0,metar,,,1036.0,metar,3,metno_forecast,3,metno_forecast
2026,3,29,11,3.0,metar,42,metar,0.0,metno_forecast,230,metno_forecast,5.0,metno_forecast,,,1036.0,metar,4,metar,2,metno_forecast
2026,3,29,12,4.0,metar,43,metar,0.0,metno_forecast,217,metno_forecast,7.0,metar,,,1037.0,metar,2,metno_forecast,3,metno_forecast
2026,3,29,13,6.0,metar,45,metar,0.0,metno_forecast,196,metno_forecast,6.8,metno_forecast,,,1037.0,metar,1,metno_forecast,2,metno_forecast
2026,3,29,14,7.0,metar,35,metar,0.0,metno_forecast,260,metar,7.0,metar,,,1037.0,metar,1,metno_forecast,1,metno_forecast
2026,3,29,15,9.0,metar,34,metar,0.0,metno_forecast,203,metno_forecast,7.0,metar,,,1036.0,metar,2,metno_forecast,2,metno_forecast
2026,3,29,16,10.0,metar,29,metar,0.0,metno_forecast,170,metar,17.0,metar,16.0,metar,1034.0,metar,2,metno_forecast,2,metno_forecast
2026,3,29,17,11.0,metar,26,metar,0.0,metno_forecast,250,metar,17.0,metar,17.0,metar,1033.0,metar,4,metno_forecast,2,metno_forecast
2026,3,29,18,11.0,metar,27,metar,0.0,metno_forecast,130,metar,15.0,metar,16.0,metar,1032.0,metar,3,metno_forecast,3,metno_forecast
2026,3,29,19,12.0,metar,27,metar,0.0,metno_forecast,160,metar,15.0,metar,,,1031.0,metar,3,metno_forecast,2,metno_forecast
2026,3,29,20,11.0,metar,39,metar,0.0,metno_forecast,218,metno_forecast,7.0,metar,16.0,metar,1030.0,metar,6,metno_forecast,2,metno_forecast
2026,3,29,21,11.0,metar,44,metar,0.0,metno_forecast,140,metar,11.0,metar,15.0,metar,1030.0,metar,2,metar,3,metno_forecast
2026,3,29,22,10.0,metar,46,metar,0.0,metno_forecast,211,metno_forecast,11.0,metar,,,1030.0,metar,6,metno_forecast,3,metno_forecast
2026,3,29,23,9.0,metar,46,metar,0.0,metno_forecast,186,metno_forecast,9.0,metar,,,1030.0,metar,6,metno_forecast,3,metno_forecast
2026,3,30,0,9.0,metar,44,metar,0.0,metno_forecast,169,metno_forecast,9.0,metar,,,1030.0,metar,7,metno_forecast,3,metno_forecast
2026,3,30,1,9.0,metar,42,metar,0.0,metno_forecast,175,metno_forecast,15.8,metno_forecast,,,1030.0,metar,4,metar,3,metno_forecast
2026,3,30,2,9.0,metar,44,metar,0.0,metno_forecast,183,metno_forecast,7.0,metar,,,1030.0,metar,6,metar,3,metno_forecast
2026,3,30,3,8.9,metar,46,metar,0.0,metno_forecast,185,metno_forecast,4.0,metar,,,,,8,metno_forecast,3,metno_forecast
2026,3,30,4,8.9,metar,47,metar,0.0,metno_forecast,0,metar,0.0,metar,,,,,8,metno_forecast,3,metno_forecast
2026,3,30,5,8.3,metar,52,metar,0.0,metno_forecast,0,metar,0.0,metar,,,,,8,metno_forecast,3,metno_forecast
2026,3,30,6,8.3,metar,56,metar,0.0,metno_forecast,210,metno_forecast,3.0,metar,,,,,8,metno_forecast,3,metno_forecast
2026,3,30,7,8.3,metar,63,metar,0.0,metno_forecast,214,metno_forecast,13.0,metno_forecast,,,,,4,metno_forecast,3,metno_forecast
2026,3,30,8,8.9,metar,63,metar,0.0,metno_forecast,214,metno_forecast,4.0,metar,,,,,2,metno_forecast,3,metno_forecast
2026,3,30,9,9.4,metar,66,metar,0.0,metno_forecast,220,metar,8.0,metar,16.0,metar,,,0,metno_forecast,2,metno_forecast
2026,3,30,10,9.4,metar,71,metar,0.0,metno_forecast,221,metno_forecast,6.0,metar,16.0,metar,,,0,metno_forecast,1,metno_forecast
2026,3,30,11,10.0,metar,74,metar,0.0,metno_forecast,220,metar,9.0,metar,20.0,metar,,,1,metno_forecast,1,metno_forecast
2026,3,30,12,10.6,metar,71,metar,0.0,metno_forecast,228,metno_forecast,16.6,metno_forecast,,,,,1,metno_forecast,2,metno_forecast
2026,3,30,13,13.3,metar,60,metar,0.0,metno_forecast,240,metar,9.0,metar,20.0,metar,,,2,metno_forecast,2,metno_forecast
2026,3,30,14,15.6,metar,47,metar,0.0,metno_forecast,224,metno_forecast,6.0,metar,,,,,3,metno_forecast,2,metno_forecast
2026,3,30,15,17.2,metar,41,metar,0.0,metno_forecast,227,metno_forecast,18.0,metno_forecast,,,,,3,metno_forecast,3,metno_forecast
2026,3,30,16,19.4,metar,36,metar,0.0,metno_forecast,228,metno_forecast,4.0,metar,,,,,3,metno_forecast,2,metno_forecast
2026,3,30,17,21.1,metar,33,metar,0.0,metno_forecast,0,metar,0.0,metar,,,,,2,metar,2,metno_forecast
2026,3,30,18,22.8,metar,31,metar,0.0,metno_forecast,228,metno_forecast,19.1,metno_forecast,,,,,3,metno_forecast,3,metno_forecast
2026,3,30,19,22.2,metar,31,metar,0.0,metno_forecast,250,metar,9.0,metar,19.0,metar,,,2,metar,3,metno_forecast
2026,3,30,20,22.2,metar,34,metar,0.0,metno_forecast,222,metno_forecast,4.0,metar,,,,,7,metno_forecast,3,metno_forecast
2026,3,30,21,20.6,metar,40,metar,0.0,metno_forecast,250,metar,8.0,metar,20.0,metar,,,4,metar,3,metno_forecast
2026,3,30,22,19.4,metar,49,metar,0.0,metar,230,metar,5.0,metar,,,,,2,metar,3,metno_forecast
2026,3,30,23,18.3,metar,50,metar,0.0,metno_forecast,232,metno_forecast,15.8,metno_forecast,,,,,8,metno_forecast,3,metno_forecast
2026,3,31,0,18.3,metar,54,metar,0.0,metno_forecast,229,metno_forecast,16.6,metno_forecast,,,,,6,metar,3,metno_forecast
2026,3,31,1,17.8,metar,56,metar,0.0,metno_forecast,221,metno_forecast,15.5,metno_forecast,,,,,8,metar,3,metno_forecast
2026,3,31,2,17.8,metar,58,metar,0.0,metno_forecast,221,metno_forecast,14.4,metno_forecast,,,,,2,metar,2,metno_forecast
2026,3,31,3,17.8,metar,58,metar,0.0,metno_forecast,210,metar,6.0,metar,,,,,8,metar,3,metno_forecast
2026,3,31,4,17.8,metar,58,metar,0.0,metno_forecast,240,metar,9.0,metar,17.0,metar,,,6,metar,3,metno_forecast
2026,3,31,5,17.8,metar,60,metar,0.0,metno_forecast,225,metno_forecast,6.0,metar,,,,,6,metar,3,metno_forecast
2026,3,31,6,17.8,metar,60,metar,0.0,metno_forecast,224,metno_forecast,5.0,metar,15.0,metar,,,6,metar,3,metno_forecast
2026,3,31,7,16.1,metar,75,metar,0.0,metar,222,metno_forecast,18.7,metno_forecast,,,,,6,metar,3,metno_forecast
2026,3,31,8,17.8,metar,63,metar,0.0,metno_forecast,220,metar,3.0,metar,,,,,8,metar,3,metno_forecast
2026,3,31,9,17.2,metar,65,metar,0.2,metno_forecast,220,metar,7.0,metar,,,,,8,metar,7,metno_forecast
2026,3,31,10,17.8,metar,63,metar,0.3,metno_forecast,230,metar,8.0,metar,,,,,6,metar,8,metno_forecast
2026,3,31,11,17.8,metar,60,metar,1.6,metno_forecast,220,metar,9.0,metar,19.0,metar,,,4,metar,9,metno_forecast
2026,3,31,12,18.3,metar,61,metar,1.0,metno_forecast,227,metno_forecast,4.0,metar,,,,,8,metno_forecast,9,metno_forecast
2026,3,31,13,20.6,metar,53,metar,0.0,metno_forecast,220,metar,11.0,metar,18.0,metar,,,8,metno_forecast,3,metno_forecast
2026,3,31,14,21.7,metar,49,metar,4.5,metno_forecast,250,metar,6.0,metar,,,,,8,metno_forecast,18,metno_forecast
2026,3,31,15,23.9,metar,45,metar,1.1,metno_forecast,230,metno_forecast,6.0,metar,,,,,8,metno_forecast,9,metno_forecast
2026,3,31,16,24.4,metar,43,metar,0.0,metno_forecast,240,metar,9.0,metar,18.0,metar,,,2,metar,3,metno_forecast
2026,3,31,17,25.0,metar,43,metar,0.0,metno_forecast,242,metno_forecast,3.0,metar,,,,,2,metar,3,metno_forecast
2026,3,31,18,26.7,metar,41,metar,0.0,metno_forecast,244,metno_forecast,6.0,metar,,,,,2,metar,3,metno_forecast
2026,3,31,19,26.1,metar,42,metar,0.0,metno_forecast,240,metno_forecast,23.0,metno_forecast,,,,,7,metno_forecast,3,metno_forecast
2026,3,31,20,26.1,metar,42,metar,0.0,metno_forecast,239,metno_forecast,21.6,metno_forecast,,,,,5,metno_forecast,3,metno_forecast
2026,3,31,21,25.0,metar,45,metar,0.0,metno_forecast,233,metno_forecast,22.7,metno_forecast,,,,,2,metno_forecast,3,metno_forecast
2026,3,31,22,24.4,metar,47,metar,0.0,metno_forecast,200,metar,6.0,metar,,,,,7,metno_forecast,2,metno_forecast
2026,3,31,23,24.4,metar,45,metar,0.0,metno_forecast,221,metno_forecast,16.6,metno_forecast,,,,,7,metno_forecast,3,metno_forecast
2026,4,1,0,23.9,metar,48,metar,0.0,metno_forecast,206,metno_forecast,5.0,metar,,,,,6,metno_forecast,3,metno_forecast
2026,4,1,1,22.8,metar,53,metar,0.0,metno_forecast,194,metno_forecast,16.2,metno_forecast,,,,,8,metno_forecast,3,metno_forecast
2026,4,1,2,22.2,metar,55,metar,0.0,metno_forecast,202,metno_forecast,5.0,metar,,,,,7,metno_forecast,3,metno_forecast
2026,4,1,3,21.7,metar,57,metar,0.0,metno_forecast,210,metno_forecast,6.0,metar,,,,,7,metno_forecast,3,metno_forecast
2026,4,1,4,21.7,metar,57,metar,0.0,metno_forecast,216,metno_forecast,15.8,metno_forecast,,,,,8,metno_forecast,3,metno_forecast
2026,4,1,5,21.1,metar,59,metar,0.0,metno_forecast,210,metar,7.0,metar,15.0,metar,,,8,metno_forecast,3,metno_forecast
2026,4,1,6,21.7,metar,57,metar,0.0,metno_forecast,230,metar,7.0,metar,14.0,metar,,,2,metar,3,metno_forecast
2026,4,1,7,21.1,metar,57,metar,0.0,metno_forecast,234,metno_forecast,5.0,metar,,,,,8,metno_forecast,3,metno_forecast
2026,4,1,8,20.6,metar,61,metar,0.0,metno_forecast,210,metar,7.0,metar,,,,,2,metar,3,metno_forecast
2026,4,1,9,21.1,metar,57,metar,0.0,metno_forecast,240,metar,7.0,metar,,,,,7,metno_forecast,3,metno_forecast
2026,4,1,10,20.6,metar,59,metar,0.0,metar,217,metno_forecast,4.0,metar,,,,,2,metar,3,metno_forecast
2026,4,1,11,20.6,metar,59,metar,0.0,metar,228,metno_forecast,5.0,metar,,,,,8,metno_forecast,3,metno_forecast
2026,4,1,12,20.6,metar,59,metar,0.6,metno_forecast,230,metar,3.0,metar,,,,,8,metno_forecast,17,metno_forecast
2026,4,1,13,22.2,metar,53,metar,0.1,metno_forecast,256,metno_forecast,5.0,metar,,,,,7,metno_forecast,7,metno_forecast
2026,4,1,14,23.3,metar,50,metar,0.0,metno_forecast,250,metar,5.0,metar,,,,,5,metno_forecast,3,metno_forecast
2026,4,1,15,24.4,metar,48,metar,0.0,metno_forecast,272,metno_forecast,3.0,metar,,,,,5,metno_forecast,3,metno_forecast
2026,4,1,16,25.0,metar,48,metar,0.0,metno_forecast,275,metno_forecast,3.0,metar,,,,,8,metar,3,metno_forecast
2026,4,1,17,25.6,metar,47,metar,0.0,metno_forecast,240,metar,6.0,metar,15.0,metar,,,4,metar,3,metno_forecast
2026,4,1,18,26.1,metar,44,metar,0.0,metno_forecast,220,metar,7.0,metar,,,,,4,metar,3,metno_forecast
2026,4,1,19,23.3,metar,56,metar,0.0,metno_forecast,275,metno_forecast,5.0,metar,,,,,6,metar,3,metno_forecast
2026,4,1,20,23.3,metar,53,metar,0.5,metno_forecast,308,metno_forecast,12.2,metno_forecast,,,,,8,metar,8,metno_forecast
2026,4,1,21,21.7,metar,57,metar,0.3,metno_forecast,349,metno_forecast,4.0,metar,,,,,4,metar,8,metno_forecast
2026,4,1,22,18.9,metar,65,metar,0.0,metno_forecast,30,metar,10.0,metar,19.0,metar,,,8,metar,3,metno_forecast
2026,4,1,23,16.1,metar,64,metar,0.0,metno_forecast,10,metar,8.0,metar,17.0,metar,,,6,metar,3,metno_forecast
2026,4,2,0,14.4,metar,70,metar,0.5,metno_forecast,360,metar,7.0,metar,,,,,2,metar,8,metno_forecast
2026,4,2,1,14.4,metar,65,metar,0.0,metno_forecast,50,metar,7.0,metar,15.0,metar,,,2,metar,3,metno_forecast
2026,4,2,2,14.4,metar,62,metar,0.0,metno_forecast,40,metar,8.0,metar,,,,,4,metar,3,metno_forecast
2026,4,2,3,13.3,metar,72,metar,0.0,metar,70,metar,9.0,metar,19.0,metar,,,6,metar,3,metno_forecast
2026,4,2,4,11.7,metar,93,metar,0.0,metar,60,metar,12.0,metar,20.0,metar,,,6,metar,8,metar
2026,4,2,5,10.6,metar,92,metar,0.0,metar,80,metar,13.0,metar,22.0,metar,,,6,metar,9,metno_forecast
2026,4,2,6,9.4,metar,90,metar,0.8,metno_forecast,60,metar,8.0,metar,20.0,metar,,,6,metar,8,metno_forecast
2026,4,2,7,9.4,metar,80,metar,0.4,metno_forecast,60,metar,6.0,metar,18.0,metar,,,4,metar,8,metno_forecast
2026,4,2,8,8.3,metar,80,metar,0.0,metar,80,metar,12.0,metar,18.0,metar,,,6,metar,8,metno_forecast
2026,4,2,9,7.2,metar,93,metar,0.1,metar,60,metar,11.0,metar,21.0,metar,,,6,metar,8,metar
2026,4,2,10,6.7,metar,93,metar,0.0,metno_forecast,60,metar,10.0,metar,19.0,metar,,,8,metar,3,metno_forecast
2026,4,2,11,6.7,metar,89,metar,0.0,metno_forecast,80,metar,11.0,metar,18.0,metar,,,8,metar,5,metar
2026,4,2,12,6.1,metar,89,metar,0.2,metno_forecast,70,metar,9.0,metar,19.0,metar,,,6,metar,7,metno_forecast
2026,4,2,13,6.7,metar,85,metar,0.2,metno_forecast,80,metar,7.0,metar,18.0,metar,,,8,metar,7,metno_forecast
2026,4,2,14,6.1,metar,86,metar,0.0,metno_forecast,70,metar,9.0,metar,19.0,metar,,,8,metar,3,metno_forecast
2026,4,2,15,6.1,metar,86,metar,0.0,metno_forecast,70,metar,11.0,metar,24.0,metar,,,8,metar,5,metar
2026,4,2,16,6.1,metar,86,metar,0.0,metno_forecast,65,metno_forecast,20.2,metno_forecast,,,,,8,metar,3,metno_forecast
2026,4,2,17,6.7,metar,79,metar,0.0,metno_forecast,60,metar,11.0,metar,19.0,metar,,,8,metar,3,metno_forecast
2026,4,2,18,6.7,metar,79,metar,0.0,metno_forecast,50,metar,13.0,metar,20.0,metar,,,8,metar,3,metno_forecast
2026,4,2,19,6.1,metar,82,metar,0.0,metno_forecast,73,metno_forecast,18.7,metno_forecast,,,,,8,metar,3,metno_forecast
2026,4,2,20,6.1,metar,86,metar,0.0,metno_forecast,60,metar,8.0,metar,,,,,8,metar,3,metno_forecast
2026,4,2,21,6.1,metar,86,metar,0.0,metno_forecast,80,metar,7.0,metar,16.0,metar,,,8,metar,3,metno_forecast
2026,4,2,22,6.1,metar,86,metar,0.0,metno_forecast,70,metar,7.0,metar,15.0,metar,,,8,metar,3,metno_forecast
2026,4,2,23,5.6,metar,89,metar,0.0,metno_forecast,60,metar,6.0,metar,,,,,8,metar,5,metar
2026,4,3,0,5.6,metar,92,metar,0.0,metno_forecast,80,metar,8.0,metar,,,,,8,metar,5,metar
2026,4,3,1,5.6,metar,92,metar,0.0,metno_forecast,60,metar,10.0,metar,,,,,8,metar,5,metar
2026,4,3,2,5.0,metar,96,metar,0.0,metar,70,metar,9.0,metar,14.0,metar,,,8,metar,3,metno_forecast
2026,4,3,3,5.0,metar,96,metar,0.0,metar,78,metno_forecast,4.0,metar,15.0,metar,,,8,metar,5,metar
2026,4,3,4,5.0,metar,93,metar,0.0,metar,70,metar,7.0,metar,,,,,8,metar,3,metno_forecast
2026,4,3,5,5.0,metar,96,metar,0.0,metar,80,metar,5.0,metar,,,,,6,metar,5,metar
2026,4,3,6,5.0,metar,96,metar,0.0,metno_forecast,80,metar,6.0,metar,,,,,8,metar,5,metar
2026,4,3,7,5.0,metar,96,metar,0.0,metno_forecast,104,metno_forecast,5.0,metar,,,,,8,metar,5,metar
2026,4,3,8,5.0,metar,96,metar,0.0,metno_forecast,60,metar,5.0,metar,,,,,8,metar,5,metar
2026,4,3,9,5.0,metar,96,metar,0.0,metno_forecast,60,metar,4.0,metar,,,,,8,metar,5,metar
2026,4,3,10,5.0,metar,96,metar,0.0,metno_forecast,60,metar,4.0,metar,,,,,8,metar,5,metar
2026,4,3,11,5.0,metar,96,metar,0.0,metno_forecast,90,metar,4.0,metar,,,,,8,metar,5,metar
2026,4,3,12,6.1,metar,100,metar,0.0,metno_forecast,0,metar,0.0,metar,,,,,8,metar,5,metar
2026,4,3,13,6.7,metar,96,metar,0.0,metno_forecast,120,metar,5.0,metar,,,,,6,metar,5,metar
2026,4,3,14,8.3,metar,90,metar,0.0,metno_forecast,0,metar,0.0,metar,,,,,8,metar,5,metar
2026,4,3,15,10.0,metar,86,metar,0.0,metno_forecast,220,metno_forecast,3.0,metar,,,,,8,metar,3,metno_forecast
2026,4,3,16,10.6,metar,83,metar,0.0,metno_forecast,260,metar,6.0,metar,,,,,8,metar,3,metno_forecast
2026,4,3,17,13.3,metar,75,metar,0.0,metno_forecast,231,metno_forecast,18.7,metno_forecast,,,,,8,metar,3,metno_forecast
2026,4,3,18,14.4,metar,72,metar,0.0,metno_forecast,232,metno_forecast,5.0,metar,15.0,metar,,,8,metar,3,metno_forecast
2026,4,3,19,16.7,metar,67,metar,0.0,metno_forecast,0,metar,0.0,metar,,,,,8,metno_forecast,3,metno_forecast
2026,4,3,20,17.2,metar,67,metar,0.0,metno_forecast,162,metno_forecast,14.4,metno_forecast,,,,,8,metno_forecast,3,metno_forecast
2026,4,3,21,18.3,metar,65,metar,0.0,metno_forecast,240,metar,5.0,metar,,,,,8,metno_forecast,3,metno_forecast
2026,4,3,22,18.3,metar,68,metar,0.0,metno_forecast,230,metar,4.0,metar,,,,,8,metno_forecast,3,metno_forecast
2026,4,3,23,17.8,metar,73,metar,0.0,metno_forecast,153,metno_forecast,11.9,metno_forecast,,,,,8,metno_forecast,3,metno_forecast
2026,4,4,0,17.8,metar,73,metar,0.0,metno_forecast,0,metar,0.0,metar,,,,,2,metar,3,metno_forecast
2026,4,4,1,16.7,metar,80,metar,0.0,metno_forecast,270,metar,3.0,metar,,,,,8,metno_forecast,3,metno_forecast
2026,4,4,2,17.2,metar,78,metar,0.0,metno_forecast,194,metno_forecast,3.0,metar,,,,,6,metno_forecast,3,metno_forecast
2026,4,4,3,16.7,metar,80,metar,0.0,metno_forecast,208,metno_forecast,3.0,metar,,,,,5,metno_forecast,3,metno_forecast
2026,4,4,4,16.7,metar,84,metar,0.0,metno_forecast,300,metar,7.0,metar,,,,,8,metar,3,metno_forecast
2026,4,4,5,16.1,metar,83,metar,0.0,metno_forecast,236,metno_forecast,3.0,metar,,,,,2,metar,3,metno_forecast
2026,4,4,6,17.8,metar,78,metar,0.0,metno_forecast,0,metar,0.0,metar,,,,,7,metno_forecast,3,metno_forecast
2026,4,4,7,16.7,metar,84,metar,0.0,metno_forecast,220,metar,4.0,metar,,,,,2,metar,3,metno_forecast
2026,4,4,8,17.2,metar,81,metar,0.0,metno_forecast,258,metno_forecast,9.7,metno_forecast,,,,,2,metar,3,metno_forecast
2026,4,4,9,16.7,metar,80,metar,0.0,metno_forecast,280,metar,3.0,metar,,,,,5,metno_forecast,3,metno_forecast
2026,4,4,10,16.7,metar,84,metar,0.0,metno_forecast,260,metar,3.0,metar,,,,,2,metno_forecast,3,metno_forecast
2026,4,4,11,17.2,metar,81,metar,0.0,metno_forecast,330,metno_forecast,4.0,metar,,,,,4,metno_forecast,2,metno_forecast
2026,4,4,12,17.8,metar,75,metar,0.0,metno_forecast,343,metno_forecast,3.0,metar,,,,,3,metno_forecast,3,metno_forecast
2026,4,4,13,18.9,metar,68,metar,0.0,metno_forecast,50,metar,7.0,metar,,,,,2,metar,2,metno_forecast
2026,4,4,14,19.4,metar,61,metar,0.0,metno_forecast,21,metno_forecast,6.0,metar,,,,,2,metar,3,metno_forecast
2026,4,4,15,19.4,metar,57,metar,0.0,metno_forecast,30,metar,7.0,metar,,,,,7,metno_forecast,3,metno_forecast
2026,4,4,16,20.0,metar,57,metar,0.0,metno_forecast,90,metar,8.0,metar,15.0,metar,,,8,metno_forecast,3,metno_forecast
2026,4,4,17,21.7,metar,49,metar,0.0,metno_forecast,80,metar,5.0,metar,,,,,8,metno_forecast,3,metno_forecast
2026,4,4,18,20.6,metar,51,metar,0.0,metno_forecast,83,metno_forecast,10.1,metno_forecast,,,,,6,metar,3,metno_forecast
2026,4,4,19,16.1,metar,56,metar,0.0,metno_forecast,130,metar,10.0,metar,20.0,metar,,,8,metar,3,metno_forecast
2026,4,4,20,14.4,metar,57,metar,0.0,metno_forecast,90,metar,8.0,metar,16.0,metar,,,8,metar,3,metno_forecast
2026,4,4,21,11.7,metar,66,metar,0.0,metar,128,metno_forecast,6.0,metar,19.0,metar,,,6,metar,3,metno_forecast
2026,4,4,22,10.6,metar,63,metar,0.0,metno_forecast,130,metar,6.0,metar,19.0,metar,,,8,metar,3,metno_forecast
2026,4,4,23,9.4,metar,66,metar,0.0,metno_forecast,90,metar,15.0,metar,23.0,metar,,,8,metar,3,metno_forecast
2026,4,5,0,9.4,metar,63,metar,0.0,metno_forecast,100,metar,9.0,metar,19.0,metar,,,8,metar,3,metno_forecast
2026,4,5,1,8.3,metar,68,metar,0.0,metno_forecast,110,metar,13.0,metar,22.0,metar,,,8,metar,3,metno_forecast
2026,4,5,2,6.7,metar,85,metar,0.0,metno_forecast,94,metno_forecast,15.5,metno_forecast,,,,,8,metar,3,metno_forecast
2026,4,5,3,6.7,metar,89,metar,0.0,metar,100,metar,8.0,metar,14.0,metar,,,6,metar,5,metar
2026,4,5,4,5.6,metar,96,metar,0.0,metno_forecast,100,metar,7.0,metar,15.0,metar,,,8,metar,5,metar
2026,4,5,5,5.6,metar,96,metar,0.0,metno_forecast,60,metar,7.0,metar,,,,,8,metar,5,metar
2026,4,5,6,5.6,metar,96,metar,0.0,metno_forecast,70,metar,7.0,metar,,,,,8,metar,5,metar
2026,4,5,7,5.6,metar,96,metar,0.0,metno_forecast,80,metar,5.0,metar,,,,,8,metar,5,metar
2026,4,5,8,6.1,metar,97,metar,0.0,metno_forecast,90,metar,6.0,metar,,,,,8,metar,5,metar
2026,4,5,9,6.1,metar,97,metar,0.0,metno_forecast,60,metar,4.0,metar,,,,,8,metar,5,metar
2026,4,5,10,6.7,metar,96,metar,0.0,metno_forecast,60,metar,4.0,metar,,,,,8,metar,5,metar
2026,4,5,11,6.7,metar,100,metar,0.0,metno_forecast,50,metar,4.0,metar,,,,,7,metno_forecast,5,metar
2026,4,5,12,6.7,metar,100,metar,0.0,metno_forecast,60,metar,5.0,metar,,,,,8,metar,5,metar
2026,4,5,13,7.8,metar,96,metar,0.0,metno_forecast,0,metar,0.0,metar,,,,,8,metar,5,metar
2026,4,5,14,10.6,metar,92,metar,0.0,metno_forecast,0,metar,0.0,metar,,,,,8,metar,3,metno_forecast
2026,4,5,15,10.0,metar,89,metar,0.2,metno_forecast,232,metno_forecast,5.0,metar,16.0,metar,,,6,metar,5,metar
2026,4,5,16,10.0,metar,93,metar,0.0,metar,0,metar,0.0,metar,,,,,6,metar,8,metar
2026,4,5,17,12.2,metar,97,metar,0.0,metar,0,metar,0.0,metar,,,,,6,metar,9,metno_forecast
2026,4,5,18,13.3,metar,93,metar,0.0,metar,230,metar,8.0,metar,17.0,metar,,,6,metar,7,metno_forecast
2026,4,5,19,12.8,metar,83,metar,0.0,metar,246,metno_forecast,6.0,metar,15.0,metar,,,8,metar,8,metno_forecast
2026,4,5,20,12.8,metar,89,metar,0.0,metar,250,metar,6.0,metar,15.0,metar,,,6,metar,9,metno_forecast
2026,4,5,21,13.3,metar,87,metar,0.2,metno_forecast,245,metno_forecast,13.3,metno_forecast,,,,,8,metno_forecast,7,metno_forecast
2026,4,5,22,13.3,metar,77,metar,0.0,metno_forecast,261,metno_forecast,5.0,metar,,,,,6,metar,3,metno_forecast
2026,4,5,23,11.1,metar,69,metar,0.0,metno_forecast,260,metno_forecast,11.9,metno_forecast,,,,,6,metar,3,metno_forecast
2026,4,6,0,10.0,metar,68,metar,0.0,metno_forecast,300,metar,8.0,metar,19.0,metar,,,8,metar,3,metno_forecast
2026,4,6,1,10.0,metar,66,metar,0.0,metno_forecast,290,metar,6.0,metar,,,,,8,metar,3,metno_forecast
2026,4,6,2,10.0,metar,68,metar,0.0,metno_forecast,288,metno_forecast,10.4,metno_forecast,,,,,8,metar,3,metno_forecast
2026,4,6,3,8.9,metar,66,metar,0.0,metar,300,metar,8.0,metar,,,,,6,metar,3,metno_forecast
2026,4,6,4,8.3,metar,56,metar,0.0,metno_forecast,318,metno_forecast,14.8,metno_forecast,,,,,8,metar,3,metno_forecast
2026,4,6,5,8.9,metar,50,metar,0.0,metno_forecast,250,metar,8.0,metar,,,,,8,metar,3,metno_forecast
2026,4,6,6,8.3,metar,49,metar,0.0,metno_forecast,280,metar,7.0,metar,,,,,8,metar,3,metno_forecast
2026,4,6,7,7.2,metar,49,metar,0.0,metno_forecast,280,metar,8.0,metar,25.0,metar,,,4,metar,3,metno_forecast
2026,4,6,8,6.1,metar,47,metar,0.0,metno_forecast,280,metar,7.0,metar,,,,,6,metar,1,metno_forecast
2026,4,6,9,5.6,metar,46,metar,0.0,metno_forecast,310,metar,10.0,metar,17.0,metar,,,8,metar,1,metno_forecast
2026,4,6,10,5.0,metar,48,metar,0.0,metno_forecast,310,metar,11.0,metar,22.0,metar,,,2,metar,1,metno_forecast
2026,4,6,11,5.0,metar,48,metar,0.0,metno_forecast,290,metar,9.0,metar,18.0,metar,,,1,metno_forecast,1,metno_forecast
2026,4,6,12,5.6,metar,44,metar,0.0,metno_forecast,300,metar,9.0,metar,21.0,metar,,,0,metno_forecast,2,metno_forecast
2026,4,6,13,6.7,metar,43,metar,0.0,metno_forecast,300,metar,8.0,metar,18.0,metar,,,0,metno_forecast,1,metno_forecast
2026,4,6,14,7.8,metar,40,metar,0.0,metno_forecast,305,metno_forecast,5.0,metar,16.0,metar,,,7,metno_forecast,1,metno_forecast
2026,4,6,15,9.4,metar,37,metar,0.0,metno_forecast,303,metno_forecast,18.0,metno_forecast,,,,,2,metar,3,metno_forecast
2026,4,6,16,10.0,metar,33,metar,0.0,metno_forecast,300,metar,9.0,metar,22.0,metar,,,3,metno_forecast,3,metno_forecast
2026,4,6,17,11.1,metar,31,metar,0.0,metno_forecast,290,metar,9.0,metar,17.0,metar,,,5,metno_forecast,3,metno_forecast
2026,4,6,18,11.7,metar,29,metar,0.0,metno_forecast,292,metno_forecast,20.2,metno_forecast,,,,,4,metno_forecast,3,metno_forecast
2026,4,6,19,12.8,metar,26,metar,0.0,metno_forecast,310,metar,11.0,metar,19.0,metar,,,2,metar,3,metno_forecast
2026,4,6,20,12.2,metar,26,metar,0.0,metno_forecast,288,metno_forecast,5.0,metar,,,,,6,metar,3,metno_forecast
2026,4,6,21,12.2,metar,28,metar,0.0,metno_forecast,300,metar,4.0,metar,,,,,8,metar,3,metno_forecast
2026,4,6,22,11.7,metar,29,metar,0.0,metno_forecast,273,metno_forecast,6.0,metar,,,,,6,metar,3,metno_forecast
2026,4,6,23,10.6,metar,33,metar,0.0,metno_forecast,273,metno_forecast,4.0,metar,,,,,4,metar,1,metno_forecast
2026,4,7,0,10.0,metar,36,metar,0.0,metno_forecast,310,metar,4.0,metar,,,,,2,metar,1,metno_forecast
2026,4,7,1,8.9,metar,42,metar,0.0,metno_forecast,50,metar,3.0,metar,,,,,7,metno_forecast,1,metno_forecast
2026,4,7,2,8.9,metar,46,metar,0.0,metno_forecast,70,metar,4.0,metar,,,,,8,metar,3,metno_forecast
2026,4,7,3,9.4,metar,46,metar,0.0,metno_forecast,319,metno_forecast,3.0,metar,,,,,8,metar,2,metno_forecast
2026,4,7,4,8.9,metar,47,metar,0.0,metno_forecast,32,metno_forecast,6.1,metno_forecast,,,,,6,metar,3,metno_forecast
2026,4,7,5,8.9,metar,51,metar,0.0,metar,92,metno_forecast,6.5,metno_forecast,,,,,8,metar,3,metno_forecast
2026,4,7,6,8.3,metar,56,metar,0.0,metar,0,metar,0.0,metar,,,,,8,metar,3,metno_forecast
2026,4,7,7,8.9,metar,58,metar,0.1,metno_forecast,0,metar,0.0,metar,,,,,8,metar,17,metno_forecast
2026,4,7,8,8.9,metar,56,metar,0.3,metno_forecast,136,metno_forecast,3.0,metar,,,,,6,metar,17,metno_forecast
2026,4,7,9,10.0,metar,46,metar,0.1,metno_forecast,240,metar,10.0,metar,17.0,metar,,,8,metar,17,metno_forecast
2026,4,7,10,8.9,metar,51,metar,0.0,metno_forecast,0,metar,0.0,metar,,,,,8,metar,2,metno_forecast
2026,4,7,11,8.9,metar,51,metar,0.0,metno_forecast,280,metar,8.0,metar,19.0,metar,,,8,metar,1,metno_forecast
2026,4,7,12,8.9,metar,51,metar,0.0,metno_forecast,270,metar,6.0,metar,17.0,metar,,,0,metno_forecast,1,metno_forecast
2026,4,7,13,10.6,metar,44,metar,0.0,metno_forecast,275,metno_forecast,6.0,metar,16.0,metar,,,1,metno_forecast,1,metno_forecast
2026,4,7,14,10.6,metar,38,metar,0.0,metno_forecast,280,metar,8.0,metar,22.0,metar,,,6,metar,1,metno_forecast
2026,4,7,15,10.0,metar,39,metar,0.0,metno_forecast,280,metno_forecast,5.0,metar,18.0,metar,,,6,metar,1,metno_forecast
2026,4,7,16,11.1,metar,29,metar,0.0,metno_forecast,292,metno_forecast,6.0,metar,17.0,metar,,,6,metar,2,metno_forecast
2026,4,7,17,12.2,metar,25,metar,0.0,metno_forecast,280,metar,10.0,metar,17.0,metar,,,4,metar,3,metno_forecast
2026,4,7,18,11.7,metar,24,metar,0.0,metno_forecast,300,metar,16.0,metar,28.0,metar,,,4,metar,3,metno_forecast
2026,4,7,19,9.4,metar,20,metar,0.0,metno_forecast,310,metar,11.0,metar,22.0,metar,,,0,metno_forecast,1,metno_forecast
2026,4,7,20,8.3,metar,22,metar,0.0,metno_forecast,310,metar,15.0,metar,26.0,metar,,,2,metno_forecast,1,metno_forecast
2026,4,7,21,7.8,metar,23,metar,0.0,metno_forecast,310,metar,9.0,metar,23.0,metar,,,3,metno_forecast,2,metno_forecast
2026,4,7,22,6.1,metar,24,metar,0.0,metno_forecast,310,metar,9.0,metar,22.0,metar,,,2,metno_forecast,3,metno_forecast
2026,4,7,23,5.0,metar,28,metar,0.0,metno_forecast,300,metar,10.0,metar,22.0,metar,,,0,metno_forecast,2,metno_forecast
2026,4,8,0,3.3,metar,35,metar,0.0,metno_forecast,310,metar,9.0,metar,21.0,metar,,,0,metno_forecast,1,metno_forecast
2026,4,8,1,2.2,metar,38,metar,0.0,metno_forecast,325,metno_forecast,17.3,metno_forecast,,,,,0,metno_forecast,1,metno_forecast
2026,4,8,2,1.7,metar,42,metar,0.0,metno_forecast,327,metno_forecast,16.2,metno_forecast,,,,,0,metno_forecast,1,metno_forecast
2026,4,8,3,1.1,metar,43,metar,0.0,metno_forecast,334,metno_forecast,15.5,metno_forecast,,,,,0,metno_forecast,1,metno_forecast
2026,4,8,4,0.6,metar,43,metar,0.0,metno_forecast,339,metno_forecast,13.7,metno_forecast,,,,,0,metno_forecast,1,metno_forecast
2026,4,8,5,0.0,metar,43,metar,0.0,metno_forecast,340,metno_forecast,6.0,metar,,,,,0,metno_forecast,1,metno_forecast
2026,4,8,6,-0.6,metar,47,metar,0.0,metno_forecast,320,metar,5.0,metar,,,,,0,metno_forecast,1,metno_forecast
2026,4,8,7,-0.6,metar,47,metar,0.0,metno_forecast,344,metno_forecast,6.0,metar,,,,,0,metno_forecast,1,metno_forecast
2026,4,8,8,-1.1,metar,51,metar,0.0,metno_forecast,349,metno_forecast,4.0,metar,,,,,0,metno_forecast,1,metno_forecast
2026,4,8,9,-0.6,metar,51,metar,0.0,metno_forecast,354,metno_forecast,9.7,metno_forecast,,,,,0,metno_forecast,1,metno_forecast
2026,4,8,10,-0.6,metar,51,metar,0.0,metno_forecast,20,metar,10.0,metar,16.0,metar,,,0,metno_forecast,1,metno_forecast
2026,4,8,11,0.0,metar,47,metar,0.0,metno_forecast,40,metar,17.0,metar,25.0,metar,,,0,metno_forecast,1,metno_forecast
2026,4,8,12,1.1,metar,43,metar,0.0,metno_forecast,40,metar,12.0,metar,18.0,metar,,,0,metno_forecast,1,metno_forecast
2026,4,8,13,3.3,metar,37,metar,0.0,metno_forecast,60,metar,6.0,metar,,,,,0,metno_forecast,1,metno_forecast
2026,4,8,14,3.3,metar,39,metar,0.0,metno_forecast,90,metar,6.0,metar,,,,,0,metno_forecast,1,metno_forecast
2026,4,8,15,5.6,metar,33,metar,0.0,metno_forecast,0,metar,0.0,metar,,,,,0,metno_forecast,1,metno_forecast
2026,4,8,16,7.2,metar,24,metar,0.0,metno_forecast,71,metno_forecast,3.0,metar,,,,,0,metno_forecast,1,metno_forecast
2026,4,8,17,7.8,metar,18,metar,0.0,metno_forecast,85,metno_forecast,6.5,metno_forecast,,,,,0,metno_forecast,1,metno_forecast
2026,4,8,18,10.0,metar,18,metar,0.0,metno_forecast,50,metar,6.0,metar,,,,,0,metno_forecast,1,metno_forecast
2026,4,8,19,10.0,metar,20,metar,0.0,metno_forecast,118,metno_forecast,4.0,metar,,,,,0,metno_forecast,1,metno_forecast
2026,4,8,20,7.2,metar,34,metar,0.0,metno_forecast,140,metar,7.0,metar,,,,,0,metno_forecast,1,metno_forecast
2026,4,8,21,6.1,metar,43,metar,0.0,metno_forecast,170,metar,8.0,metar,15.0,metar,,,0,metno_forecast,1,metno_forecast
2026,4,8,22,5.0,metar,48,metar,0.0,metno_forecast,170,metno_forecast,6.0,metar,,,,,0,metno_forecast,1,metno_forecast
2026,4,8,23,4.4,metar,53,metar,0.0,metno_forecast,160,metar,3.0,metar,,,,,0,metno_forecast,1,metno_forecast
2026,4,9,0,3.9,metar,59,metar,0.0,metno_forecast,163,metno_forecast,9.7,metno_forecast,,,,,0,metno_forecast,1,metno_forecast
2026,4,9,1,3.9,metar,62,metar,0.0,metno_forecast,0,metar,0.0,metar,,,,,0,metno_forecast,1,metno_forecast
2026,4,9,2,3.9,metar,62,metar,0.0,metno_forecast,0,metar,0.0,metar,,,,,0,metno_forecast,1,metno_forecast
2026,4,9,3,3.3,metar,64,metar,0.0,metno_forecast,140,metar,3.0,metar,,,,,0,metno_forecast,1,metno_forecast
2026,4,9,4,3.9,metar,67,metar,0.0,metno_forecast,0,metar,0.0,metar,,,,,0,metno_forecast,1,metno_forecast
2026,4,9,5,3.3,metar,67,metar,0.0,metno_forecast,0,metar,0.0,metar,,,,,0,metno_forecast,1,metno_forecast
2026,4,9,6,3.3,metar,73,metar,0.0,metno_forecast,290,metar,3.0,metar,,,,,0,metno_forecast,1,metno_forecast
2026,4,9,7,2.2,metar,79,metar,0.0,metno_forecast,0,metar,0.0,metar,,,,,0,metno_forecast,1,metno_forecast
2026,4,9,8,2.2,metar,75,metar,0.0,metno_forecast,300,metar,3.0,metar,,,,,0,metno_forecast,1,metno_forecast
2026,4,9,9,1.7,metar,78,metar,0.0,metno_forecast,0,metar,0.0,metar,,,,,0,metno_forecast,1,metno_forecast
2026,4,9,10,2.2,metar,75,metar,0.0,metno_forecast,0,metar,0.0,metar,,,,,0,metno_forecast,1,metno_forecast
2026,4,9,11,3.9,metar,72,metar,0.0,metno_forecast,130,metar,6.0,metar,,,,,0,metno_forecast,1,metno_forecast
2026,4,9,12,5.6,metar,64,metar,0.0,metno_forecast,140,metar,4.0,metar,,,,,2,metar,1,metno_forecast
2026,4,9,13,6.7,metar,60,metar,0.0,metno_forecast,148,metno_forecast,3.0,metar,,,,,5,metno_forecast,2,metno_forecast
2026,4,9,14,7.8,metar,53,metar,0.0,metno_forecast,161,metno_forecast,5.0,metar,,,,,5,metno_forecast,3,metno_forecast
2026,4,9,15,8.9,metar,50,metar,0.0,metno_forecast,163,metno_forecast,5.0,metar,,,,,1,metno_forecast,3,metno_forecast
2026,4,9,16,9.4,metar,52,metar,0.0,metno_forecast,169,metno_forecast,10.8,metno_forecast,,,,,0,metno_forecast,2,metno_forecast
2026,4,9,17,9.4,metar,52,metar,0.0,metno_forecast,167,metno_forecast,3.0,metar,,,,,1,metno_forecast,1,metno_forecast
2026,4,9,18,10.0,metar,50,metar,0.0,metno_forecast,180,metar,7.0,metar,16.0,metar,,,0,metno_forecast,1,metno_forecast
2026,4,9,19,9.4,metar,54,metar,0.0,metno_forecast,160,metar,9.0,metar,15.0,metar,,,1,metno_forecast,1,metno_forecast
2026,4,9,20,8.3,metar,58,metar,0.0,metno_forecast,160,metar,9.0,metar,16.0,metar,,,3,metno_forecast,1,metno_forecast
2026,4,9,21,8.3,metar,60,metar,0.0,metno_forecast,157,metno_forecast,5.0,metar,,,,,6,metno_forecast,3,metno_forecast
2026,4,9,22,7.2,metar,68,metar,0.0,metno_forecast,157,metno_forecast,4.0,metar,,,,,6,metno_forecast,3,metno_forecast
2026,4,9,23,6.1,metar,73,metar,0.0,metno_forecast,155,metno_forecast,12.6,metno_forecast,,,,,6,metno_forecast,3,metno_forecast
2026,4,10,0,5.6,metar,79,metar,0.0,metno_forecast,157,metno_forecast,3.0,metar,,,,,2,metar,3,metno_forecast
2026,4,10,1,5.6,metar,79,metar,0.0,metno_forecast,130,metar,4.0,metar,,,,,6,metar,3,metno_forecast
2026,4,10,2,5.6,metar,82,metar,0.0,metno_forecast,0,metar,0.0,metar,,,,,4,metar,1,metno_forecast
2026,4,10,3,5.6,metar,82,metar,0.0,metno_forecast,181,metno_forecast,4.0,metar,,,,,0,metno_forecast,1,metno_forecast
2026,4,10,4,5.6,metar,82,metar,0.0,metno_forecast,0,metar,0.0,metar,,,,,0,metno_forecast,1,metno_forecast
2026,4,10,5,5.0,metar,86,metar,0.0,metno_forecast,0,metar,0.0,metar,,,,,0,metno_forecast,1,metno_forecast
2026,4,10,6,5.0,metar,86,metar,0.0,metno_forecast,0,metar,0.0,metar,,,,,2,metar,1,metno_forecast
2026,4,10,7,5.0,metar,86,metar,0.0,metno_forecast,280,metar,5.0,metar,,,,,0,metno_forecast,1,metno_forecast
2026,4,10,8,4.4,metar,89,metar,0.0,metno_forecast,0,metar,0.0,metar,,,,,0,metno_forecast,1,metno_forecast
2026,4,10,9,4.4,metar,89,metar,0.0,metno_forecast,300,metar,3.0,metar,,,,,0,metno_forecast,1,metno_forecast
2026,4,10,10,5.0,metar,86,metar,0.0,metno_forecast,0,metar,0.0,metar,,,,,0,metno_forecast,5,metar
2026,4,10,11,5.6,metar,82,metar,0.0,metno_forecast,0,metar,0.0,metar,,,,,0,metno_forecast,5,metar
2026,4,10,12,6.7,metar,76,metar,0.0,metno_forecast,225,metno_forecast,5.0,metar,,,,,0,metno_forecast,5,metar
2026,4,10,13,8.9,metar,68,metar,0.0,metno_forecast,0,metar,0.0,metar,,,,,2,metno_forecast,5,metar
2026,4,10,14,10.6,metar,61,metar,0.0,metno_forecast,206,metno_forecast,3.0,metar,,,,,6,metno_forecast,2,metno_forecast
2026,4,10,15,12.8,metar,52,metar,0.0,metno_forecast,200,metar,8.0,metar,,,,,4,metno_forecast,3,metno_forecast
2026,4,10,16,14.4,metar,47,metar,0.0,metno_forecast,196,metno_forecast,4.0,metar,,,,,0,metno_forecast,3,metno_forecast
2026,4,10,17,16.7,metar,43,metar,0.0,metno_forecast,188,metno_forecast,5.0,metar,,,,,6,metno_forecast,1,metno_forecast
2026,4,10,18,17.2,metar,43,metar,0.0,metno_forecast,130,metar,9.0,metar,,,,,4,metno_forecast,3,metno_forecast
2026,4,10,19,14.4,metar,51,metar,0.0,metno_forecast,150,metar,7.0,metar,16.0,metar,,,1,metno_forecast,3,metno_forecast
2026,4,10,20,13.3,metar,53,metar,0.0,metno_forecast,160,metno_forecast,15.5,metno_forecast,,,,,5,metno_forecast,1,metno_forecast
2026,4,10,21,11.1,metar,66,metar,0.0,metno_forecast,130,metar,8.0,metar,,,,,4,metno_forecast,3,metno_forecast
2026,4,10,22,10.6,metar,68,metar,0.0,metno_forecast,159,metno_forecast,12.6,metno_forecast,,,,,8,metno_forecast,3,metno_forecast
2026,4,10,23,10.0,metar,74,metar,0.0,metno_forecast,153,metno_forecast,6.0,metar,,,,,5,metno_forecast,3,metno_forecast
2026,4,11,0,10.6,metar,74,metar,0.0,metno_forecast,0,metar,0.0,metar,,,,,8,metno_forecast,3,metno_forecast
2026,4,11,1,11.1,metar,71,metar,0.0,metno_forecast,0,metar,0.0,metar,,,,,8,metno_forecast,3,metno_forecast
2026,4,11,2,13.3,metar,62,metar,0.0,metno_forecast,195,metno_forecast,3.0,metar,,,,,6,metar,3,metno_forecast
2026,4,11,3,12.8,metar,66,metar,0.0,metno_forecast,0,metar,0.0,metar,,,,,8,metar,3,metno_forecast
2026,4,11,4,13.3,metar,62,metar,0.0,metno_forecast,220,metno_forecast,3.0,metar,,,,,4,metar,3,metno_forecast
2026,4,11,5,15.0,metar,55,metar,0.0,metno_forecast,230,metno_forecast,3.0,metar,,,,,4,metar,3,metno_forecast
2026,4,11,6,14.4,metar,60,metar,0.0,metno_forecast,241,metno_forecast,14.8,metno_forecast,,,,,8,metar,3,metno_forecast
2026,4,11,7,14.4,metar,60,metar,0.0,metno_forecast,240,metar,4.0,metar,,,,,8,metno_forecast,3,metno_forecast
2026,4,11,8,13.9,metar,62,metar,0.0,metno_forecast,288,metno_forecast,3.0,metar,,,,,6,metar,3,metno_forecast
2026,4,11,9,13.3,metar,67,metar,0.0,metno_forecast,300,metar,8.0,metar,21.0,metar,,,0,metno_forecast,2,metno_forecast
2026,4,11,10,11.7,metar,69,metar,0.0,metno_forecast,310,metar,8.0,metar,,,,,0,metno_forecast,1,metno_forecast
2026,4,11,11,10.6,metar,59,metar,0.0,metno_forecast,335,metno_forecast,5.0,metar,18.0,metar,,,0,metno_forecast,1,metno_forecast
2026,4,11,12,11.1,metar,52,metar,0.0,metno_forecast,350,metar,7.0,metar,15.0,metar,,,0,metno_forecast,1,metno_forecast
2026,4,11,13,12.2,metar,43,metar,0.0,metno_forecast,340,metno_forecast,16.9,metno_forecast,,,,,0,metno_forecast,1,metno_forecast
2026,4,11,14,12.8,metar,38,metar,0.0,metno_forecast,337,metno_forecast,5.0,metar,,,,,1,metno_forecast,1,metno_forecast
2026,4,11,15,13.9,metar,36,metar,0.0,metno_forecast,337,metno_forecast,5.0,metar,,,,,0,metno_forecast,1,metno_forecast
2026,4,11,16,15.6,metar,33,metar,0.0,metno_forecast,330,metno_forecast,15.8,metno_forecast,,,,,0,metno_forecast,1,metno_forecast
2026,4,11,17,16.7,metar,30,metar,0.0,metno_forecast,328,metno_forecast,15.5,metno_forecast,,,,,0,metno_forecast,1,metno_forecast
2026,4,11,18,16.7,metar,26,metar,0.0,metno_forecast,323,metno_forecast,15.8,metno_forecast,,,,,0,metno_forecast,1,metno_forecast
2026,4,11,19,16.7,metar,24,metar,0.0,metno_forecast,321,metno_forecast,16.2,metno_forecast,,,,,0,metno_forecast,1,metno_forecast
2026,4,11,20,16.7,metar,24,metar,0.0,metno_forecast,319,metno_forecast,5.0,metar,,,,,0,metno_forecast,1,metno_forecast
2026,4,11,21,16.1,metar,24,metar,0.0,metno_forecast,320,metno_forecast,16.6,metno_forecast,,,,,0,metno_forecast,1,metno_forecast
2026,4,11,22,15.6,metar,25,metar,0.0,metno_forecast,310,metar,9.0,metar,19.0,metar,,,0,metno_forecast,1,metno_forecast
2026,4,11,23,14.4,metar,26,metar,0.0,metno_forecast,300,metar,8.0,metar,16.0,metar,,,0,metno_forecast,1,metno_forecast
2026,4,12,0,13.3,metar,30,metar,0.0,metno_forecast,0,metar,0.0,metar,,,,,0,metno_forecast,1,metno_forecast
2026,4,12,1,12.8,metar,31,metar,0.0,metno_forecast,330,metar,4.0,metar,,,,,0,metno_forecast,1,metno_forecast
2026,4,12,2,11.7,metar,33,metar,0.0,metno_forecast,40,metar,7.0,metar,,,,,0,metno_forecast,1,metno_forecast
2026,4,12,3,11.1,metar,35,metar,0.0,metno_forecast,344,metno_forecast,5.0,metar,,,,,0,metno_forecast,1,metno_forecast
2026,4,12,4,9.4,metar,42,metar,0.0,metno_forecast,40,metar,10.0,metar,,,,,0,metno_forecast,1,metno_forecast
2026,4,12,5,8.3,metar,44,metar,0.0,metno_forecast,30,metar,5.0,metar,,,,,0,metno_forecast,1,metno_forecast
2026,4,12,6,7.2,metar,47,metar,0.0,metno_forecast,30,metar,4.0,metar,,,,,0,metno_forecast,1,metno_forecast
2026,4,12,7,7.2,metar,45,metar,0.0,metno_forecast,50,metar,8.0,metar,,,,,0,metno_forecast,1,metno_forecast
2026,4,12,8,6.7,metar,49,metar,0.0,metno_forecast,2,metno_forecast,5.0,metar,,,,,1,metno_forecast,1,metno_forecast
2026,4,12,9,6.7,metar,47,metar,0.0,metno_forecast,8,metno_forecast,4.0,metar,,,,,7,metno_forecast,2,metno_forecast
2026,4,12,10,6.7,metar,47,metar,0.0,metno_forecast,60,metar,7.0,metar,,,,,4,metno_forecast,3,metno_forecast
2026,4,12,11,7.2,metar,45,metar,0.0,metno_forecast,50,metar,7.0,metar,,,,,8,metno_forecast,3,metno_forecast
2026,4,12,12,8.3,metar,40,metar,0.0,metno_forecast,60,metar,7.0,metar,,,,,2,metno_forecast,3,metno_forecast
2026,4,12,13,10.0,metar,41,metar,0.0,metno_forecast,60,metar,6.0,metar,,,,,8,metno_forecast,2,metno_forecast
2026,4,12,14,11.7,metar,38,metar,0.0,metno_forecast,101,metno_forecast,4.0,metar,,,,,0,metno_forecast,3,metno_forecast
2026,4,12,15,11.7,metar,39,metar,0.0,metno_forecast,142,metno_forecast,5.0,metar,,,,,0,metno_forecast,1,metno_forecast
2026,4,12,16,12.2,metar,35,metar,0.0,metno_forecast,158,metno_forecast,14.0,metno_forecast,,,,,0,metno_forecast,1,metno_forecast
2026,4,12,17,12.2,metar,37,metar,0.0,metno_forecast,160,metno_forecast,4.0,metar,16.0,metar,,,2,metno_forecast,1,metno_forecast
2026,4,12,18,11.7,metar,35,metar,0.0,metno_forecast,180,metar,8.0,metar,17.0,metar,,,8,metno_forecast,2,metno_forecast
2026,4,12,19,11.1,metar,35,metar,0.0,metno_forecast,150,metar,7.0,metar,,,,,8,metno_forecast,3,metno_forecast
2026,4,12,20,11.1,metar,43,metar,0.0,metno_forecast,0,metar,0.0,metar,,,,,4,metno_forecast,3,metno_forecast
2026,4,12,21,9.4,metar,56,metar,0.0,metno_forecast,160,metar,8.0,metar,19.0,metar,,,6,metno_forecast,3,metno_forecast
2026,4,12,22,8.9,metar,63,metar,0.0,metno_forecast,150,metar,7.0,metar,18.0,metar,,,8,metno_forecast,3,metno_forecast
2026,4,12,23,8.3,metar,71,metar,0.0,metno_forecast,158,metno_forecast,3.0,metar,,,,,8,metno_forecast,3,metno_forecast
2026,4,13,0,8.3,metar,74,metar,0.0,metno_forecast,157,metno_forecast,4.0,metar,,,,,8,metno_forecast,3,metno_forecast
2026,4,13,1,8.9,metar,71,metar,0.0,metno_forecast,153,metno_forecast,3.0,metar,,,,,8,metno_forecast,3,metno_forecast
2026,4,13,2,9.4,metar,71,metar,0.0,metno_forecast,165,metno_forecast,4.0,metar,,,,,8,metno_forecast,3,metno_forecast
2026,4,13,3,9.4,metar,69,metar,0.0,metno_forecast,159,metno_forecast,3.0,metar,,,,,8,metno_forecast,3,metno_forecast
2026,4,13,4,10.0,metar,61,metar,0.0,metno_forecast,167,metno_forecast,3.0,metar,,,,,8,metno_forecast,3,metno_forecast
2026,4,13,5,10.0,metar,66,metar,0.0,metno_forecast,174,metno_forecast,5.0,metar,,,,,8,metno_forecast,3,metno_forecast
2026,4,13,6,10.0,metar,68,metar,0.0,metno_forecast,178,metno_forecast,13.0,metno_forecast,,,,,7,metno_forecast,3,metno_forecast
2026,4,13,7,10.6,metar,71,metar,0.0,metno_forecast,0,metar,0.0,metar,,,,,2,metar,3,metno_forecast
2026,4,13,8,10.0,metar,77,metar,0.0,metno_forecast,0,metar,0.0,metar,,,,,2,metar,3,metno_forecast
2026,4,13,9,10.0,metar,80,metar,0.0,metno_forecast,0,metar,0.0,metar,,,,,6,metar,3,metno_forecast
2026,4,13,10,10.6,metar,83,metar,0.0,metno_forecast,20,metar,3.0,metar,,,,,8,metar,3,metno_forecast
2026,4,13,11,11.7,metar,83,metar,0.0,metno_forecast,0,metar,0.0,metar,,,,,8,metar,3,metno_forecast
2026,4,13,12,13.9,metar,77,metar,0.0,metno_forecast,215,metno_forecast,5.0,metar,,,,,8,metar,3,metno_forecast
2026,4,13,13,15.0,metar,78,metar,0.0,metno_forecast,240,metar,4.0,metar,,,,,8,metar,3,metno_forecast
2026,4,13,14,15.6,metar,75,metar,0.0,metno_forecast,0,metar,3.0,metar,,,,,6,metar,3,metno_forecast
2026,4,13,15,20.0,metar,63,metar,0.0,metno_forecast,213,metno_forecast,3.0,metar,,,,,7,metno_forecast,3,metno_forecast
2026,4,13,16,22.2,metar,57,metar,0.0,metno_forecast,221,metno_forecast,18.0,metno_forecast,,,,,6,metno_forecast,3,metno_forecast
2026,4,13,17,23.3,metar,53,metar,0.0,metno_forecast,216,metno_forecast,6.0,metar,17.0,metar,,,4,metar,3,metno_forecast
2026,4,13,18,23.9,metar,54,metar,0.0,metar,235,metno_forecast,3.0,metar,,,,,2,metar,3,metno_forecast
2026,4,13,19,25.0,metar,47,metar,0.0,metar,248,metno_forecast,24.8,metno_forecast,,,,,8,metno_forecast,8,metno_forecast
2026,4,13,20,25.6,metar,45,metar,0.0,metno_forecast,235,metno_forecast,5.0,metar,20.0,metar,,,8,metno_forecast,3,metno_forecast
2026,4,13,21,26.1,metar,44,metar,0.0,metno_forecast,247,metno_forecast,5.0,metar,18.0,metar,,,8,metno_forecast,3,metno_forecast
2026,4,13,22,25.6,metar,42,metar,0.0,metno_forecast,240,metar,8.0,metar,23.0,metar,,,6,metno_forecast,3,metno_forecast
2026,4,13,23,24.4,metar,47,metar,0.0,metno_forecast,230,metar,3.0,metar,,,,,2,metno_forecast,3,metno_forecast
2026,4,14,0,23.3,metar,48,metar,0.0,metno_forecast,238,metno_forecast,4.0,metar,,,,,0,metno_forecast,2,metno_forecast
2026,4,14,1,22.8,metar,48,metar,0.0,metno_forecast,244,metno_forecast,16.6,metno_forecast,,,,,1,metno_forecast,1,metno_forecast
2026,4,14,2,23.3,metar,46,metar,0.0,metno_forecast,0,metar,0.0,metar,,,,,6,metar,1,metno_forecast
2026,4,14,3,22.2,metar,49,metar,0.0,metno_forecast,240,metar,8.0,metar,,,,,2,metar,1,metno_forecast
2026,4,14,4,21.7,metar,55,metar,0.0,metno_forecast,220,metar,5.0,metar,,,,,0,metno_forecast,1,metno_forecast
2026,4,14,5,21.1,metar,57,metar,0.0,metno_forecast,240,metar,5.0,metar,,,,,0,metno_forecast,1,metno_forecast
2026,4,14,6,20.6,metar,61,metar,0.0,metno_forecast,280,metno_forecast,3.0,metar,,,,,1,metno_forecast,1,metno_forecast
2026,4,14,7,19.4,metar,68,metar,0.0,metno_forecast,250,metar,4.0,metar,,,,,0,metno_forecast,1,metno_forecast
2026,4,14,8,19.4,metar,68,metar,0.0,metno_forecast,0,metar,0.0,metar,,,,,2,metno_forecast,1,metno_forecast
2026,4,14,9,18.3,metar,73,metar,0.0,metno_forecast,0,metar,0.0,metar,,,,,6,metno_forecast,2,metno_forecast
2026,4,14,10,18.9,metar,70,metar,0.0,metno_forecast,0,metar,0.0,metar,,,,,8,metno_forecast,3,metno_forecast
2026,4,14,11,20.0,metar,68,metar,0.0,metno_forecast,0,metar,0.0,metar,,,,,5,metno_forecast,3,metno_forecast
2026,4,14,12,21.7,metar,61,metar,0.0,metno_forecast,0,metar,0.0,metar,,,,,4,metno_forecast,3,metno_forecast
2026,4,14,13,23.9,metar,54,metar,0.0,metno_forecast,260,metar,5.0,metar,,,,,0,metno_forecast,3,metno_forecast
2026,4,14,14,25.6,metar,48,metar,0.0,metno_forecast,240,metar,8.0,metar,,,,,0,metno_forecast,1,metno_forecast
2026,4,14,15,27.2,metar,42,metar,0.0,metno_forecast,200,metno_forecast,5.0,metar,,,,,5,metno_forecast,1,metno_forecast
2026,4,14,16,28.9,metar,40,metar,0.0,metno_forecast,181,metno_forecast,4.0,metar,,,,,1,metno_forecast,3,metno_forecast
2026,4,14,17,29.4,metar,37,metar,0.0,metno_forecast,202,metno_forecast,3.0,metar,15.0,metar,,,2,metno_forecast,1,metno_forecast
2026,4,14,18,30.0,metar,36,metar,0.0,metno_forecast,221,metno_forecast,5.0,metar,22.0,metar,,,8,metno_forecast,2,metno_forecast
2026,4,14,19,27.2,metar,42,metar,0.2,metno_forecast,150,metar,7.0,metar,,,,,2,metar,7,metno_forecast
2026,4,14,20,28.9,metar,37,metar,0.0,metno_forecast,167,metno_forecast,4.0,metar,,,,,7,metno_forecast,3,metno_forecast
2026,4,14,21,29.4,metar,36,metar,0.0,metno_forecast,220,metar,11.0,metar,21.0,metar,,,6,metno_forecast,3,metno_forecast
2026,4,14,22,28.3,metar,40,metar,0.0,metno_forecast,220,metar,7.0,metar,,,,,2,metar,3,metno_forecast
2026,4,14,23,27.2,metar,42,metar,0.0,metno_forecast,240,metno_forecast,18.4,metno_forecast,,,,,6,metno_forecast,2,metno_forecast
2026,4,15,0,26.7,metar,42,metar,0.0,metno_forecast,230,metno_forecast,5.0,metar,,,,,6,metno_forecast,3,metno_forecast
2026,4,15,1,26.7,metar,42,metar,0.0,metno_forecast,225,metno_forecast,13.7,metno_forecast,,,,,5,metno_forecast,3,metno_forecast
2026,4,15,2,24.4,metar,50,metar,0.0,metar,300,metar,9.0,metar,19.0,metar,,,2,metar,3,metno_forecast
2026,4,15,3,21.7,metar,63,metar,0.0,metar,250,metno_forecast,3.0,metar,,,,,2,metar,3,metno_forecast
2026,4,15,4,22.2,metar,61,metar,0.0,metar,220,metar,4.0,metar,,,,,5,metno_forecast,3,metno_forecast
2026,4,15,5,22.2,metar,59,metar,0.0,metno_forecast,0,metar,0.0,metar,,,,,4,metar,3,metno_forecast
2026,4,15,6,21.7,metar,63,metar,0.0,metno_forecast,280,metar,6.0,metar,,,,,1,metno_forecast,2,metno_forecast
2026,4,15,7,21.1,metar,66,metar,0.0,metno_forecast,237,metno_forecast,3.0,metar,,,,,1,metno_forecast,1,metno_forecast
2026,4,15,8,20.6,metar,68,metar,0.0,metno_forecast,260,metar,3.0,metar,,,,,7,metno_forecast,1,metno_forecast
2026,4,15,9,20.6,metar,68,metar,0.0,metno_forecast,0,metar,0.0,metar,,,,,8,metno_forecast,3,metno_forecast
2026,4,15,10,20.6,metar,68,metar,0.0,metno_forecast,240,metar,3.0,metar,,,,,6,metno_forecast,3,metno_forecast
2026,4,15,11,21.1,metar,68,metar,0.0,metno_forecast,260,metar,4.0,metar,,,,,2,metno_forecast,3,metno_forecast
2026,4,15,12,22.2,metar,64,metar,0.0,metno_forecast,260,metar,3.0,metar,,,,,2,metar,2,metno_forecast
2026,4,15,13,24.4,metar,56,metar,0.0,metno_forecast,220,metar,5.0,metar,,,,,5,metno_forecast,2,metno_forecast
2026,4,15,14,26.1,metar,50,metar,0.0,metno_forecast,240,metar,9.0,metar,16.0,metar,,,2,metar,3,metno_forecast
2026,4,15,15,27.8,metar,47,metar,0.0,metno_forecast,245,metno_forecast,5.0,metar,,,,,4,metno_forecast,3,metno_forecast
2026,4,15,16,28.3,metar,46,metar,0.0,metno_forecast,220,metar,7.0,metar,,,,,7,metno_forecast,3,metno_forecast
2026,4,15,17,30.0,metar,43,metar,0.0,metno_forecast,220,metar,6.0,metar,17.0,metar,,,2,metar,3,metno_forecast
2026,4,15,18,30.6,metar,40,metar,0.0,metno_forecast,234,metno_forecast,3.0,metar,,,,,4,metno_forecast,3,metno_forecast
2026,4,15,19,31.1,metar,39,metar,0.0,metno_forecast,230,metar,8.0,metar,,,,,2,metar,3,metno_forecast
2026,4,15,20,31.1,metar,39,metar,0.0,metno_forecast,223,metno_forecast,6.0,metar,,,,,2,metar,3,metno_forecast
2026,4,15,21,30.6,metar,40,metar,0.0,metno_forecast,0,metar,0.0,metar,,,,,2,metar,3,metno_forecast
2026,4,15,22,29.4,metar,45,metar,0.0,metno_forecast,251,metno_forecast,16.9,metno_forecast,,,,,8,metno_forecast,3,metno_forecast
2026,4,15,23,28.9,metar,43,metar,0.0,metno_forecast,239,metno_forecast,6.0,metar,,,,,2,metar,3,metno_forecast
2026,4,16,0,28.3,metar,44,metar,2.7,metno_forecast,230,metar,4.0,metar,,,,,4,metar,18,metno_forecast
2026,4,16,1,27.8,metar,46,metar,7.7,metno_forecast,178,metno_forecast,5.0,metar,,,,,8,metno_forecast,9,metno_forecast
2026,4,16,2,26.7,metar,47,metar,0.5,metno_forecast,125,metno_forecast,7.2,metno_forecast,,,,,8,metno_forecast,17,metno_forecast
2026,4,16,3,26.7,metar,47,metar,0.0,metno_forecast,153,metno_forecast,3.0,metar,,,,,8,metno_forecast,3,metno_forecast
2026,4,16,4,25.6,metar,52,metar,0.0,metno_forecast,180,metno_forecast,5.0,metar,,,,,8,metno_forecast,3,metno_forecast
2026,4,16,5,25.0,metar,54,metar,0.0,metno_forecast,210,metno_forecast,3.0,metar,,,,,8,metno_forecast,3,metno_forecast
2026,4,16,6,24.4,metar,56,metar,0.0,metno_forecast,0,metar,0.0,metar,,,,,8,metno_forecast,3,metno_forecast
2026,4,16,7,23.9,metar,55,metar,0.0,metno_forecast,232,metno_forecast,3.0,metar,,,,,8,metno_forecast,3,metno_forecast
2026,4,16,8,22.2,metar,61,metar,0.0,metno_forecast,0,metar,0.0,metar,,,,,8,metno_forecast,3,metno_forecast
2026,4,16,9,22.8,metar,59,metar,0.0,metno_forecast,270,metar,3.0,metar,,,,,7,metno_forecast,3,metno_forecast
2026,4,16,10,22.8,metar,61,metar,0.0,metno_forecast,0,metar,0.0,metar,,,,,3,metno_forecast,3,metno_forecast
2026,4,16,11,24.4,metar,56,metar,0.0,metno_forecast,0,metar,0.0,metar,,,,,5,metno_forecast,3,metno_forecast
2026,4,16,12,25.0,metar,54,metar,0.0,metno_forecast,280,metno_forecast,3.0,metar,,,,,3,metno_forecast,3,metno_forecast
2026,4,16,13,26.1,metar,52,metar,0.0,metno_forecast,0,metar,0.0,metar,,,,,2,metno_forecast,3,metno_forecast
2026,4,16,14,28.3,metar,46,metar,0.0,metno_forecast,0,metar,0.0,metar,,,,,5,metno_forecast,2,metno_forecast
2026,4,16,15,29.4,metar,43,metar,0.0,metno_forecast,220,metar,7.0,metar,,,,,7,metno_forecast,3,metno_forecast
2026,4,16,16,30.6,metar,40,metar,0.0,metno_forecast,0,metar,0.0,metar,,,,,8,metno_forecast,3,metno_forecast
2026,4,16,17,31.1,metar,39,metar,0.0,metno_forecast,252,metno_forecast,3.0,metar,,,,,8,metno_forecast,3,metno_forecast
2026,4,16,18,31.1,metar,38,metar,0.0,metno_forecast,150,metar,4.0,metar,,,,,8,metno_forecast,3,metno_forecast
2026,4,16,19,30.0,metar,40,metar,0.0,metno_forecast,219,metno_forecast,16.6,metno_forecast,,,,,8,metno_forecast,3,metno_forecast
2026,4,16,20,28.3,metar,41,metar,0.0,metno_forecast,191,metno_forecast,4.0,metar,16.0,metar,,,8,metno_forecast,3,metno_forecast
2026,4,16,21,27.8,metar,40,metar,0.0,metno_forecast,177,metno_forecast,15.5,metno_forecast,,,,,8,metno_forecast,3,metno_forecast
2026,4,16,22,27.8,metar,41,metar,0.0,metno_forecast,170,metar,4.0,metar,,,,,8,metno_forecast,3,metno_forecast
2026,4,16,23,26.1,metar,45,metar,0.0,metno_forecast,0,metar,0.0,metar,,,,,8,metno_forecast,3,metno_forecast
2026,4,17,0,25.0,metar,48,metar,0.0,metno_forecast,0,metar,0.0,metar,,,,,8,metno_forecast,3,metno_forecast
2026,4,17,1,25.0,metar,48,metar,0.0,metno_forecast,0,metar,0.0,metar,,,,,8,metno_forecast,3,metno_forecast
2026,4,17,2,25.6,metar,47,metar,0.0,metno_forecast,193,metno_forecast,3.0,metar,,,,,8,metno_forecast,3,metno_forecast
2026,4,17,3,25.6,metar,47,metar,0.0,metno_forecast,226,metno_forecast,6.0,metar,,,,,7,metno_forecast,3,metno_forecast
2026,4,17,4,25.0,metar,50,metar,0.0,metno_forecast,300,metar,9.0,metar,19.0,metar,,,8,metar,3,metno_forecast
2026,4,17,5,22.2,metar,59,metar,0.0,metno_forecast,307,metno_forecast,12.6,metno_forecast,,,,,7,metno_forecast,3,metno_forecast
2026,4,17,6,21.7,metar,63,metar,0.0,metno_forecast,340,metno_forecast,3.0,metar,,,,,8,metno_forecast,3,metno_forecast
2026,4,17,7,21.7,metar,63,metar,0.0,metno_forecast,332,metno_forecast,11.2,metno_forecast,,,,,8,metno_forecast,3,metno_forecast
2026,4,17,8,20.6,metar,70,metar,0.0,metar,290,metar,4.0,metar,,,,,8,metar,8,metno_forecast
2026,4,17,9,20.0,metar,73,metar,0.0,metar,254,metno_forecast,3.0,metar,,,,,8,metar,9,metno_forecast
2026,4,17,10,20.6,metar,68,metar,0.0,metno_forecast,280,metar,3.0,metar,,,,,6,metar,3,metno_forecast
2026,4,17,11,20.6,metar,68,metar,0.0,metno_forecast,300,metar,6.0,metar,,,,,0,metno_forecast,3,metno_forecast
2026,4,17,12,21.1,metar,66,metar,0.0,metno_forecast,303,metno_forecast,6.0,metar,,,,,0,metno_forecast,1,metno_forecast
2026,4,17,13,22.8,metar,59,metar,0.0,metno_forecast,309,metno_forecast,4.0,metar,,,,,0,metno_forecast,1,metno_forecast
2026,4,17,14,24.4,metar,52,metar,0.0,metno_forecast,0,metar,0.0,metar,,,,,6,metar,1,metno_forecast
2026,4,17,15,25.6,metar,47,metar,0.0,metno_forecast,311,metno_forecast,4.0,metar,,,,,4,metar,1,metno_forecast
2026,4,17,16,26.7,metar,41,metar,0.0,metno_forecast,313,metno_forecast,4.0,metar,,,,,4,metar,1,metno_forecast
2026,4,17,17,26.1,metar,42,metar,0.0,metar,315,metno_forecast,5.0,metar,,,,,6,metar,2,metno_forecast
2026,4,17,18,20.6,metar,73,metar,0.0,metar,10,metar,10.0,metar,20.0,metar,,,2,metar,18,metno_forecast
2026,4,17,19,23.9,metar,57,metar,0.0,metar,90,metar,3.0,metar,,,,,2,metar,17,metno_forecast
2026,4,17,20,21.1,metar,73,metar,0.0,metar,16,metno_forecast,4.0,metar,,,,,2,metar,1,metno_forecast
2026,4,17,21,23.3,metar,56,metar,0.0,metno_forecast,19,metno_forecast,4.0,metar,,,,,2,metno_forecast,3,metno_forecast
2026,4,17,22,23.3,metar,56,metar,0.0,metno_forecast,15,metno_forecast,5.0,metar,,,,,1,metno_forecast,2,metno_forecast
2026,4,17,23,22.8,metar,50,metar,0.0,metno_forecast,70,metar,9.0,metar,18.0,metar,,,2,metno_forecast,2,metno_forecast
2026,4,18,0,19.4,metar,73,metar,0.0,metno_forecast,60,metar,7.0,metar,,,,,4,metar,2,metno_forecast
2026,4,18,1,17.8,metar,78,metar,0.0,metno_forecast,100,metar,8.0,metar,,,,,0,metno_forecast,1,metno_forecast
2026,4,18,2,16.7,metar,80,metar,0.0,metno_forecast,69,metno_forecast,4.0,metar,,,,,1,metno_forecast,1,metno_forecast
2026,4,18,3,15.6,metar,83,metar,0.0,metno_forecast,91,metno_forecast,10.4,metno_forecast,,,,,1,metno_forecast,1,metno_forecast
2026,4,18,4,15.0,metar,83,metar,0.0,metno_forecast,50,metar,5.0,metar,,,,,1,metno_forecast,2,metno_forecast
2026,4,18,5,14.4,metar,87,metar,0.0,metno_forecast,0,metar,0.0,metar,,,,,1,metno_forecast,1,metno_forecast
2026,4,18,6,13.9,metar,89,metar,0.0,metno_forecast,110,metar,4.0,metar,,,,,0,metno_forecast,1,metno_forecast
2026,4,18,7,12.8,metar,93,metar,0.0,metno_forecast,0,metar,0.0,metar,,,,,0,metno_forecast,1,metno_forecast
2026,4,18,8,12.2,metar,97,metar,0.0,metno_forecast,60,metar,4.0,metar,,,,,0,metno_forecast,1,metno_forecast
2026,4,18,9,12.2,metar,97,metar,0.0,metno_forecast,60,metar,5.0,metar,,,,,2,metar,1,metno_forecast
2026,4,18,10,12.8,metar,89,metar,0.0,metno_forecast,90,metar,6.0,metar,,,,,8,metno_forecast,3,metno_forecast
2026,4,18,11,13.9,metar,81,metar,0.0,metno_forecast,60,metar,5.0,metar,,,,,8,metno_forecast,3,metno_forecast
2026,4,18,12,14.4,metar,75,metar,0.0,metno_forecast,68,metno_forecast,6.0,metar,15.0,metar,,,4,metno_forecast,5,metno_forecast
2026,4,18,13,15.6,metar,67,metar,0.0,metno_forecast,70,metar,8.0,metar,18.0,metar,,,1,metno_forecast,3,metno_forecast
2026,4,18,14,16.7,metar,65,metar,0.0,metno_forecast,40,metar,8.0,metar,16.0,metar,,,0,metno_forecast,1,metno_forecast
2026,4,18,15,16.7,metar,65,metar,0.0,metno_forecast,88,metno_forecast,3.0,metar,,,,,0,metno_forecast,1,metno_forecast
2026,4,18,16,16.7,metar,67,metar,0.0,metno_forecast,50,metar,8.0,metar,16.0,metar,,,6,metar,1,metno_forecast
2026,4,18,17,17.8,metar,65,metar,0.0,metno_forecast,147,metno_forecast,3.0,metar,,,,,4,metar,1,metno_forecast
2026,4,18,18,17.2,metar,65,metar,0.0,metno_forecast,70,metar,6.0,metar,,,,,4,metar,1,metno_forecast
2026,4,18,19,17.8,metar,63,metar,0.0,metno_forecast,160,metar,4.0,metar,,,,,6,metar,1,metno_forecast
2026,4,18,20,17.8,metar,63,metar,0.0,metno_forecast,0,metar,5.0,metar,,,,,6,metar,1,metno_forecast
2026,4,18,21,15.6,metar,69,metar,0.0,metno_forecast,0,metar,0.0,metar,,,,,2,metno_forecast,1,metno_forecast
2026,4,18,22,13.3,metar,77,metar,0.0,metno_forecast,170,metar,3.0,metar,,,,,6,metar,2,metno_forecast
2026,4,18,23,12.2,metar,80,metar,0.0,metno_forecast,143,metno_forecast,6.0,metar,,,,,8,metar,3,metno_forecast
2026,4,19,0,11.1,metar,86,metar,0.0,metno_forecast,120,metar,7.0,metar,,,,,8,metar,3,metno_forecast
2026,4,19,1,10.6,metar,89,metar,0.0,metno_forecast,145,metno_forecast,4.0,metar,,,,,8,metar,3,metno_forecast
2026,4,19,2,10.0,metar,89,metar,0.0,metno_forecast,130,metar,6.0,metar,14.0,metar,,,8,metar,3,metno_forecast
2026,4,19,3,10.0,metar,89,metar,0.0,metno_forecast,141,metno_forecast,4.0,metar,,,,,8,metar,3,metno_forecast
2026,4,19,4,9.4,metar,90,metar,0.0,metno_forecast,147,metno_forecast,5.0,metar,,,,,8,metar,3,metno_forecast
2026,4,19,5,9.4,metar,90,metar,0.0,metno_forecast,140,metar,3.0,metar,,,,,8,metar,3,metno_forecast
2026,4,19,6,9.4,metar,93,metar,0.0,metno_forecast,0,metar,0.0,metar,,,,,8,metar,3,metno_forecast
2026,4,19,7,9.4,metar,93,metar,0.0,metno_forecast,130,metar,7.0,metar,,,,,8,metar,5,metar
2026,4,19,8,9.4,metar,93,metar,0.0,metno_forecast,100,metar,4.0,metar,,,,,8,metar,3,metno_forecast
2026,4,19,9,9.4,metar,93,metar,0.0,metno_forecast,0,metar,0.0,metar,,,,,8,metar,3,metno_forecast
2026,4,19,10,10.0,metar,93,metar,0.0,metno_forecast,50,metar,3.0,metar,,,,,8,metar,3,metno_forecast
2026,4,19,11,10.0,metar,93,metar,0.0,metar,0,metar,0.0,metar,,,,,8,metar,3,metno_forecast
2026,4,19,12,10.6,metar,89,metar,5.5,metno_forecast,59,metno_forecast,5.0,metar,,,,,8,metar,5,metar
2026,4,19,13,11.1,metar,93,metar,1.3,metno_forecast,338,metno_forecast,6.0,metar,,,,,6,metar,5,metar
2026,4,19,14,11.1,metar,86,metar,0.5,metno_forecast,290,metar,5.0,metar,25.0,metar,,,4,metar,8,metno_forecast
2026,4,19,15,11.1,metar,69,metar,0.6,metno_forecast,323,metno_forecast,4.0,metar,,,,,2,metar,8,metno_forecast
2026,4,19,16,10.6,metar,71,metar,1.6,metno_forecast,300,metar,9.0,metar,19.0,metar,,,4,metar,9,metno_forecast
2026,4,19,17,8.9,metar,71,metar,0.0,metar,300,metar,10.0,metar,19.0,metar,,,6,metar,9,metno_forecast
2026,4,19,18,5.6,metar,89,metar,0.0,metar,300,metar,8.0,metar,17.0,metar,,,4,metar,9,metno_forecast
2026,4,19,19,5.6,metar,89,metar,0.0,metar,312,metno_forecast,6.0,metar,,,,,2,metar,9,metno_forecast
2026,4,19,20,5.6,metar,85,metar,0.0,metar,310,metar,7.0,metar,15.0,metar,,,2,metar,8,metno_forecast
2026,4,19,21,7.2,metar,74,metar,0.0,metno_forecast,300,metar,8.0,metar,19.0,metar,,,4,metar,3,metno_forecast
2026,4,19,22,8.9,metar,54,metar,0.0,metno_forecast,300,metar,8.0,metar,,,,,6,metar,3,metno_forecast
2026,4,19,23,8.9,metar,51,metar,0.0,metno_forecast,290,metar,7.0,metar,20.0,metar,,,2,metar,3,metno_forecast
2026,4,20,0,8.3,metar,53,metar,0.0,metno_forecast,301,metno_forecast,6.0,metar,,,,,2,metar,3,metno_forecast
2026,4,20,1,6.7,metar,65,metar,0.0,metar,291,metno_forecast,4.0,metar,,,,,2,metar,1,metno_forecast
2026,4,20,2,6.1,metar,68,metar,0.0,metno_forecast,287,metno_forecast,3.0,metar,,,,,0,metno_forecast,1,metno_forecast
2026,4,20,3,5.6,metar,70,metar,0.0,metno_forecast,0,metar,0.0,metar,,,,,0,metno_forecast,1,metno_forecast
2026,4,20,4,5.6,metar,67,metar,0.0,metno_forecast,300,metar,4.0,metar,,,,,0,metno_forecast,1,metno_forecast
2026,4,20,5,4.4,metar,70,metar,0.0,metno_forecast,270,metar,3.0,metar,,,,,0,metno_forecast,1,metno_forecast
2026,4,20,6,4.4,metar,67,metar,0.0,metno_forecast,0,metar,0.0,metar,,,,,0,metno_forecast,1,metno_forecast
2026,4,20,7,4.4,metar,73,metar,0.0,metno_forecast,0,metar,0.0,metar,,,,,0,metno_forecast,1,metno_forecast
2026,4,20,8,4.4,metar,76,metar,0.0,metno_forecast,0,metar,0.0,metar,,,,,0,metno_forecast,1,metno_forecast
2026,4,20,9,4.4,metar,76,metar,0.0,metno_forecast,270,metar,3.0,metar,,,,,6,metar,1,metno_forecast
2026,4,20,10,5.6,metar,73,metar,0.0,metno_forecast,0,metar,0.0,metar,,,,,8,metar,1,metno_forecast
2026,4,20,11,6.7,metar,65,metar,0.0,metno_forecast,248,metno_forecast,4.0,metar,,,,,8,metar,1,metno_forecast
2026,4,20,12,7.8,metar,60,metar,0.0,metno_forecast,280,metar,7.0,metar,,,,,4,metar,2,metno_forecast
2026,4,20,13,7.2,metar,56,metar,0.0,metno_forecast,318,metno_forecast,3.0,metar,,,,,8,metar,3,metno_forecast
2026,4,20,14,7.8,metar,53,metar,0.0,metno_forecast,336,metno_forecast,3.0,metar,,,,,6,metar,3,metno_forecast
2026,4,20,15,10.0,metar,48,metar,0.0,metno_forecast,325,metno_forecast,4.0,metar,,,,,2,metar,1,metno_forecast
2026,4,20,16,9.4,metar,39,metar,0.0,metno_forecast,320,metar,8.0,metar,16.0,metar,,,4,metar,2,metno_forecast
2026,4,20,17,9.4,metar,39,metar,0.0,metno_forecast,315,metno_forecast,14.4,metno_forecast,,,,,2,metar,2,metno_forecast
2026,4,20,18,8.9,metar,39,metar,0.0,metno_forecast,310,metno_forecast,4.0,metar,14.0,metar,,,6,metar,2,metno_forecast
2026,4,20,19,10.0,metar,29,metar,0.0,metno_forecast,313,metno_forecast,16.2,metno_forecast,,,,,2,metar,2,metno_forecast
2026,4,20,20,10.0,metar,28,metar,0.0,metno_forecast,300,metar,5.0,metar,16.0,metar,,,2,metar,2,metno_forecast
2026,4,20,21,8.9,metar,27,metar,0.0,metno_forecast,320,metno_forecast,6.0,metar,,,,,2,metar,2,metno_forecast
2026,4,20,22,7.8,metar,28,metar,0.0,metno_forecast,326,metno_forecast,16.2,metno_forecast,,,,,0,metno_forecast,1,metno_forecast
2026,4,20,23,6.7,metar,33,metar,0.0,metno_forecast,329,metno_forecast,3.0,metar,,,,,4,metar,1,metno_forecast
2026,4,21,0,6.1,metar,36,metar,0.0,metno_forecast,340,metar,6.0,metar,,,,,0,metno_forecast,1,metno_forecast
2026,4,21,1,5.6,metar,41,metar,0.0,metno_forecast,323,metno_forecast,5.0,metar,18.0,metar,,,2,metar,1,metno_forecast
2026,4,21,2,5.0,metar,43,metar,0.0,metno_forecast,300,metar,7.0,metar,,,,,8,metno_forecast,2,metno_forecast
2026,4,21,3,4.4,metar,43,metar,0.0,metno_forecast,340,metno_forecast,3.0,metar,,,,,6,metno_forecast,3,metno_forecast
2026,4,21,4,3.9,metar,46,metar,0.0,metno_forecast,0,metar,0.0,metar,,,,,1,metno_forecast,3,metno_forecast
2026,4,21,5,3.3,metar,48,metar,0.0,metno_forecast,340,metno_forecast,4.0,metar,,,,,0,metno_forecast,1,metno_forecast
2026,4,21,6,2.8,metar,48,metar,0.0,metno_forecast,339,metno_forecast,5.0,metar,,,,,0,metno_forecast,1,metno_forecast
2026,4,21,7,2.8,metar,46,metar,0.0,metno_forecast,0,metar,0.0,metar,,,,,0,metno_forecast,1,metno_forecast
2026,4,21,8,1.7,metar,49,metar,0.0,metno_forecast,350,metar,6.0,metar,,,,,0,metno_forecast,1,metno_forecast
2026,4,21,9,1.7,metar,47,metar,0.0,metno_forecast,0,metar,0.0,metar,,,,,0,metno_forecast,1,metno_forecast
2026,4,21,10,1.7,metar,47,metar,0.0,metno_forecast,330,metar,4.0,metar,,,,,0,metno_forecast,1,metno_forecast
2026,4,21,11,2.8,metar,46,metar,0.0,metno_forecast,0,metar,0.0,metar,,,,,0,metno_forecast,1,metno_forecast
2026,4,21,12,3.9,metar,42,metar,0.0,metno_forecast,0,metno_forecast,8.6,metno_forecast,,,,,0,metno_forecast,1,metno_forecast
2026,4,21,13,5.6,metar,36,metar,0.0,metno_forecast,0,metar,0.0,metar,,,,,0,metno_forecast,1,metno_forecast
2026,4,21,14,7.2,metar,28,metar,0.0,metno_forecast,34,metno_forecast,3.0,metar,,,,,1,metno_forecast,1,metno_forecast
2026,4,21,15,8.9,metar,25,metar,0.0,metno_forecast,92,metno_forecast,4.0,metno_forecast,,,,,1,metno_forecast,2,metno_forecast
2026,4,21,16,8.9,metar,21,metar,0.0,metno_forecast,193,metno_forecast,4.0,metar,,,,,2,metno_forecast,1,metno_forecast
2026,4,21,17,11.1,metar,19,metar,0.0,metno_forecast,203,metno_forecast,3.0,metar,,,,,4,metno_forecast,2,metno_forecast
2026,4,21,18,10.6,metar,21,metar,0.0,metno_forecast,279,metno_forecast,5.4,metno_forecast,,,,,2,metar,3,metno_forecast
2026,4,21,19,11.1,metar,19,metar,0.0,metno_forecast,262,metno_forecast,3.0,metar,,,,,1,metno_forecast,2,metno_forecast
2026,4,21,20,11.1,metar,25,metar,0.0,metno_forecast,130,metar,8.0,metar,,,,,4,metar,1,metno_forecast
2026,4,21,21,8.9,metar,33,metar,0.0,metno_forecast,222,metno_forecast,8.6,metno_forecast,,,,,4,metar,2,metno_forecast
2026,4,21,22,7.2,metar,38,metar,0.0,metno_forecast,173,metno_forecast,4.0,metar,,,,,4,metar,2,metno_forecast
2026,4,21,23,6.7,metar,47,metar,0.0,metno_forecast,160,metno_forecast,14.8,metno_forecast,,,,,4,metar,2,metno_forecast
2026,4,22,0,6.7,metar,53,metar,0.0,metno_forecast,164,metno_forecast,6.0,metar,,,,,6,metar,2,metno_forecast
2026,4,22,1,7.2,metar,56,metar,0.0,metno_forecast,160,metno_forecast,6.0,metar,,,,,8,metar,2,metno_forecast
2026,4,22,2,7.2,metar,56,metar,0.0,metno_forecast,167,metno_forecast,3.0,metar,,,,,6,metar,2,metno_forecast
2026,4,22,3,7.2,metar,65,metar,0.0,metar,0,metar,0.0,metar,,,,,4,metar,3,metno_forecast
2026,4,22,4,6.7,metar,76,metar,0.0,metar,173,metno_forecast,4.0,metar,,,,,4,metar,3,metno_forecast
2026,4,22,5,7.8,metar,65,metar,0.0,metno_forecast,172,metno_forecast,3.0,metar,,,,,4,metar,3,metno_forecast
2026,4,22,6,7.8,metar,68,metar,0.0,metno_forecast,168,metno_forecast,13.7,metno_forecast,,,,,8,metar,3,metno_forecast
2026,4,22,7,7.8,metar,71,metar,0.0,metar,167,metno_forecast,4.0,metar,,,,,8,metar,3,metno_forecast
2026,4,22,8,8.3,metar,65,metar,0.0,metar,166,metno_forecast,15.1,metno_forecast,,,,,8,metar,3,metno_forecast
2026,4,22,9,6.7,metar,89,metar,0.0,metar,165,metno_forecast,3.0,metar,,,,,6,metar,3,metno_forecast
2026,4,22,10,7.2,metar,90,metar,0.0,metar,165,metno_forecast,3.0,metar,,,,,8,metar,3,metno_forecast
2026,4,22,11,7.8,metar,79,metar,0.0,metar,170,metar,9.0,metar,17.0,metar,,,4,metar,9,metno_forecast
2026,4,22,12,8.3,metar,76,metar,0.0,metar,160,metar,4.0,metar,,,,,6,metar,7,metno_forecast
2026,4,22,13,7.8,metar,82,metar,0.0,metar,169,metno_forecast,19.8,metno_forecast,,,,,2,metar,3,metno_forecast
2026,4,22,14,8.9,metar,73,metar,0.0,metno_forecast,140,metar,10.0,metar,19.0,metar,,,8,metar,3,metno_forecast
2026,4,22,15,9.4,metar,69,metar,0.0,metno_forecast,140,metar,7.0,metar,17.0,metar,,,8,metar,3,metno_forecast
2026,4,22,16,11.7,metar,63,metar,0.0,metno_forecast,152,metno_forecast,5.0,metar,,,,,2,metar,3,metno_forecast
2026,4,22,17,12.2,metar,64,metar,0.0,metno_forecast,164,metno_forecast,6.0,metar,,,,,2,metar,3,metno_forecast
2026,4,22,18,11.7,metar,69,metar,0.0,metno_forecast,167,metno_forecast,4.0,metar,,,,,4,metar,3,metno_forecast
2026,4,22,19,11.7,metar,71,metar,0.0,metno_forecast,157,metno_forecast,4.0,metar,,,,,6,metar,3,metno_forecast
2026,4,22,20,12.2,metar,69,metar,0.0,metno_forecast,135,metno_forecast,4.0,metar,,,,,6,metar,3,metno_forecast
2026,4,22,21,11.7,metar,69,metar,0.0,metno_forecast,0,metar,0.0,metar,,,,,4,metar,3,metno_forecast
2026,4,22,22,11.7,metar,69,metar,0.0,metno_forecast,90,metar,5.0,metar,,,,,2,metar,1,metno_forecast
2026,4,22,23,10.0,metar,74,metar,0.0,metno_forecast,60,metar,6.0,metar,,,,,0,metno_forecast,2,metno_forecast
2026,4,23,0,10.0,metar,74,metar,0.0,metno_forecast,60,metar,5.0,metar,,,,,8,metar,1,metno_forecast
2026,4,23,1,10.0,metar,74,metar,0.0,metno_forecast,87,metno_forecast,3.0,metar,,,,,8,metar,1,metno_forecast
2026,4,23,2,10.0,metar,74,metar,0.0,metno_forecast,62,metno_forecast,4.0,metar,,,,,8,metar,2,metno_forecast
2026,4,23,3,8.9,metar,89,metar,0.0,metar,50,metar,5.0,metar,,,,,6,metar,1,metno_forecast
2026,4,23,4,7.8,metar,93,metar,0.0,metno_forecast,30,metar,3.0,metar,,,,,4,metar,2,metno_forecast
2026,4,23,5,7.8,metar,93,metar,0.0,metno_forecast,0,metar,0.0,metar,,,,,0,metno_forecast,2,metno_forecast
2026,4,23,6,7.8,metar,93,metar,0.0,metno_forecast,0,metar,0.0,metar,,,,,0,metno_forecast,1,metno_forecast
2026,4,23,7,7.8,metar,93,metar,0.0,metno_forecast,0,metar,0.0,metar,,,,,0,metno_forecast,5,metar
2026,4,23,8,7.2,metar,97,metar,0.0,metno_forecast,0,metar,0.0,metar,,,,,0,metno_forecast,5,metar
2026,4,23,9,7.2,metar,93,metar,0.0,metno_forecast,0,metar,0.0,metar,,,,,0,metno_forecast,1,metno_forecast
2026,4,23,10,7.8,metar,93,metar,0.0,metno_forecast,0,metar,0.0,metar,,,,,1,metno_forecast,5,metar
2026,4,23,11,9.4,metar,83,metar,0.0,metno_forecast,280,metar,3.0,metar,,,,,4,metno_forecast,2,metno_forecast
2026,4,23,12,11.7,metar,74,metar,0.0,metno_forecast,0,metar,0.0,metar,,,,,7,metno_forecast,3,metno_forecast
2026,4,23,13,15.0,metar,62,metar,0.0,metno_forecast,0,metar,0.0,metar,,,,,0,metno_forecast,3,metno_forecast
2026,4,23,14,17.2,metar,52,metar,0.0,metno_forecast,0,metar,0.0,metar,,,,,2,metno_forecast,1,metno_forecast
2026,4,23,15,19.4,metar,42,metar,0.0,metno_forecast,0,metar,0.0,metar,,,,,4,metno_forecast,2,metno_forecast
2026,4,23,16,21.1,metar,33,metar,0.0,metno_forecast,280,metar,10.0,metar,18.0,metar,,,3,metno_forecast,3,metno_forecast
2026,4,23,17,21.7,metar,29,metar,0.0,metno_forecast,290,metar,9.0,metar,17.0,metar,,,3,metno_forecast,3,metno_forecast
2026,4,23,18,22.2,metar,25,metar,0.0,metno_forecast,309,metno_forecast,4.0,metar,,,,,8,metno_forecast,3,metno_forecast
2026,4,23,19,22.8,metar,24,metar,0.0,metno_forecast,304,metno_forecast,5.0,metar,,,,,6,metno_forecast,3,metno_forecast
2026,4,23,20,21.7,metar,22,metar,0.0,metno_forecast,300,metar,7.0,metar,18.0,metar,,,8,metno_forecast,3,metno_forecast
2026,4,23,21,21.7,metar,21,metar,0.0,metno_forecast,290,metar,7.0,metar,,,,,4,metar,3,metno_forecast
2026,4,23,22,21.7,metar,23,metar,0.0,metno_forecast,280,metar,5.0,metar,,,,,8,metno_forecast,3,metno_forecast
2026,4,23,23,21.1,metar,21,metar,0.0,metno_forecast,300,metar,8.0,metar,,,,,8,metno_forecast,3,metno_forecast
2026,4,24,0,20.6,metar,21,metar,0.0,metno_forecast,318,metno_forecast,5.0,metar,,,,,8,metno_forecast,3,metno_forecast
2026,4,24,1,19.4,metar,24,metar,0.0,metno_forecast,329,metno_forecast,3.0,metar,,,,,5,metno_forecast,3,metno_forecast
2026,4,24,2,18.9,metar,23,metar,0.0,metno_forecast,342,metno_forecast,5.0,metar,,,,,5,metno_forecast,3,metno_forecast
2026,4,24,3,17.8,metar,26,metar,0.0,metno_forecast,0,metar,0.0,metar,,,,,8,metno_forecast,3,metno_forecast
2026,4,24,4,17.2,metar,27,metar,0.0,metno_forecast,0,metar,0.0,metar,,,,,8,metno_forecast,3,metno_forecast
2026,4,24,5,16.1,metar,30,metar,0.0,metno_forecast,0,metar,0.0,metar,,,,,2,metar,3,metno_forecast
2026,4,24,6,15.6,metar,31,metar,0.0,metno_forecast,290,metar,3.0,metar,,,,,6,metar,3,metno_forecast
2026,4,24,7,16.1,metar,30,metar,0.0,metno_forecast,0,metar,0.0,metar,,,,,4,metar,3,metno_forecast
2026,4,24,8,15.0,metar,33,metar,0.0,metno_forecast,290,metno_forecast,3.0,metar,,,,,6,metar,3,metno_forecast
2026,4,24,9,13.9,metar,47,metar,0.0,metno_forecast,0,metar,0.0,metar,,,,,6,metar,3,metno_forecast
2026,4,24,10,11.1,metar,66,metar,0.0,metno_forecast,50,metar,5.0,metar,,,,,6,metar,3,metno_forecast
2026,4,24,11,11.1,metar,63,metar,0.0,metno_forecast,50,metar,4.0,metar,,,,,2,metar,3,metno_forecast
2026,4,24,12,12.2,metar,59,metar,0.0,metno_forecast,50,metar,6.0,metar,,,,,6,metar,3,metno_forecast
2026,4,24,13,11.1,metar,61,metar,0.0,metno_forecast,8,metno_forecast,5.0,metar,14.0,metar,,,7,metno_forecast,3,metno_forecast
2026,4,24,14,14.4,metar,47,metar,0.0,metno_forecast,14,metno_forecast,3.0,metar,,,,,7,metno_forecast,3,metno_forecast
2026,4,24,15,17.2,metar,30,metar,0.0,metno_forecast,17,metno_forecast,4.0,metar,,,,,6,metno_forecast,3,metno_forecast
2026,4,24,16,18.3,metar,27,metar,0.0,metno_forecast,40,metar,8.0,metar,,,,,4,metno_forecast,3,metno_forecast
2026,4,24,17,18.3,metar,32,metar,0.0,metno_forecast,18,metno_forecast,3.0,metar,,,,,5,metno_forecast,3,metno_forecast
2026,4,24,18,20.0,metar,23,metar,0.0,metno_forecast,15,metno_forecast,5.0,metar,,,,,5,metno_forecast,3,metno_forecast
2026,4,24,19,18.3,metar,37,metar,0.0,metno_forecast,16,metno_forecast,4.0,metar,,,,,3,metno_forecast,3,metno_forecast
2026,4,24,20,16.1,metar,44,metar,0.0,metno_forecast,23,metno_forecast,11.5,metno_forecast,,,,,2,metno_forecast,2,metno_forecast
2026,4,24,21,15.0,metar,51,metar,0.0,metno_forecast,150,metar,7.0,metar,,,,,2,metno_forecast,2,metno_forecast
2026,4,24,22,13.3,metar,53,metar,0.0,metno_forecast,52,metno_forecast,3.0,metar,,,,,1,metno_forecast,2,metno_forecast
2026,4,24,23,11.1,metar,66,metar,0.0,metno_forecast,58,metno_forecast,12.6,metno_forecast,,,,,2,metar,2,metno_forecast
2026,4,25,0,10.6,metar,61,metar,0.0,metno_forecast,160,metar,6.0,metar,,,,,4,metar,1,metno_forecast
2026,4,25,1,10.6,metar,61,metar,0.0,metno_forecast,160,metar,5.0,metar,,,,,8,metar,1,metno_forecast
2026,4,25,2,10.0,metar,68,metar,0.0,metno_forecast,168,metno_forecast,3.0,metar,,,,,2,metar,2,metno_forecast
2026,4,25,3,10.6,metar,65,metar,0.0,metno_forecast,0,metar,0.0,metar,,,,,8,metar,2,metno_forecast
2026,4,25,4,10.0,metar,68,metar,0.0,metno_forecast,164,metno_forecast,4.0,metar,,,,,8,metar,3,metno_forecast
2026,4,25,5,10.0,metar,71,metar,0.0,metno_forecast,121,metno_forecast,5.0,metar,,,,,2,metar,3,metno_forecast
2026,4,25,6,9.4,metar,77,metar,0.0,metar,90,metar,7.0,metar,,,,,2,metar,3,metno_forecast
2026,4,25,7,9.4,metar,71,metar,0.0,metno_forecast,120,metno_forecast,5.0,metar,,,,,4,metar,3,metno_forecast
2026,4,25,8,9.4,metar,74,metar,0.0,metno_forecast,130,metar,6.0,metar,15.0,metar,,,6,metar,3,metno_forecast
2026,4,25,9,8.3,metar,71,metar,0.0,metno_forecast,128,metno_forecast,8.6,metno_forecast,,,,,4,metar,3,metno_forecast
2026,4,25,10,8.9,metar,61,metar,0.0,metno_forecast,100,metar,7.0,metar,,,,,2,metar,3,metno_forecast
2026,4,25,11,9.4,metar,54,metar,0.0,metno_forecast,140,metar,8.0,metar,,,,,6,metar,3,metno_forecast
2026,4,25,12,9.4,metar,52,metar,0.0,metno_forecast,109,metno_forecast,4.0,metar,,,,,8,metar,3,metno_forecast
2026,4,25,13,8.9,metar,58,metar,0.0,metar,119,metno_forecast,5.0,metar,17.0,metar,,,4,metar,3,metno_forecast
2026,4,25,14,7.8,metar,71,metar,0.0,metar,120,metar,8.0,metar,,,,,4,metar,7,metno_forecast
2026,4,25,15,6.7,metar,85,metar,0.0,metar,126,metno_forecast,16.6,metno_forecast,,,,,4,metar,8,metno_forecast
2026,4,25,16,6.7,metar,85,metar,0.0,metar,70,metar,5.0,metar,17.0,metar,,,6,metar,8,metno_forecast
2026,4,25,17,6.7,metar,89,metar,0.0,metar,120,metar,7.0,metar,,,,,4,metar,9,metno_forecast
2026,4,25,18,6.1,metar,93,metar,0.0,metar,120,metar,5.0,metar,17.0,metar,,,4,metar,8,metar
2026,4,25,19,5.6,metar,92,metar,0.0,metar,110,metar,7.0,metar,15.0,metar,,,4,metar,8,metar
2026,4,25,20,5.6,metar,92,metar,0.0,metar,120,metar,8.0,metar,15.0,metar,,,4,metar,8,metar
2026,4,25,21,5.6,metar,96,metar,0.0,metar,110,metar,4.0,metar,,,,,4,metar,9,metno_forecast
2026,4,25,22,5.6,metar,92,metar,0.0,metar,130,metar,6.0,metar,,,,,8,metar,8,metar
2026,4,25,23,5.6,metar,92,metar,0.0,metar,95,metno_forecast,4.0,metar,,,,,6,metar,8,metar
2026,4,26,0,5.0,metar,96,metar,0.1,metar,110,metar,4.0,metar,,,,,8,metar,8,metar
2026,4,26,1,5.6,metar,96,metar,0.0,metar,0,metar,0.0,metar,,,,,6,metar,8,metar
2026,4,26,2,5.6,metar,96,metar,0.0,metar,60,metar,3.0,metar,,,,,6,metar,9,metno_forecast
2026,4,26,3,5.6,metar,96,metar,0.0,metar,60,metar,3.0,metar,15.0,metar,,,6,metar,8,metar
2026,4,26,4,5.6,metar,96,metar,0.1,metar,70,metar,7.0,metar,,,,,6,metar,9,metno_forecast
2026,4,26,5,5.6,metar,96,metar,0.0,metar,60,metar,5.0,metar,,,,,4,metar,9,metno_forecast
2026,4,26,6,5.6,metar,96,metar,0.0,metar,60,metar,9.0,metar,18.0,metar,,,6,metar,5,metar
2026,4,26,7,5.6,metar,96,metar,0.0,metar,60,metar,8.0,metar,,,,,4,metar,9,metno_forecast
2026,4,26,8,5.6,metar,92,metar,0.0,metar,40,metar,5.0,metar,15.0,metar,,,6,metar,9,metno_forecast
2026,4,26,9,5.6,metar,96,metar,0.9,metno_forecast,44,metno_forecast,6.0,metar,14.0,metar,,,8,metar,8,metno_forecast
2026,4,26,10,5.6,metar,92,metar,0.0,metno_forecast,50,metar,4.0,metar,16.0,metar,,,6,metar,3,metno_forecast
2026,4,26,11,5.6,metar,92,metar,0.0,metno_forecast,40,metar,7.0,metar,15.0,metar,,,8,metar,3,metno_forecast
2026,4,26,12,6.1,metar,86,metar,0.0,metno_forecast,50,metar,5.0,metar,15.0,metar,,,4,metar,3,metno_forecast
2026,4,26,13,6.7,metar,79,metar,0.0,metno_forecast,70,metar,6.0,metar,17.0,metar,,,4,metar,3,metno_forecast
2026,4,26,14,8.9,metar,66,metar,0.0,metno_forecast,60,metar,10.0,metar,18.0,metar,,,2,metar,3,metno_forecast
2026,4,26,15,10.6,metar,59,metar,0.0,metno_forecast,90,metar,9.0,metar,16.0,metar,,,2,metar,3,metno_forecast
2026,4,26,16,11.7,metar,61,metar,0.0,metno_forecast,50,metar,6.0,metar,,,,,6,metar,2,metno_forecast
2026,4,26,17,12.8,metar,52,metar,0.0,metno_forecast,48,metno_forecast,6.0,metar,14.0,metar,,,8,metar,3,metno_forecast
2026,4,26,18,12.8,metar,55,metar,0.0,metno_forecast,90,metar,7.0,metar,15.0,metar,,,2,metar,3,metno_forecast
2026,4,26,19,13.3,metar,49,metar,0.0,metno_forecast,100,metar,8.0,metar,,,,,4,metno_forecast,3,metno_forecast
2026,4,26,20,13.3,metar,51,metar,0.0,metno_forecast,70,metar,8.0,metar,,,,,1,metno_forecast,3,metno_forecast
2026,4,26,21,13.3,metar,51,metar,0.0,metno_forecast,50,metar,7.0,metar,,,,,0,metno_forecast,1,metno_forecast
2026,4,26,22,12.8,metar,52,metar,0.0,metno_forecast,0,metar,0.0,metar,,,,,0,metno_forecast,1,metno_forecast
2026,4,26,23,11.1,metar,69,metar,0.0,metno_forecast,0,metar,0.0,metar,,,,,0,metno_forecast,1,metno_forecast
2026,4,27,0,9.4,metar,80,metar,0.0,metno_forecast,192,metno_forecast,4.0,metar,,,,,0,metno_forecast,1,metno_forecast
2026,4,27,1,8.9,metar,77,metar,0.0,metno_forecast,160,metar,3.0,metar,,,,,0,metno_forecast,1,metno_forecast
2026,4,27,2,8.9,metar,68,metar,0.0,metno_forecast,0,metar,0.0,metar,,,,,0,metno_forecast,1,metno_forecast
2026,4,27,3,8.9,metar,73,metar,0.0,metno_forecast,280,metar,3.0,metar,,,,,0,metno_forecast,1,metno_forecast
2026,4,27,4,8.9,metar,77,metar,0.0,metno_forecast,290,metar,3.0,metar,,,,,0,metno_forecast,1,metno_forecast
2026,4,27,5,7.8,metar,82,metar,0.0,metno_forecast,300,metar,4.0,metar,,,,,0,metno_forecast,1,metno_forecast
2026,4,27,6,7.8,metar,79,metar,0.0,metno_forecast,290,metar,3.0,metar,,,,,0,metno_forecast,1,metno_forecast
2026,4,27,7,6.1,metno_forecast,88,metno_forecast,0.0,metno_forecast,301,metno_forecast,6.1,metno_forecast,,,1022.4,metno_forecast,0,metno_forecast,1,metno_forecast
2026,4,27,8,6.0,metno_forecast,88,metno_forecast,0.0,metno_forecast,299,metno_forecast,6.5,metno_forecast,,,1022.8,metno_forecast,0,metno_forecast,1,metno_forecast
2026,4,27,9,5.9,metno_forecast,89,metno_forecast,0.0,metno_forecast,299,metno_forecast,6.1,metno_forecast,,,1022.9,metno_forecast,0,metno_forecast,1,metno_forecast
2026,4,27,10,5.4,metno_forecast,91,metno_forecast,0.0,metno_forecast,336,metno_forecast,3.6,metno_forecast,,,1022.6,metno_forecast,0,metno_forecast,1,metno_forecast
2026,4,27,11,6.7,metno_forecast,88,metno_forecast,0.0,metno_forecast,20,metno_forecast,5.8,metno_forecast,,,1023.2,metno_forecast,0,metno_forecast,1,metno_forecast
2026,4,27,12,8.4,metno_forecast,85,metno_forecast,0.0,metno_forecast,18,metno_forecast,4.3,metno_forecast,,,1023.7,metno_forecast,0,metno_forecast,1,metno_forecast
2026,4,27,13,10.7,metno_forecast,78,metno_forecast,0.0,metno_forecast,15,metno_forecast,4.3,metno_forecast,,,1024.3,metno_forecast,0,metno_forecast,1,metno_forecast
2026,4,27,14,13.2,metno_forecast,70,metno_forecast,0.0,metno_forecast,37,metno_forecast,5.8,metno_forecast,,,1024.6,metno_forecast,0,metno_forecast,1,metno_forecast
2026,4,27,15,15.2,metno_forecast,57,metno_forecast,0.0,metno_forecast,60,metno_forecast,7.9,metno_forecast,,,1024.8,metno_forecast,0,metno_forecast,1,metno_forecast
2026,4,27,16,16.3,metno_forecast,47,metno_forecast,0.0,metno_forecast,67,metno_forecast,10.1,metno_forecast,,,1024.5,metno_forecast,0,metno_forecast,1,metno_forecast
2026,4,27,17,17.2,metno_forecast,44,metno_forecast,0.0,metno_forecast,64,metno_forecast,9.7,metno_forecast,,,1024.6,metno_forecast,0,metno_forecast,1,metno_forecast
2026,4,27,18,17.9,metno_forecast,43,metno_forecast,0.0,metno_forecast,67,metno_forecast,10.1,metno_forecast,,,1024.7,metno_forecast,0,metno_forecast,1,metno_forecast
2026,4,27,19,18.4,metno_forecast,42,metno_forecast,0.0,metno_forecast,70,metno_forecast,10.8,metno_forecast,,,1024.3,metno_forecast,0,metno_forecast,1,metno_forecast
2026,4,27,20,17.8,metar,40,metar,0.0,metno_forecast,70,metno_forecast,11.5,metno_forecast,,,,,0,metno_forecast,1,metno_forecast
2026,4,27,21,16.1,metar,42,metar,0.0,metno_forecast,74,metno_forecast,5.0,metar,,,,,0,metno_forecast,1,metno_forecast
2026,4,27,22,14.4,metar,46,metar,0.0,metno_forecast,118,metno_forecast,3.0,metar,,,,,0,metno_forecast,1,metno_forecast
2026,4,27,23,12.8,metar,48,metar,0.0,metno_forecast,164,metno_forecast,5.0,metar,,,,,0,metno_forecast,1,metno_forecast
2026,4,28,0,11.7,metar,56,metar,0.0,metno_forecast,158,metno_forecast,3.0,metar,,,,,5,metno_forecast,1,metno_forecast
2026,4,28,1,11.1,metar,59,metar,0.0,metno_forecast,0,metar,0.0,metar,,,,,8,metno_forecast,3,metno_forecast
2026,4,28,2,11.7,metar,50,metar,0.0,metno_forecast,0,metar,0.0,metar,,,,,8,metno_forecast,3,metno_forecast
2026,4,28,3,11.1,metar,59,metar,0.0,metno_forecast,0,metar,0.0,metar,,,,,0,metno_forecast,3,metno_forecast
2026,4,28,4,10.6,metar,65,metar,0.0,metno_forecast,0,metar,0.0,metar,,,,,0,metno_forecast,1,metno_forecast
2026,4,28,5,10.6,metar,59,metar,0.0,metno_forecast,266,metno_forecast,5.0,metar,,,,,0,metno_forecast,1,metno_forecast
2026,4,28,6,10.6,metar,61,metar,0.0,metno_forecast,290,metar,4.0,metar,,,,,2,metno_forecast,1,metno_forecast
2026,4,28,7,10.0,metar,61,metar,0.0,metno_forecast,0,metar,0.0,metar,,,,,4,metno_forecast,2,metno_forecast
2026,4,28,8,9.4,metar,61,metar,0.0,metno_forecast,0,metar,0.0,metar,,,,,6,metno_forecast,3,metno_forecast
2026,4,28,9,9.4,metar,59,metar,0.0,metno_forecast,0,metar,0.0,metar,,,,,2,metno_forecast,3,metno_forecast
2026,4,28,10,10.0,metar,58,metar,0.0,metno_forecast,0,metar,0.0,metar,,,,,0,metno_forecast,2,metno_forecast
2026,4,28,11,12.2,metar,47,metar,0.0,metno_forecast,0,metar,0.0,metar,,,,,0,metno_forecast,1,metno_forecast
2026,4,28,12,14.4,metar,42,metar,0.0,metno_forecast,0,metar,0.0,metar,,,,,4,metno_forecast,1,metno_forecast
2026,4,28,13,15.6,metar,39,metar,0.0,metno_forecast,0,metar,0.0,metar,,,,,7,metno_forecast,3,metno_forecast
2026,4,28,14,17.8,metar,35,metar,0.0,metno_forecast,248,metno_forecast,3.0,metar,,,,,8,metno_forecast,3,metno_forecast
2026,4,28,15,17.2,metar,40,metar,0.0,metno_forecast,0,metar,0.0,metar,,,,,8,metno_forecast,3,metno_forecast
2026,4,28,16,17.8,metar,38,metar,0.0,metno_forecast,174,metno_forecast,4.0,metar,,,,,4,metno_forecast,3,metno_forecast
2026,4,28,17,17.2,metar,40,metar,0.0,metno_forecast,173,metno_forecast,3.0,metar,,,,,8,metno_forecast,3,metno_forecast
2026,4,28,18,16.7,metar,39,metar,0.0,metno_forecast,189,metno_forecast,3.0,metar,,,,,8,metno_forecast,3,metno_forecast
2026,4,28,19,15.6,metar,40,metar,0.0,metno_forecast,177,metno_forecast,4.0,metar,,,,,8,metno_forecast,3,metno_forecast
2026,4,28,20,15.0,metno_forecast,50,metno_forecast,0.0,metno_forecast,155,metno_forecast,9.4,metno_forecast,,,1019.2,metno_forecast,8,metno_forecast,3,metno_forecast
2026,4,28,21,14.2,metno_forecast,51,metno_forecast,0.0,metno_forecast,168,metno_forecast,8.3,metno_forecast,,,1018.8,metno_forecast,8,metno_forecast,3,metno_forecast
2026,4,28,22,14.0,metno_forecast,51,metno_forecast,0.0,metno_forecast,175,metno_forecast,7.2,metno_forecast,,,1018.7,metno_forecast,8,metno_forecast,3,metno_forecast
2026,4,28,23,13.3,metno_forecast,54,metno_forecast,0.0,metno_forecast,174,metno_forecast,7.6,metno_forecast,,,1018.4,metno_forecast,8,metno_forecast,3,metno_forecast
2026,4,29,0,12.4,metno_forecast,58,metno_forecast,0.0,metno_forecast,177,metno_forecast,7.9,metno_forecast,,,1018.6,metno_forecast,8,metno_forecast,3,metno_forecast
2026,4,29,1,11.8,metno_forecast,61,metno_forecast,0.0,metno_forecast,171,metno_forecast,7.9,metno_forecast,,,1018.7,metno_forecast,8,metno_forecast,3,metno_forecast
2026,4,29,2,11.4,metno_forecast,65,metno_forecast,0.0,metno_forecast,166,metno_forecast,6.8,metno_forecast,,,1018.8,metno_forecast,8,metno_forecast,3,metno_forecast
2026,4,29,3,11.0,metno_forecast,70,metno_forecast,0.0,metno_forecast,137,metno_forecast,7.6,metno_forecast,,,1018.7,metno_forecast,8,metno_forecast,3,metno_forecast
2026,4,29,4,10.5,metno_forecast,74,metno_forecast,0.0,metno_forecast,146,metno_forecast,7.2,metno_forecast,,,1018.7,metno_forecast,8,metno_forecast,3,metno_forecast
2026,4,29,5,10.2,metno_forecast,76,metno_forecast,0.0,metno_forecast,158,metno_forecast,7.2,metno_forecast,,,1018.3,metno_forecast,8,metno_forecast,3,metno_forecast
2026,4,29,6,10.1,metno_forecast,76,metno_forecast,0.0,metno_forecast,193,metno_forecast,5.8,metno_forecast,,,1018.4,metno_forecast,8,metno_forecast,3,metno_forecast
2026,4,29,7,10.1,metno_forecast,77,metno_forecast,0.0,metno_forecast,198,metno_forecast,4.3,metno_forecast,,,1018.2,metno_forecast,8,metno_forecast,3,metno_forecast
2026,4,29,8,10.1,metno_forecast,78,metno_forecast,0.0,metno_forecast,120,metno_forecast,4.0,metno_forecast,,,1017.4,metno_forecast,8,metno_forecast,3,metno_forecast
2026,4,29,9,9.5,metno_forecast,82,metno_forecast,0.0,metno_forecast,99,metno_forecast,5.8,metno_forecast,,,1016.7,metno_forecast,1,metno_forecast,3,metno_forecast
2026,4,29,10,8.6,metno_forecast,85,metno_forecast,0.0,metno_forecast,104,metno_forecast,6.5,metno_forecast,,,1016.0,metno_forecast,5,metno_forecast,1,metno_forecast
2026,4,29,11,9.4,metno_forecast,82,metno_forecast,0.0,metno_forecast,142,metno_forecast,5.8,metno_forecast,,,1016.1,metno_forecast,7,metno_forecast,3,metno_forecast
2026,4,29,12,10.4,metno_forecast,76,metno_forecast,0.0,metno_forecast,149,metno_forecast,4.7,metno_forecast,,,1016.2,metno_forecast,8,metno_forecast,3,metno_forecast
2026,4,29,13,15.0,metar,47,metar,0.0,metno_forecast,0,metar,0.0,metar,,,,,8,metar,3,metno_forecast
2026,4,29,14,16.1,metar,44,metar,0.0,metno_forecast,152,metno_forecast,10.1,metno_forecast,,,,,6,metar,3,metno_forecast
2026,4,29,15,15.6,metar,47,metar,0.0,metno_forecast,148,metno_forecast,12.6,metno_forecast,,,,,8,metar,3,metno_forecast
2026,4,29,16,15.0,metar,51,metar,0.0,metno_forecast,190,metar,8.0,metar,,,,,8,metar,3,metno_forecast
2026,4,29,17,15.0,metar,53,metar,0.0,metno_forecast,160,metno_forecast,13.0,metno_forecast,,,,,8,metno_forecast,3,metno_forecast
2026,4,29,18,15.0,metar,55,metar,0.0,metno_forecast,154,metno_forecast,13.0,metno_forecast,,,,,8,metno_forecast,3,metno_forecast
2026,4,29,19,13.3,metar,64,metar,0.0,metno_forecast,141,metno_forecast,4.0,metar,,,,,4,metar,3,metno_forecast
2026,4,29,20,12.8,metar,66,metar,0.0,metno_forecast,146,metno_forecast,4.0,metar,,,,,2,metar,3,metno_forecast
2026,4,29,21,11.7,metar,71,metar,0.0,metno_forecast,157,metno_forecast,5.0,metar,,,,,8,metar,3,metno_forecast
2026,4,29,22,11.1,metar,74,metar,0.0,metno_forecast,136,metno_forecast,4.0,metar,,,,,8,metar,3,metno_forecast
2026,4,29,23,10.6,metar,77,metar,0.0,metno_forecast,133,metno_forecast,14.4,metno_forecast,,,,,8,metar,3,metno_forecast
2026,4,30,0,10.0,metar,83,metar,0.0,metar,0,metar,0.0,metar,,,,,6,metar,3,metno_forecast
2026,4,30,1,9.4,metar,90,metar,0.0,metar,140,metno_forecast,3.0,metar,,,,,2,metar,9,metno_forecast
2026,4,30,2,9.4,metar,93,metar,0.0,metar,0,metar,0.0,metar,,,,,8,metar,9,metno_forecast
2026,4,30,3,9.4,metar,93,metar,0.0,metar,0,metar,0.0,metar,,,,,4,metar,8,metar
2026,4,30,4,8.9,metar,96,metar,0.0,metar,140,metar,3.0,metar,,,,,6,metar,8,metar
2026,4,30,5,8.9,metar,96,metar,0.0,metar,130,metar,3.0,metar,,,,,6,metar,8,metar
2026,4,30,6,8.3,metar,97,metar,0.0,metar,0,metar,3.0,metar,,,,,6,metar,7,metno_forecast
2026,4,30,7,8.9,metar,96,metar,0.0,metar,0,metar,0.0,metar,,,,,8,metar,5,metar
2026,4,30,8,8.9,metar,96,metar,0.0,metno_forecast,0,metar,0.0,metar,,,,,8,metar,5,metar
2026,4,30,9,8.9,metar,100,metar,0.0,metar,0,metar,0.0,metar,,,,,6,metar,3,metno_forecast
2026,4,30,10,9.4,metar,97,metar,0.0,metar,0,metar,0.0,metar,,,,,8,metar,5,metar
2026,4,30,11,9.4,metar,97,metar,0.0,metno_forecast,0,metar,0.0,metar,,,,,8,metar,5,metar
2026,4,30,12,9.4,metar,97,metar,0.0,metno_forecast,0,metar,0.0,metar,,,,,8,metar,5,metar
2026,4,30,13,9.4,metar,97,metar,0.0,metno_forecast,0,metar,0.0,metar,,,,,8,metar,5,metar
2026,4,30,14,11.8,metno_forecast,83,metno_forecast,0.0,metno_forecast,274,metno_forecast,4.7,metno_forecast,,,1007.1,metno_forecast,8,metno_forecast,3,metno_forecast
2026,4,30,15,12.6,metno_forecast,78,metno_forecast,0.0,metno_forecast,293,metno_forecast,6.1,metno_forecast,,,1007.3,metno_forecast,8,metno_forecast,3,metno_forecast
2026,4,30,16,13.3,metno_forecast,76,metno_forecast,0.0,metno_forecast,318,metno_forecast,7.6,metno_forecast,,,1006.9,metno_forecast,8,metno_forecast,3,metno_forecast
2026,4,30,17,13.3,metar,77,metar,0.0,metno_forecast,320,metno_forecast,3.0,metar,,,,,6,metar,3,metno_forecast
2026,4,30,18,13.9,metar,77,metar,0.2,metno_forecast,0,metar,0.0,metar,,,,,2,metar,7,metno_forecast
2026,4,30,19,14.4,metar,72,metar,0.0,metar,324,metno_forecast,4.0,metar,,,,,4,metar,17,metno_forecast
2026,4,30,20,15.0,metar,64,metar,0.0,metno_forecast,323,metno_forecast,5.0,metar,,,,,2,metar,3,metno_forecast
2026,4,30,21,15.0,metar,55,metar,0.9,metno_forecast,300,metar,8.0,metar,16.0,metar,,,4,metar,8,metno_forecast
2026,4,30,22,15.6,metar,51,metar,0.2,metno_forecast,310,metno_forecast,6.0,metar,,,,,8,metar,17,metno_forecast
2026,4,30,23,14.4,metar,49,metar,0.0,metno_forecast,0,metar,0.0,metar,,,,,3,metno_forecast,3,metno_forecast
2026,5,1,0,13.9,metar,51,metar,0.0,metno_forecast,320,metno_forecast,3.0,metar,,,,,3,metno_forecast,3,metno_forecast
2026,5,1,1,13.3,metar,53,metar,0.0,metno_forecast,300,metar,7.0,metar,,,,,8,metar,2,metno_forecast
2026,5,1,2,12.8,metar,55,metar,0.0,metno_forecast,290,metar,4.0,metar,,,,,6,metar,2,metno_forecast
2026,5,1,3,12.2,metar,53,metar,0.0,metno_forecast,300,metar,10.0,metar,20.0,metar,,,2,metar,2,metno_forecast
2026,5,1,4,11.7,metar,54,metar,0.0,metno_forecast,0,metar,0.0,metar,,,,,6,metar,3,metno_forecast
2026,5,1,5,10.6,metar,56,metar,0.0,metno_forecast,327,metno_forecast,3.0,metar,,,,,1,metno_forecast,3,metno_forecast
2026,5,1,6,10.0,metar,52,metar,0.0,metno_forecast,323,metno_forecast,10.8,metno_forecast,,,,,0,metno_forecast,1,metno_forecast
2026,5,1,7,9.4,metar,54,metar,0.0,metno_forecast,314,metno_forecast,3.0,metar,,,,,6,metar,1,metno_forecast
2026,5,1,8,8.9,metar,58,metar,0.0,metno_forecast,312,metno_forecast,3.0,metar,,,,,0,metno_forecast,1,metno_forecast
2026,5,1,9,7.8,metar,60,metar,0.0,metno_forecast,270,metar,7.0,metar,,,,,0,metno_forecast,1,metno_forecast
2026,5,1,10,7.8,metar,60,metar,0.0,metno_forecast,306,metno_forecast,5.0,metar,,,,,0,metno_forecast,1,metno_forecast
2026,5,1,11,8.9,metar,58,metar,0.0,metno_forecast,0,metar,0.0,metar,,,,,0,metno_forecast,1,metno_forecast
2026,5,1,12,10.0,metar,54,metar,0.0,metno_forecast,304,metno_forecast,9.0,metno_forecast,,,,,0,metno_forecast,1,metno_forecast
2026,5,1,13,11.7,metar,41,metar,0.0,metno_forecast,311,metno_forecast,10.1,metno_forecast,,,,,0,metno_forecast,1,metno_forecast
2026,5,1,14,13.3,metar,37,metar,0.0,metno_forecast,316,metno_forecast,6.0,metar,,,,,2,metno_forecast,1,metno_forecast
2026,5,1,15,13.9,metar,33,metar,0.0,metno_forecast,0,metar,0.0,metar,,,,,1,metno_forecast,2,metno_forecast
2026,5,1,16,16.1,metar,33,metar,0.0,metno_forecast,0,metar,0.0,metar,,,,,2,metno_forecast,1,metno_forecast
2026,5,1,17,15.2,metno_forecast,39,metno_forecast,0.0,metno_forecast,295,metno_forecast,11.5,metno_forecast,,,1012.4,metno_forecast,7,metno_forecast,2,metno_forecast
2026,5,1,18,16.2,metno_forecast,37,metno_forecast,0.0,metno_forecast,287,metno_forecast,11.2,metno_forecast,,,1011.6,metno_forecast,8,metno_forecast,3,metno_forecast
2026,5,1,19,16.7,metno_forecast,36,metno_forecast,0.0,metno_forecast,274,metno_forecast,10.4,metno_forecast,,,1011.1,metno_forecast,7,metno_forecast,3,metno_forecast
2026,5,1,20,17.2,metno_forecast,34,metno_forecast,0.0,metno_forecast,255,metno_forecast,11.9,metno_forecast,,,1010.3,metno_forecast,8,metno_forecast,3,metno_forecast
2026,5,1,21,16.8,metno_forecast,36,metno_forecast,0.0,metno_forecast,225,metno_forecast,15.5,metno_forecast,,,1010.4,metno_forecast,5,metno_forecast,3,metno_forecast
2026,5,1,22,13.7,metno_forecast,53,metno_forecast,0.0,metno_forecast,167,metno_forecast,17.3,metno_forecast,,,1011.1,metno_forecast,4,metno_forecast,3,metno_forecast
2026,5,1,23,11.6,metno_forecast,66,metno_forecast,0.0,metno_forecast,173,metno_forecast,13.7,metno_forecast,,,1011.5,metno_forecast,3,metno_forecast,3,metno_forecast
2026,5,2,0,10.7,metno_forecast,74,metno_forecast,0.0,metno_forecast,176,metno_forecast,13.7,metno_forecast,,,1012.1,metno_forecast,4,metno_forecast,3,metno_forecast
2026,5,2,1,10.5,metno_forecast,78,metno_forecast,0.0,metno_forecast,170,metno_forecast,10.4,metno_forecast,,,1012.4,metno_forecast,7,metno_forecast,3,metno_forecast
2026,5,2,2,10.5,metno_forecast,81,metno_forecast,0.0,metno_forecast,298,metno_forecast,6.1,metno_forecast,,,1013.0,metno_forecast,6,metno_forecast,3,metno_forecast
2026,5,2,3,10.5,metno_forecast,84,metno_forecast,0.0,metno_forecast,243,metno_forecast,3.2,metno_forecast,,,1013.1,metno_forecast,5,metno_forecast,3,metno_forecast
2026,5,2,4,9.8,metno_forecast,84,metno_forecast,0.1,metno_forecast,222,metno_forecast,2.9,metno_forecast,,,1012.8,metno_forecast,8,metno_forecast,17,metno_forecast
2026,5,2,5,10.2,metno_forecast,86,metno_forecast,0.0,metno_forecast,237,metno_forecast,4.0,metno_forecast,,,1012.8,metno_forecast,8,metno_forecast,3,metno_forecast
2026,5,2,6,10.2,metno_forecast,84,metno_forecast,0.2,metno_forecast,283,metno_forecast,4.0,metno_forecast,,,1012.5,metno_forecast,7,metno_forecast,7,metno_forecast
2026,5,2,7,9.4,metno_forecast,87,metno_forecast,0.2,metno_forecast,213,metno_forecast,2.2,metno_forecast,,,1012.3,metno_forecast,8,metno_forecast,17,metno_forecast
2026,5,2,8,9.7,metno_forecast,89,metno_forecast,1.0,metno_forecast,120,metno_forecast,3.2,metno_forecast,,,1012.6,metno_forecast,8,metno_forecast,9,metno_forecast
2026,5,2,9,9.3,metno_forecast,91,metno_forecast,1.2,metno_forecast,114,metno_forecast,6.5,metno_forecast,,,1012.4,metno_forecast,8,metno_forecast,9,metno_forecast
2026,5,2,10,8.7,metno_forecast,93,metno_forecast,0.0,metno_forecast,158,metno_forecast,5.8,metno_forecast,,,1012.3,metno_forecast,8,metno_forecast,3,metno_forecast
2026,5,2,11,9.2,metno_forecast,92,metno_forecast,0.0,metno_forecast,217,metno_forecast,5.0,metno_forecast,,,1012.6,metno_forecast,8,metno_forecast,3,metno_forecast
2026,5,2,12,9.9,metno_forecast,88,metno_forecast,0.0,metno_forecast,281,metno_forecast,4.0,metno_forecast,,,1012.7,metno_forecast,8,metno_forecast,3,metno_forecast
2026,5,2,13,11.2,metno_forecast,78,metno_forecast,0.1,metno_forecast,302,metno_forecast,7.6,metno_forecast,,,1012.9,metno_forecast,8,metno_forecast,7,metno_forecast
2026,5,2,14,12.0,metno_forecast,76,metno_forecast,0.0,metno_forecast,322,metno_forecast,10.1,metno_forecast,,,1013.2,metno_forecast,7,metno_forecast,3,metno_forecast
2026,5,2,15,12.4,metno_forecast,69,metno_forecast,0.0,metno_forecast,328,metno_forecast,12.2,metno_forecast,,,1013.0,metno_forecast,8,metno_forecast,3,metno_forecast
2026,5,2,16,13.3,metar,51,metar,0.0,metno_forecast,322,metno_forecast,11.9,metno_forecast,,,,,6,metar,3,metno_forecast
2026,5,2,17,15.6,metar,40,metar,0.0,metno_forecast,300,metar,5.0,metar,,,,,8,metno_forecast,3,metno_forecast
2026,5,2,18,15.0,metar,41,metar,0.0,metno_forecast,0,metar,0.0,metar,,,,,6,metar,3,metno_forecast
2026,5,2,19,15.0,metar,32,metar,0.0,metno_forecast,300,metar,8.0,metar,,,,,6,metar,3,metno_forecast
2026,5,2,20,15.0,metar,31,metar,0.0,metno_forecast,0,metar,0.0,metar,,,,,6,metar,3,metno_forecast
2026,5,2,21,15.6,metar,28,metar,0.0,metno_forecast,0,metar,0.0,metar,,,,,8,metar,3,metno_forecast
2026,5,2,22,15.0,metar,28,metar,0.0,metno_forecast,340,metar,7.0,metar,,,,,8,metar,3,metno_forecast
2026,5,2,23,13.9,metar,30,metar,0.0,metno_forecast,341,metno_forecast,4.0,metar,,,,,8,metar,3,metno_forecast
2026,5,3,0,13.3,metar,30,metar,0.0,metno_forecast,339,metno_forecast,14.0,metno_forecast,,,,,8,metar,3,metno_forecast
2026,5,3,1,12.2,metar,32,metar,0.0,metno_forecast,340,metno_forecast,3.0,metar,,,,,6,metar,3,metno_forecast
2026,5,3,2,11.7,metar,33,metar,0.0,metno_forecast,342,metno_forecast,3.0,metar,,,,,8,metar,3,metno_forecast
2026,5,3,3,11.7,metar,32,metar,0.0,metno_forecast,343,metno_forecast,13.0,metno_forecast,,,,,8,metar,3,metno_forecast
2026,5,3,4,10.6,metar,39,metar,0.0,metno_forecast,360,metar,4.0,metar,,,,,8,metar,3,metno_forecast
2026,5,3,5,10.0,metar,41,metar,0.0,metno_forecast,338,metno_forecast,4.0,metar,,,,,8,metar,3,metno_forecast
2026,5,3,6,9.4,metar,42,metar,0.0,metno_forecast,341,metno_forecast,6.0,metar,,,,,8,metar,3,metno_forecast
2026,5,3,7,8.3,metar,49,metar,0.0,metno_forecast,340,metno_forecast,10.8,metno_forecast,,,,,6,metar,1,metno_forecast
2026,5,3,8,7.8,metar,49,metar,0.0,metno_forecast,327,metno_forecast,10.4,metno_forecast,,,,,8,metar,1,metno_forecast
2026,5,3,9,7.8,metar,47,metar,0.0,metno_forecast,320,metno_forecast,11.5,metno_forecast,,,,,2,metar,1,metno_forecast
2026,5,3,10,7.2,metar,49,metar,0.0,metno_forecast,317,metno_forecast,12.2,metno_forecast,,,,,2,metar,1,metno_forecast
2026,5,3,11,7.8,metar,47,metar,0.0,metno_forecast,310,metno_forecast,12.2,metno_forecast,,,,,8,metar,1,metno_forecast
2026,5,3,12,8.0,metar,46,metar,0.0,metno_forecast,300,metar,5.0,metar,19.0,metar,,,2,metar,1,metno_forecast
2026,5,3,13,10.0,metar,41,metar,0.0,metno_forecast,350,metar,8.0,metar,,,,,2,metar,1,metno_forecast
2026,5,3,14,11.1,metar,32,metar,0.0,metno_forecast,300,metar,9.0,metar,25.0,metar,,,2,metar,1,metno_forecast
2026,5,3,15,12.8,metar,26,metar,0.0,metno_forecast,300,metar,12.0,metar,18.0,metar,,,6,metar,1,metno_forecast
2026,5,3,16,11.1,metno_forecast,36,metno_forecast,0.0,metno_forecast,309,metno_forecast,22.3,metno_forecast,,,1012.0,metno_forecast,8,metno_forecast,3,metno_forecast
2026,5,3,17,11.2,metno_forecast,37,metno_forecast,0.0,metno_forecast,306,metno_forecast,22.7,metno_forecast,,,1011.9,metno_forecast,7,metno_forecast,3,metno_forecast
2026,5,3,18,12.2,metno_forecast,34,metno_forecast,0.0,metno_forecast,302,metno_forecast,23.8,metno_forecast,,,1011.7,metno_forecast,6,metno_forecast,3,metno_forecast
2026,5,3,19,12.9,metno_forecast,31,metno_forecast,0.0,metno_forecast,301,metno_forecast,24.5,metno_forecast,,,1011.4,metno_forecast,8,metno_forecast,3,metno_forecast
2026,5,3,20,15.0,metar,24,metar,0.0,metno_forecast,270,metar,8.0,metar,21.0,metar,,,2,metar,3,metno_forecast
2026,5,3,21,15.0,metar,22,metar,0.0,metno_forecast,300,metno_forecast,6.0,metar,18.0,metar,,,2,metar,3,metno_forecast
2026,5,3,22,15.0,metar,24,metar,0.0,metno_forecast,310,metar,7.0,metar,,,,,5,metno_forecast,3,metno_forecast
2026,5,3,23,14.4,metar,26,metar,0.0,metno_forecast,307,metno_forecast,16.6,metno_forecast,,,,,4,metar,3,metno_forecast
2026,5,4,0,13.3,metar,29,metar,0.0,metno_forecast,0,metar,0.0,metar,,,,,0,metno_forecast,1,metno_forecast
2026,5,4,1,12.2,metar,32,metar,0.0,metno_forecast,249,metno_forecast,4.0,metar,,,,,0,metno_forecast,1,metno_forecast
2026,5,4,2,13.3,metar,33,metar,0.0,metno_forecast,240,metar,6.0,metar,16.0,metar,,,0,metno_forecast,1,metno_forecast
2026,5,4,3,12.8,metar,37,metar,0.0,metno_forecast,229,metno_forecast,6.0,metar,,,,,0,metno_forecast,1,metno_forecast
2026,5,4,4,12.2,metar,38,metar,0.0,metno_forecast,233,metno_forecast,4.0,metar,,,,,0,metno_forecast,1,metno_forecast
2026,5,4,5,12.2,metar,38,metar,0.0,metno_forecast,246,metno_forecast,5.0,metar,,,,,0,metno_forecast,1,metno_forecast
2026,5,4,6,11.1,metar,43,metar,0.0,metno_forecast,250,metno_forecast,3.0,metar,,,,,0,metno_forecast,1,metno_forecast
2026,5,4,7,11.7,metar,39,metar,0.0,metno_forecast,270,metar,3.0,metar,,,,,0,metno_forecast,1,metno_forecast
2026,5,4,8,11.1,metar,43,metar,0.0,metno_forecast,247,metno_forecast,3.0,metar,,,,,0,metno_forecast,1,metno_forecast
2026,5,4,9,10.6,metar,48,metar,0.0,metno_forecast,243,metno_forecast,4.0,metar,,,,,0,metno_forecast,1,metno_forecast
2026,5,4,10,10.6,metar,46,metar,0.0,metno_forecast,237,metno_forecast,6.0,metar,,,,,0,metno_forecast,1,metno_forecast
2026,5,4,11,11.1,metar,54,metar,0.0,metno_forecast,233,metno_forecast,3.0,metar,15.0,metar,,,0,metno_forecast,1,metno_forecast
2026,5,4,12,13.3,metar,49,metar,0.0,metno_forecast,240,metar,10.0,metar,15.0,metar,,,0,metno_forecast,1,metno_forecast
2026,5,4,13,16.1,metar,42,metar,0.0,metno_forecast,218,metno_forecast,10.4,metno_forecast,,,,,0,metno_forecast,1,metno_forecast
2026,5,4,14,17.8,metar,35,metar,0.0,metno_forecast,213,metno_forecast,3.0,metar,,,,,0,metno_forecast,1,metno_forecast
2026,5,4,15,19.4,metar,32,metar,0.0,metno_forecast,0,metar,0.0,metar,,,,,1,metno_forecast,1,metno_forecast
2026,5,4,16,20.6,metar,30,metar,0.0,metno_forecast,231,metno_forecast,3.0,metar,,,,,0,metno_forecast,1,metno_forecast
2026,5,4,17,21.7,metar,28,metar,0.0,metno_forecast,237,metno_forecast,4.0,metar,,,,,0,metno_forecast,1,metno_forecast
2026,5,4,18,21.7,metar,28,metar,0.0,metno_forecast,251,metno_forecast,21.2,metno_forecast,,,,,5,metno_forecast,1,metno_forecast
2026,5,4,19,21.7,metar,28,metar,0.0,metno_forecast,252,metno_forecast,20.9,metno_forecast,,,,,1,metno_forecast,3,metno_forecast
2026,5,4,20,22.2,metar,30,metar,0.0,metno_forecast,255,metno_forecast,3.0,metar,,,,,6,metno_forecast,2,metno_forecast
2026,5,4,21,20.0,metar,42,metar,0.0,metno_forecast,254,metno_forecast,17.3,metno_forecast,,,,,2,metar,3,metno_forecast
2026,5,4,22,18.9,metar,47,metar,0.0,metno_forecast,250,metno_forecast,18.7,metno_forecast,,,,,5,metno_forecast,2,metno_forecast
2026,5,4,23,17.8,metar,50,metar,0.0,metno_forecast,150,metar,3.0,metar,,,,,0,metno_forecast,3,metno_forecast
2026,5,5,0,17.2,metar,54,metar,0.0,metno_forecast,151,metno_forecast,3.0,metar,,,,,0,metno_forecast,1,metno_forecast
2026,5,5,1,17.8,metar,46,metar,0.0,metno_forecast,190,metar,5.0,metar,,,,,0,metno_forecast,1,metno_forecast
2026,5,5,2,17.8,metar,45,metar,0.0,metno_forecast,197,metno_forecast,4.0,metar,,,,,0,metno_forecast,1,metno_forecast
2026,5,5,3,16.7,metar,52,metar,0.0,metno_forecast,189,metno_forecast,3.0,metar,,,,,0,metno_forecast,1,metno_forecast
2026,5,5,4,16.7,metar,53,metar,0.0,metno_forecast,0,metar,0.0,metar,,,,,1,metno_forecast,1,metno_forecast
2026,5,5,5,16.1,metar,56,metar,0.0,metno_forecast,195,metno_forecast,3.0,metar,,,,,2,metno_forecast,1,metno_forecast
2026,5,5,6,16.1,metar,58,metar,0.0,metno_forecast,0,metar,0.0,metar,,,,,1,metno_forecast,2,metno_forecast
2026,5,5,7,15.0,metar,64,metar,0.0,metno_forecast,214,metno_forecast,14.4,metno_forecast,,,,,2,metno_forecast,2,metno_forecast
2026,5,5,8,15.0,metar,67,metar,0.0,metno_forecast,208,metno_forecast,14.0,metno_forecast,,,,,1,metno_forecast,2,metno_forecast
2026,5,5,9,15.0,metar,67,metar,0.0,metno_forecast,220,metar,4.0,metar,,,,,0,metno_forecast,1,metno_forecast
2026,5,5,10,15.6,metar,67,metar,0.0,metno_forecast,221,metno_forecast,4.0,metar,,,,,6,metar,1,metno_forecast
2026,5,5,11,17.2,metar,60,metar,0.0,metno_forecast,219,metno_forecast,5.0,metar,,,,,7,metno_forecast,2,metno_forecast
2026,5,5,12,18.9,metar,56,metar,0.0,metno_forecast,0,metar,0.0,metar,,,,,2,metno_forecast,3,metno_forecast
2026,5,5,13,20.6,metar,53,metar,0.0,metno_forecast,240,metar,5.0,metar,,,,,4,metno_forecast,2,metno_forecast
2026,5,5,14,22.2,metar,48,metar,0.0,metno_forecast,212,metno_forecast,14.4,metno_forecast,,,,,1,metno_forecast,3,metno_forecast
2026,5,5,15,24.4,metar,42,metar,0.0,metno_forecast,0,metar,0.0,metar,,,,,3,metno_forecast,2,metno_forecast
2026,5,5,16,25.6,metar,39,metar,0.0,metno_forecast,226,metno_forecast,4.0,metar,15.0,metar,,,3,metno_forecast,2,metno_forecast
2026,5,5,17,25.6,metar,42,metar,0.0,metno_forecast,228,metno_forecast,6.0,metar,,,,,5,metno_forecast,2,metno_forecast
2026,5,5,18,25.6,metar,40,metar,0.0,metno_forecast,199,metno_forecast,22.7,metno_forecast,,,,,1,metno_forecast,3,metno_forecast
2026,5,5,19,26.1,metar,38,metar,0.0,metno_forecast,200,metno_forecast,3.0,metar,,,,,0,metno_forecast,1,metno_forecast
2026,5,5,20,26.7,metar,31,metar,0.0,metno_forecast,199,metno_forecast,27.0,metno_forecast,,,,,7,metno_forecast,1,metno_forecast
2026,5,5,21,26.7,metar,30,metar,0.0,metno_forecast,180,metar,5.0,metar,23.0,metar,,,5,metno_forecast,3,metno_forecast
2026,5,5,22,24.4,metar,39,metar,0.0,metno_forecast,191,metno_forecast,3.0,metar,,,,,8,metno_forecast,3,metno_forecast
2026,5,5,23,22.2,metar,48,metar,0.0,metno_forecast,182,metno_forecast,19.8,metno_forecast,,,,,8,metno_forecast,3,metno_forecast
2026,5,6,0,21.1,metar,51,metar,0.0,metno_forecast,186,metno_forecast,4.0,metar,,,,,8,metno_forecast,3,metno_forecast
2026,5,6,1,20.6,metar,54,metar,0.0,metno_forecast,196,metno_forecast,3.0,metar,,,,,8,metno_forecast,3,metno_forecast
2026,5,6,2,20.6,metar,53,metar,0.0,metno_forecast,193,metno_forecast,20.9,metno_forecast,,,,,8,metno_forecast,3,metno_forecast
2026,5,6,3,19.4,metar,59,metar,0.0,metno_forecast,199,metno_forecast,4.0,metar,,,,,8,metno_forecast,3,metno_forecast
2026,5,6,4,19.4,metar,61,metar,0.0,metno_forecast,208,metno_forecast,3.0,metar,,,,,8,metno_forecast,3,metno_forecast
2026,5,6,5,18.9,metar,65,metar,0.0,metno_forecast,190,metar,5.0,metar,,,,,6,metno_forecast,3,metno_forecast
2026,5,6,6,17.8,metar,70,metar,0.0,metno_forecast,0,metar,0.0,metar,,,,,3,metno_forecast,3,metno_forecast
2026,5,6,7,17.2,metar,75,metar,0.0,metno_forecast,206,metno_forecast,3.0,metar,,,,,1,metno_forecast,3,metno_forecast
2026,5,6,8,17.2,metar,75,metar,0.0,metno_forecast,199,metno_forecast,3.0,metar,,,,,3,metno_forecast,1,metno_forecast
2026,5,6,9,16.7,metar,78,metar,0.0,metno_forecast,200,metno_forecast,3.0,metar,,,,,7,metno_forecast,2,metno_forecast
2026,5,6,10,17.2,metar,78,metar,0.0,metno_forecast,202,metno_forecast,3.0,metar,,,,,8,metno_forecast,3,metno_forecast
2026,5,6,11,18.3,metar,73,metar,0.0,metno_forecast,201,metno_forecast,3.0,metar,,,,,8,metno_forecast,3,metno_forecast
2026,5,6,12,19.4,metar,68,metar,0.0,metno_forecast,190,metno_forecast,4.0,metar,,,,,8,metno_forecast,3,metno_forecast
2026,5,6,13,20.0,metar,63,metar,0.0,metno_forecast,193,metno_forecast,4.0,metar,,,,,8,metno_forecast,3,metno_forecast
2026,5,6,14,21.7,metar,59,metar,0.0,metno_forecast,194,metno_forecast,19.8,metno_forecast,,,,,2,metar,3,metno_forecast
2026,5,6,15,21.1,metar,61,metar,0.0,metar,201,metno_forecast,3.0,metar,17.0,metar,,,2,metar,3,metno_forecast
2026,5,6,16,17.2,metar,90,metar,0.0,metar,206,metno_forecast,6.0,metar,,,,,2,metar,3,metno_forecast
2026,5,6,17,18.3,metar,87,metar,0.0,metar,160,metar,4.0,metar,,,,,2,metar,8,metno_forecast
2026,5,6,18,17.2,metar,84,metar,0.0,metar,204,metno_forecast,3.0,metar,,,,,2,metar,8,metno_forecast
2026,5,6,19,16.7,metar,90,metar,0.0,metar,180,metar,3.0,metar,,,,,2,metar,5,metar
2026,5,6,20,16.7,metar,96,metar,0.0,metar,0,metar,0.0,metar,,,,,4,metar,5,metar
2026,5,6,21,17.8,metar,84,metar,0.0,metno_forecast,220,metno_forecast,3.0,metar,,,,,6,metar,3,metno_forecast
2026,5,6,22,18.3,metar,81,metar,0.0,metno_forecast,228,metno_forecast,16.2,metno_forecast,,,,,6,metar,3,metno_forecast
2026,5,6,23,18.3,metar,81,metar,0.0,metno_forecast,209,metno_forecast,3.0,metar,,,,,4,metar,3,metno_forecast
2026,5,7,0,18.3,metar,81,metar,0.5,metno_forecast,207,metno_forecast,5.0,metar,,,,,6,metar,8,metno_forecast
2026,5,7,1,17.2,metar,93,metar,0.0,metar,210,metar,5.0,metar,,,,,6,metar,3,metno_forecast
2026,5,7,2,16.7,metar,96,metar,0.1,metar,300,metar,5.0,metar,,,,,4,metar,3,metno_forecast
2026,5,7,3,13.3,metar,87,metar,0.1,metno_forecast,327,metno_forecast,5.0,metar,,,,,2,metar,7,metno_forecast
2026,5,7,4,12.8,metar,86,metar,0.0,metno_forecast,290,metar,4.0,metar,,,,,8,metar,3,metno_forecast
2026,5,7,5,11.1,metar,93,metar,0.0,metar,324,metno_forecast,5.0,metar,,,,,6,metar,3,metno_forecast
2026,5,7,6,10.6,metar,89,metar,0.1,metar,320,metno_forecast,6.0,metar,,,,,6,metar,2,metno_forecast
2026,5,7,7,10.0,metar,93,metar,0.0,metar,326,metno_forecast,5.0,metar,,,,,6,metar,3,metno_forecast
2026,5,7,8,9.4,metar,93,metar,0.0,metar,322,metno_forecast,5.0,metar,,,,,6,metar,3,metno_forecast
2026,5,7,9,9.4,metar,90,metar,0.0,metar,320,metno_forecast,5.0,metar,,,,,6,metar,3,metno_forecast
2026,5,7,10,9.4,metar,86,metar,0.0,metno_forecast,290,metar,5.0,metar,,,,,8,metar,3,metno_forecast
2026,5,7,11,10.0,metar,80,metar,0.0,metno_forecast,328,metno_forecast,13.0,metno_forecast,,,,,8,metar,3,metno_forecast
2026,5,7,12,10.6,metar,77,metar,0.0,metno_forecast,336,metno_forecast,12.2,metno_forecast,,,,,6,metar,3,metno_forecast
2026,5,7,13,12.2,metar,59,metar,0.0,metno_forecast,338,metno_forecast,4.0,metar,,,,,2,metar,2,metno_forecast
2026,5,7,14,12.4,metno_forecast,51,metno_forecast,0.0,metno_forecast,338,metno_forecast,10.8,metno_forecast,,,1011.6,metno_forecast,0,metno_forecast,1,metno_forecast
2026,5,7,15,15.6,metar,33,metar,0.0,metno_forecast,342,metno_forecast,11.5,metno_forecast,,,,,0,metno_forecast,1,metno_forecast
2026,5,7,16,15.6,metar,31,metar,0.0,metno_forecast,0,metar,0.0,metar,,,,,2,metar,1,metno_forecast
2026,5,7,17,16.7,metar,31,metar,0.0,metno_forecast,347,metno_forecast,6.0,metar,,,,,0,metno_forecast,1,metno_forecast
2026,5,7,18,17.2,metar,30,metar,0.0,metno_forecast,350,metar,4.0,metar,,,,,5,metno_forecast,1,metno_forecast
2026,5,7,19,17.2,metar,29,metar,0.0,metno_forecast,317,metno_forecast,6.0,metar,,,,,2,metar,3,metno_forecast
2026,5,7,20,17.2,metar,30,metar,0.0,metno_forecast,0,metar,0.0,metar,,,,,8,metar,3,metno_forecast
2026,5,7,21,17.2,metar,28,metar,0.0,metno_forecast,290,metar,4.0,metar,,,,,2,metar,3,metno_forecast
2026,5,7,22,16.7,metar,27,metar,0.0,metno_forecast,328,metno_forecast,5.0,metar,,,,,2,metar,2,metno_forecast
2026,5,7,23,15.0,metar,32,metar,0.0,metno_forecast,346,metno_forecast,14.8,metno_forecast,,,,,2,metno_forecast,3,metno_forecast
2026,5,8,0,15.0,metar,31,metar,0.0,metno_forecast,0,metar,0.0,metar,,,,,3,metno_forecast,2,metno_forecast
2026,5,8,1,14.4,metar,33,metar,0.0,metno_forecast,30,metar,4.0,metar,,,,,1,metno_forecast,3,metno_forecast
2026,5,8,2,13.3,metar,40,metar,0.0,metno_forecast,40,metar,4.0,metar,,,,,1,metno_forecast,2,metno_forecast
2026,5,8,3,12.8,metar,45,metar,0.0,metno_forecast,0,metar,0.0,metar,,,,,6,metar,2,metno_forecast
2026,5,8,4,12.2,metar,49,metar,0.0,metno_forecast,60,metar,7.0,metar,,,,,8,metar,2,metno_forecast
2026,5,8,5,12.2,metar,49,metar,0.0,metno_forecast,20,metar,3.0,metar,,,,,4,metar,3,metno_forecast
2026,5,8,6,10.6,metar,54,metar,0.0,metar,309,metno_forecast,4.0,metar,,,,,2,metar,8,metno_forecast
2026,5,8,7,9.4,metar,63,metar,0.0,metno_forecast,324,metno_forecast,5.0,metar,,,,,2,metar,3,metno_forecast
2026,5,8,8,9.4,metar,69,metar,0.0,metar,335,metno_forecast,3.0,metar,,,,,6,metar,3,metno_forecast
2026,5,8,9,7.8,metar,79,metar,0.0,metar,300,metar,3.0,metar,,,,,2,metar,2,metno_forecast
2026,5,8,10,9.4,metar,69,metar,0.0,metno_forecast,309,metno_forecast,4.0,metar,,,,,0,metno_forecast,1,metno_forecast
2026,5,8,11,10.0,metar,66,metar,0.0,metno_forecast,300,metno_forecast,5.0,metar,,,,,0,metno_forecast,1,metno_forecast
2026,5,8,12,11.1,metar,54,metar,0.0,metno_forecast,294,metno_forecast,3.0,metar,,,,,0,metno_forecast,1,metno_forecast
2026,5,8,13,12.8,metar,51,metar,0.0,metno_forecast,303,metno_forecast,11.9,metno_forecast,,,,,0,metno_forecast,1,metno_forecast
2026,5,8,14,13.9,metar,39,metar,0.0,metno_forecast,0,metar,0.0,metar,,,,,6,metar,1,metno_forecast
2026,5,8,15,14.4,metar,36,metar,0.0,metno_forecast,300,metar,7.0,metar,,,,,6,metar,1,metno_forecast
2026,5,8,16,15.6,metar,37,metar,0.0,metno_forecast,260,metar,7.0,metar,21.0,metar,,,4,metar,1,metno_forecast
2026,5,8,17,15.6,metar,35,metar,0.0,metno_forecast,290,metar,7.0,metar,19.0,metar,,,2,metar,3,metno_forecast
2026,5,8,18,15.6,metar,35,metar,0.0,metno_forecast,260,metno_forecast,23.4,metno_forecast,,,,,6,metar,3,metno_forecast
2026,5,8,19,14.4,metar,46,metar,0.0,metar,272,metno_forecast,5.0,metar,19.0,metar,,,6,metar,3,metno_forecast
2026,5,8,20,15.0,metar,47,metar,0.0,metar,0,metar,0.0,metar,,,,,2,metar,3,metno_forecast
2026,5,8,21,15.0,metar,45,metar,0.0,metno_forecast,283,metno_forecast,3.0,metar,,,,,2,metar,3,metno_forecast
2026,5,8,22,15.0,metar,47,metar,0.0,metno_forecast,0,metar,0.0,metar,,,,,6,metar,3,metno_forecast
2026,5,8,23,13.3,metar,53,metar,0.0,metno_forecast,0,metar,0.0,metar,,,,,4,metar,2,metno_forecast
2026,5,9,0,13.3,metar,57,metar,0.0,metno_forecast,0,metar,0.0,metar,,,,,6,metar,3,metno_forecast
2026,5,9,1,13.9,metar,55,metar,0.0,metno_forecast,14,metno_forecast,4.0,metar,,,,,6,metar,3,metno_forecast
2026,5,9,2,13.9,metar,55,metar,0.0,metno_forecast,39,metno_forecast,4.0,metar,,,,,6,metar,2,metno_forecast
2026,5,9,3,12.8,metar,59,metar,0.0,metno_forecast,0,metar,0.0,metar,,,,,2,metar,3,metno_forecast
2026,5,9,4,12.8,metar,62,metar,0.0,metno_forecast,30,metar,4.0,metar,,,,,4,metar,3,metno_forecast
2026,5,9,5,12.8,metar,66,metar,0.0,metar,40,metar,3.0,metar,,,,,8,metar,3,metno_forecast
2026,5,9,6,13.3,metar,62,metar,0.0,metno_forecast,100,metar,5.0,metar,,,,,8,metar,3,metno_forecast
2026,5,9,7,13.3,metar,62,metar,0.0,metno_forecast,0,metar,0.0,metar,,,,,6,metar,3,metno_forecast
2026,5,9,8,12.2,metar,74,metar,0.0,metno_forecast,0,metar,0.0,metar,,,,,6,metar,3,metno_forecast
2026,5,9,9,12.2,metar,77,metar,0.0,metno_forecast,40,metar,3.0,metar,,,,,8,metar,3,metno_forecast
2026,5,9,10,12.2,metar,80,metar,0.0,metno_forecast,40,metar,5.0,metar,,,,,8,metar,3,metno_forecast
2026,5,9,11,12.8,metar,77,metar,0.0,metno_forecast,60,metar,3.0,metar,,,,,8,metar,3,metno_forecast
2026,5,9,12,14.4,metar,72,metar,0.0,metar,138,metno_forecast,3.0,metar,,,,,8,metar,3,metno_forecast
2026,5,9,13,15.6,metar,64,metar,0.0,metno_forecast,0,metar,0.0,metar,,,,,8,metar,3,metno_forecast
2026,5,9,14,16.7,metar,62,metar,0.0,metno_forecast,182,metno_forecast,5.0,metar,,,,,4,metar,3,metno_forecast
2026,5,9,15,16.7,metar,65,metar,0.0,metar,173,metno_forecast,3.0,metar,,,,,2,metar,3,metno_forecast
2026,5,9,16,18.3,metar,61,metar,0.0,metar,0,metar,0.0,metar,,,,,6,metar,3,metno_forecast
2026,5,9,17,16.7,metar,72,metar,0.7,metno_forecast,0,metar,0.0,metar,,,,,2,metar,8,metno_forecast
2026,5,9,18,14.0,metar,94,metar,0.0,metar,260,metar,6.0,metar,,,,,2,metar,8,metar
2026,5,9,19,14.4,metar,93,metar,0.0,metar,50,metar,5.0,metar,,,,,2,metar,5,metar
2026,5,9,20,13.9,metar,93,metar,0.0,metar,0,metar,0.0,metar,,,,,2,metar,8,metar
2026,5,9,21,13.3,metar,97,metar,0.0,metar,50,metar,4.0,metar,,,,,4,metar,5,metar
2026,5,9,22,12.8,metar,96,metar,0.1,metar,0,metar,0.0,metar,,,,,6,metar,8,metar
2026,5,9,23,12.8,metar,96,metar,0.6,metno_forecast,30,metar,5.0,metar,,,,,4,metar,5,metar
2026,5,10,0,12.2,metar,97,metar,0.0,metno_forecast,0,metar,0.0,metar,,,,,4,metar,5,metar
2026,5,10,1,11.7,metar,100,metar,0.0,metno_forecast,0,metar,0.0,metar,,,,,1,metno_forecast,5,metar
2026,5,10,2,11.7,metar,96,metar,0.0,metno_forecast,0,metar,0.0,metar,,,,,1,metno_forecast,5,metar
2026,5,10,3,11.7,metar,96,metar,0.0,metno_forecast,0,metar,0.0,metar,,,,,1,metno_forecast,5,metar
2026,5,10,4,11.7,metar,96,metar,0.0,metno_forecast,40,metar,3.0,metar,,,,,0,metno_forecast,5,metar
2026,5,10,5,11.7,metar,96,metar,0.0,metno_forecast,0,metar,0.0,metar,,,,,6,metar,5,metar
2026,5,10,6,11.7,metar,96,metar,0.0,metno_forecast,50,metar,5.0,metar,,,,,1,metno_forecast,5,metar
2026,5,10,7,11.7,metar,96,metar,0.0,metno_forecast,40,metar,3.0,metar,,,,,8,metar,5,metar
2026,5,10,8,11.7,metar,96,metar,0.0,metno_forecast,154,metno_forecast,3.0,metar,,,,,8,metar,5,metar
2026,5,10,9,11.7,metar,100,metar,0.0,metno_forecast,60,metar,4.0,metar,,,,,8,metar,5,metar
2026,5,10,10,11.7,metar,96,metar,0.0,metno_forecast,0,metar,0.0,metar,,,,,8,metar,5,metar
2026,5,10,11,11.7,metar,96,metar,0.0,metno_forecast,110,metar,6.0,metar,,,,,8,metar,5,metar
2026,5,10,12,12.2,metar,97,metar,0.0,metno_forecast,0,metar,0.0,metar,,,,,8,metar,5,metar
2026,5,10,13,13.3,metar,97,metar,0.0,metno_forecast,70,metar,3.0,metar,,,,,8,metar,5,metar
2026,5,10,14,15.6,metar,78,metar,0.0,metno_forecast,0,metar,0.0,metar,,,,,8,metar,5,metar
2026,5,10,15,16.1,metar,81,metar,0.0,metno_forecast,0,metar,0.0,metar,,,,,2,metar,5,metar
2026,5,10,16,19.4,metar,68,metar,0.0,metno_forecast,0,metar,0.0,metar,,,,,3,metno_forecast,5,metar
2026,5,10,17,20.0,metar,65,metar,0.0,metno_forecast,0,metar,0.0,metar,,,,,2,metar,5,metar
2026,5,10,18,21.7,metar,61,metar,0.0,metno_forecast,258,metno_forecast,3.0,metar,,,,,4,metar,5,metar
2026,5,10,19,22.2,metar,57,metar,0.0,metno_forecast,242,metno_forecast,4.0,metar,,,,,2,metar,3,metno_forecast
2026,5,10,20,21.1,metar,57,metar,1.7,metno_forecast,279,metno_forecast,4.0,metar,,,,,2,metar,18,metno_forecast
2026,5,10,21,17.8,metar,78,metar,0.0,metar,0,metar,0.0,metar,,,,,2,metar,5,metar
2026,5,10,22,17.2,metar,84,metar,0.0,metar,210,metar,4.0,metar,,,,,8,metar,3,metno_forecast
2026,5,10,23,18.3,metar,65,metar,0.0,metno_forecast,321,metno_forecast,3.0,metar,,,,,8,metar,3,metno_forecast
2026,5,11,0,18.3,metar,63,metar,0.0,metno_forecast,0,metar,0.0,metar,,,,,6,metar,3,metno_forecast
2026,5,11,1,18.3,metar,61,metar,0.0,metno_forecast,220,metar,4.0,metar,,,,,8,metar,3,metno_forecast
2026,5,11,2,16.7,metar,80,metar,0.0,metar,337,metno_forecast,3.0,metar,,,,,8,metar,3,metno_forecast
2026,5,11,3,16.7,metar,84,metar,0.0,metar,0,metar,0.0,metar,,,,,8,metar,7,metno_forecast
2026,5,11,4,15.6,metar,69,metar,0.0,metno_forecast,30,metar,8.0,metar,18.0,metar,,,2,metar,3,metno_forecast
2026,5,11,5,13.9,metar,45,metar,0.0,metno_forecast,14,metno_forecast,4.0,metar,,,,,8,metar,3,metno_forecast
2026,5,11,6,12.8,metar,38,metar,0.1,metno_forecast,14,metno_forecast,6.0,metar,16.0,metar,,,8,metar,7,metno_forecast
2026,5,11,7,12.2,metar,35,metar,0.0,metno_forecast,30,metar,9.0,metar,,,,,6,metar,3,metno_forecast
2026,5,11,8,11.7,metar,38,metar,0.0,metno_forecast,7,metno_forecast,5.0,metar,,,,,8,metar,3,metno_forecast
2026,5,11,9,11.7,metar,38,metar,0.0,metno_forecast,8,metno_forecast,4.0,metar,,,,,8,metar,3,metno_forecast
2026,5,11,10,11.7,metar,38,metar,0.0,metno_forecast,7,metno_forecast,4.0,metar,,,,,4,metar,3,metno_forecast
2026,5,11,11,11.7,metar,35,metar,0.0,metno_forecast,50,metar,9.0,metar,16.0,metar,,,4,metar,3,metno_forecast
2026,5,11,12,12.2,metar,28,metar,0.0,metno_forecast,360,metar,8.0,metar,19.0,metar,,,2,metar,3,metno_forecast
2026,5,11,13,13.9,metar,33,metar,0.0,metno_forecast,50,metar,10.0,metar,16.0,metar,,,8,metno_forecast,3,metno_forecast
2026,5,11,14,13.3,metar,33,metar,0.0,metno_forecast,10,metar,7.0,metar,14.0,metar,,,2,metar,3,metno_forecast
2026,5,11,15,13.9,metar,27,metar,0.0,metno_forecast,19,metno_forecast,4.0,metar,,,,,8,metno_forecast,3,metno_forecast
2026,5,11,16,13.9,metar,33,metar,0.0,metno_forecast,8,metno_forecast,3.0,metar,,,,,8,metno_forecast,3,metno_forecast
2026,5,11,17,14.4,metar,30,metar,0.0,metno_forecast,358,metno_forecast,3.0,metar,,,,,8,metno_forecast,3,metno_forecast
2026,5,11,18,14.4,metar,29,metar,0.0,metno_forecast,340,metno_forecast,5.0,metar,,,,,8,metno_forecast,3,metno_forecast
2026,5,11,19,15.0,metar,29,metar,0.0,metno_forecast,316,metno_forecast,3.0,metar,,,,,8,metno_forecast,3,metno_forecast
2026,5,11,20,15.0,metar,36,metar,0.0,metno_forecast,0,metar,0.0,metar,,,,,8,metno_forecast,3,metno_forecast
2026,5,11,21,15.6,metar,31,metar,0.0,metno_forecast,0,metar,0.0,metar,,,,,8,metno_forecast,3,metno_forecast
2026,5,11,22,15.0,metar,31,metar,0.0,metno_forecast,0,metar,0.0,metar,,,,,8,metno_forecast,3,metno_forecast
2026,5,11,23,13.3,metar,35,metar,0.0,metno_forecast,0,metar,0.0,metar,,,,,0,metno_forecast,3,metno_forecast
2026,5,12,0,12.8,metar,37,metar,0.0,metno_forecast,230,metar,4.0,metar,,,,,0,metno_forecast,1,metno_forecast
2026,5,12,1,12.8,metar,38,metar,0.0,metno_forecast,210,metar,3.0,metar,,,,,2,metar,1,metno_forecast
2026,5,12,2,12.8,metar,41,metar,0.0,metno_forecast,0,metar,0.0,metar,,,,,6,metar,1,metno_forecast
2026,5,12,3,12.8,metar,47,metar,0.0,metno_forecast,347,metno_forecast,6.0,metar,,,,,6,metar,1,metno_forecast
2026,5,12,4,12.8,metar,47,metar,0.0,metno_forecast,50,metar,9.0,metar,17.0,metar,,,2,metar,2,metno_forecast
2026,5,12,5,10.6,metar,54,metar,0.0,metno_forecast,327,metno_forecast,3.0,metar,,,,,2,metar,1,metno_forecast
2026,5,12,6,10.6,metar,52,metar,0.0,metno_forecast,327,metno_forecast,3.0,metar,,,,,2,metar,2,metno_forecast
2026,5,12,7,9.4,metar,52,metar,0.0,metno_forecast,340,metno_forecast,5.0,metar,,,,,6,metar,2,metno_forecast
2026,5,12,8,8.3,metar,52,metar,0.0,metno_forecast,349,metno_forecast,3.0,metar,,,,,0,metno_forecast,1,metno_forecast
2026,5,12,9,8.3,metar,49,metar,0.0,metno_forecast,300,metar,6.0,metar,,,,,0,metno_forecast,1,metno_forecast
2026,5,12,10,8.3,metar,52,metar,0.0,metno_forecast,335,metno_forecast,4.0,metar,,,,,0,metno_forecast,1,metno_forecast
2026,5,12,11,8.9,metar,51,metar,0.0,metno_forecast,0,metar,0.0,metar,,,,,0,metno_forecast,1,metno_forecast
2026,5,12,12,11.1,metar,44,metar,0.0,metno_forecast,336,metno_forecast,3.0,metar,,,,,0,metno_forecast,1,metno_forecast
2026,5,12,13,12.2,metar,40,metar,0.0,metno_forecast,347,metno_forecast,4.0,metar,,,,,2,metar,1,metno_forecast
2026,5,12,14,13.9,metar,36,metar,0.0,metno_forecast,353,metno_forecast,10.4,metno_forecast,,,,,0,metno_forecast,1,metno_forecast
2026,5,12,15,16.1,metar,33,metar,0.0,metno_forecast,346,metno_forecast,4.0,metar,,,,,0,metno_forecast,1,metno_forecast
2026,5,12,16,16.7,metar,28,metar,0.0,metno_forecast,328,metno_forecast,4.0,metar,,,,,0,metno_forecast,1,metno_forecast
2026,5,12,17,17.2,metar,25,metar,0.0,metno_forecast,0,metar,0.0,metar,,,,,0,metno_forecast,1,metno_forecast
2026,5,12,18,17.8,metar,26,metar,0.0,metno_forecast,0,metar,0.0,metar,,,,,0,metno_forecast,1,metno_forecast
2026,5,12,19,18.3,metar,22,metar,0.0,metno_forecast,305,metno_forecast,9.4,metno_forecast,,,,,0,metno_forecast,1,metno_forecast
2026,5,12,20,18.3,metar,26,metar,0.0,metno_forecast,290,metno_forecast,3.0,metar,,,,,0,metno_forecast,1,metno_forecast
2026,5,12,21,16.1,metar,33,metar,0.0,metno_forecast,293,metno_forecast,6.0,metar,,,,,1,metno_forecast,1,metno_forecast
2026,5,12,22,14.4,metar,37,metar,0.0,metno_forecast,278,metno_forecast,4.0,metar,,,,,0,metno_forecast,2,metno_forecast
2026,5,12,23,13.3,metar,49,metar,0.0,metno_forecast,190,metno_forecast,4.0,metar,,,,,2,metno_forecast,1,metno_forecast
2026,5,13,0,12.2,metar,59,metar,0.0,metno_forecast,164,metno_forecast,12.6,metno_forecast,,,,,8,metno_forecast,2,metno_forecast
2026,5,13,1,12.2,metar,57,metar,0.0,metno_forecast,170,metno_forecast,3.0,metar,,,,,7,metno_forecast,3,metno_forecast
2026,5,13,2,12.2,metar,61,metar,0.0,metno_forecast,154,metno_forecast,6.0,metar,,,,,8,metno_forecast,3,metno_forecast
2026,5,13,3,11.7,metar,66,metar,0.0,metno_forecast,150,metno_forecast,3.0,metar,,,,,2,metno_forecast,3,metno_forecast
2026,5,13,4,12.2,metar,66,metar,0.0,metno_forecast,179,metno_forecast,5.0,metar,,,,,6,metno_forecast,2,metno_forecast
2026,5,13,5,12.2,metar,64,metar,0.0,metno_forecast,208,metno_forecast,4.0,metar,,,,,5,metno_forecast,3,metno_forecast
2026,5,13,6,12.2,metar,66,metar,0.0,metno_forecast,194,metno_forecast,3.0,metar,,,,,2,metar,3,metno_forecast
2026,5,13,7,12.8,metar,66,metar,0.0,metno_forecast,188,metno_forecast,10.1,metno_forecast,,,,,6,metar,3,metno_forecast
2026,5,13,8,12.8,metar,64,metar,0.0,metno_forecast,185,metno_forecast,3.0,metar,,,,,6,metar,3,metno_forecast
2026,5,13,9,12.8,metar,64,metar,0.0,metno_forecast,196,metno_forecast,4.0,metar,,,,,8,metar,3,metno_forecast
2026,5,13,10,12.8,metar,69,metar,0.0,metno_forecast,190,metno_forecast,3.0,metar,,,,,6,metar,3,metno_forecast
2026,5,13,11,13.3,metar,69,metar,0.0,metar,0,metar,0.0,metar,,,,,8,metar,3,metno_forecast
2026,5,13,12,13.9,metar,67,metar,0.0,metno_forecast,175,metno_forecast,3.0,metar,,,,,8,metar,3,metno_forecast
2026,5,13,13,17.2,metar,60,metar,0.0,metno_forecast,174,metno_forecast,10.8,metno_forecast,,,,,2,metar,3,metno_forecast
2026,5,13,14,18.9,metar,50,metar,0.0,metno_forecast,175,metno_forecast,6.0,metar,,,,,6,metno_forecast,3,metno_forecast
2026,5,13,15,20.0,metar,45,metar,0.0,metno_forecast,190,metar,4.0,metar,,,,,2,metar,3,metno_forecast
2026,5,13,16,21.1,metar,44,metar,0.0,metno_forecast,160,metar,4.0,metar,,,,,2,metar,3,metno_forecast
2026,5,13,17,22.2,metar,40,metar,0.0,metno_forecast,195,metno_forecast,23.4,metno_forecast,,,,,4,metar,3,metno_forecast
2026,5,13,18,20.0,metar,47,metar,0.0,metno_forecast,188,metno_forecast,5.0,metar,16.0,metar,,,6,metar,3,metno_forecast
2026,5,13,19,19.4,metar,49,metar,0.0,metar,176,metno_forecast,25.9,metno_forecast,,,,,2,metar,3,metno_forecast
2026,5,13,20,20.6,metar,39,metar,0.0,metar,165,metno_forecast,5.0,metar,18.0,metar,,,2,metar,3,metno_forecast
2026,5,13,21,18.9,metar,47,metar,0.0,metno_forecast,160,metno_forecast,5.0,metar,,,,,8,metno_forecast,3,metno_forecast
2026,5,13,22,17.8,metar,50,metar,0.0,metno_forecast,170,metno_forecast,3.0,metar,,,,,6,metar,3,metno_forecast
2026,5,13,23,16.7,metar,56,metar,0.0,metno_forecast,175,metno_forecast,22.7,metno_forecast,,,,,8,metar,3,metno_forecast
2026,5,14,0,16.1,metar,62,metar,0.0,metno_forecast,150,metar,7.0,metar,,,,,8,metar,3,metno_forecast
2026,5,14,1,15.6,metar,67,metar,0.0,metno_forecast,167,metno_forecast,3.0,metar,,,,,2,metar,3,metno_forecast
2026,5,14,2,15.0,metar,72,metar,0.0,metno_forecast,171,metno_forecast,19.1,metno_forecast,,,,,4,metar,3,metno_forecast
2026,5,14,3,13.9,metar,81,metar,0.0,metar,185,metno_forecast,5.0,metar,,,,,4,metar,3,metno_forecast
2026,5,14,4,13.9,metar,81,metar,1.6,metno_forecast,184,metno_forecast,4.0,metar,,,,,8,metar,9,metno_forecast
2026,5,14,5,13.9,metar,81,metar,1.4,metno_forecast,149,metno_forecast,3.0,metar,,,,,6,metar,9,metno_forecast
2026,5,14,6,13.3,metar,90,metar,0.0,metar,0,metar,0.0,metar,,,,,8,metar,9,metno_forecast
2026,5,14,7,12.8,metar,96,metar,0.0,metar,0,metar,0.0,metar,,,,,8,metar,17,metno_forecast
2026,5,14,8,12.8,metar,93,metar,0.0,metar,0,metar,0.0,metar,,,,,8,metno_forecast,8,metno_forecast
2026,5,14,9,12.8,metar,89,metar,0.4,metno_forecast,300,metar,4.0,metar,,,,,4,metno_forecast,8,metno_forecast
2026,5,14,10,13.3,metar,90,metar,0.0,metno_forecast,280,metar,5.0,metar,,,,,6,metar,3,metno_forecast
2026,5,14,11,13.3,metar,84,metar,0.0,metno_forecast,127,metno_forecast,4.0,metar,,,,,4,metar,3,metno_forecast
2026,5,14,12,13.9,metar,83,metar,0.0,metar,290,metar,4.0,metar,,,,,2,metar,3,metno_forecast
2026,5,14,13,14.4,metar,75,metar,0.0,metno_forecast,300,metar,7.0,metar,,,,,8,metno_forecast,3,metno_forecast
2026,5,14,14,15.0,metar,69,metar,0.2,metno_forecast,290,metar,5.0,metar,,,,,4,metar,7,metno_forecast
2026,5,14,15,15.6,metar,69,metar,2.1,metno_forecast,0,metar,0.0,metar,,,,,2,metar,9,metno_forecast
2026,5,14,16,16.1,metar,60,metar,1.0,metno_forecast,290,metno_forecast,4.0,metar,,,,,8,metar,9,metno_forecast
2026,5,14,17,17.8,metar,52,metar,1.9,metno_forecast,0,metar,0.0,metar,,,,,6,metar,9,metno_forecast
2026,5,14,18,17.2,metar,50,metar,0.3,metno_forecast,280,metar,5.0,metar,,,,,6,metar,8,metno_forecast
2026,5,14,19,18.3,metar,48,metar,0.0,metno_forecast,307,metno_forecast,4.0,metar,,,,,2,metar,3,metno_forecast
2026,5,14,20,18.3,metar,47,metar,0.0,metno_forecast,0,metar,0.0,metar,,,,,6,metar,2,metno_forecast
2026,5,14,21,17.8,metar,41,metar,0.0,metno_forecast,288,metno_forecast,3.0,metar,,,,,6,metar,3,metno_forecast
2026,5,14,22,16.1,metar,44,metar,0.8,metno_forecast,290,metar,7.0,metar,,,,,4,metar,8,metno_forecast
2026,5,14,23,16.1,metar,46,metar,0.5,metno_forecast,1,metno_forecast,3.0,metar,,,,,2,metar,17,metno_forecast
2026,5,15,0,15.0,metar,49,metar,0.3,metno_forecast,62,metno_forecast,7.2,metno_forecast,,,,,8,metar,17,metno_forecast
2026,5,15,1,14.4,metar,53,metar,0.0,metno_forecast,310,metno_forecast,3.0,metar,,,,,2,metar,3,metno_forecast
2026,5,15,2,13.3,metar,55,metar,0.0,metno_forecast,313,metno_forecast,6.0,metar,17.0,metar,,,6,metar,1,metno_forecast
2026,5,15,3,12.8,metar,59,metar,0.0,metno_forecast,310,metar,6.0,metar,,,,,6,metar,2,metno_forecast
2026,5,15,4,11.7,metar,63,metar,0.0,metno_forecast,310,metno_forecast,4.0,metar,,,,,0,metno_forecast,1,metno_forecast
2026,5,15,5,11.1,metar,66,metar,0.0,metno_forecast,311,metno_forecast,10.8,metno_forecast,,,,,2,metar,1,metno_forecast
2026,5,15,6,10.6,metar,68,metar,0.0,metno_forecast,306,metno_forecast,3.0,metar,,,,,8,metar,1,metno_forecast
2026,5,15,7,10.6,metar,71,metar,0.0,metno_forecast,280,metar,6.0,metar,,,,,4,metar,2,metno_forecast
2026,5,15,8,10.6,metar,71,metar,0.0,metno_forecast,280,metar,4.0,metar,,,,,8,metar,3,metno_forecast
2026,5,15,9,10.6,metar,71,metar,0.0,metno_forecast,310,metar,6.0,metar,,,,,4,metar,2,metno_forecast
2026,5,15,10,11.7,metar,66,metar,0.0,metno_forecast,300,metar,5.0,metar,,,,,8,metar,3,metno_forecast
2026,5,15,11,11.7,metar,69,metar,0.2,metno_forecast,314,metno_forecast,4.0,metar,,,,,6,metar,17,metno_forecast
2026,5,15,12,12.8,metar,64,metar,0.2,metno_forecast,315,metno_forecast,3.0,metar,,,,,8,metar,17,metno_forecast
2026,5,15,13,13.9,metar,59,metar,0.0,metno_forecast,319,metno_forecast,3.0,metar,,,,,2,metar,3,metno_forecast
2026,5,15,14,16.1,metar,52,metar,0.0,metno_forecast,270,metar,7.0,metar,,,,,4,metar,3,metno_forecast
2026,5,15,15,16.1,metar,54,metar,0.0,metno_forecast,339,metno_forecast,6.0,metar,,,,,8,metar,3,metno_forecast
2026,5,15,16,16.1,metar,52,metar,0.0,metno_forecast,331,metno_forecast,6.0,metar,16.0,metar,,,8,metar,3,metno_forecast
2026,5,15,17,16.1,metar,54,metar,0.0,metno_forecast,300,metar,6.0,metar,,,,,8,metar,3,metno_forecast
2026,5,15,18,17.8,metar,50,metar,0.2,metno_forecast,312,metno_forecast,16.2,metno_forecast,,,,,4,metar,17,metno_forecast
2026,5,15,19,17.2,metar,52,metar,0.3,metno_forecast,290,metar,9.0,metar,15.0,metar,,,8,metar,17,metno_forecast
2026,5,15,20,17.8,metar,52,metar,0.0,metno_forecast,300,metar,5.0,metar,,,,,8,metar,3,metno_forecast
2026,5,15,21,18.9,metar,50,metar,0.0,metno_forecast,0,metar,0.0,metar,,,,,8,metar,3,metno_forecast
2026,5,15,22,18.3,metar,50,metar,0.0,metno_forecast,310,metno_forecast,3.0,metar,,,,,4,metar,3,metno_forecast
2026,5,15,23,18.3,metar,50,metar,0.0,metno_forecast,310,metar,6.0,metar,,,,,4,metar,1,metno_forecast
2026,5,16,0,17.2,metar,54,metar,0.0,metno_forecast,0,metar,0.0,metar,,,,,4,metar,1,metno_forecast
2026,5,16,1,16.7,metar,56,metar,0.0,metno_forecast,0,metar,0.0,metar,,,,,3,metno_forecast,2,metno_forecast
2026,5,16,2,16.1,metar,58,metar,0.0,metno_forecast,280,metar,3.0,metar,,,,,8,metno_forecast,3,metno_forecast
2026,5,16,3,15.0,metar,64,metar,0.0,metno_forecast,0,metar,0.0,metar,,,,,8,metno_forecast,3,metno_forecast
2026,5,16,4,13.9,metar,72,metar,0.0,metno_forecast,0,metar,0.0,metar,,,,,4,metno_forecast,3,metno_forecast
2026,5,16,5,13.9,metar,69,metar,0.0,metno_forecast,0,metar,0.0,metar,,,,,0,metno_forecast,3,metno_forecast
2026,5,16,6,13.9,metar,69,metar,0.0,metno_forecast,270,metar,3.0,metar,,,,,0,metno_forecast,1,metno_forecast
2026,5,16,7,13.3,metar,72,metar,0.0,metno_forecast,0,metar,0.0,metar,,,,,0,metno_forecast,1,metno_forecast
2026,5,16,8,13.3,metar,72,metar,0.0,metno_forecast,0,metar,0.0,metar,,,,,0,metno_forecast,1,metno_forecast
2026,5,16,9,12.8,metar,77,metar,0.0,metno_forecast,0,metar,0.0,metar,,,,,0,metno_forecast,1,metno_forecast
2026,5,16,10,13.9,metar,74,metar,0.0,metno_forecast,0,metar,0.0,metar,,,,,1,metno_forecast,1,metno_forecast
2026,5,16,11,16.7,metar,62,metar,0.0,metno_forecast,0,metar,0.0,metar,,,,,0,metno_forecast,2,metno_forecast
2026,5,16,12,18.3,metar,52,metar,0.0,metno_forecast,170,metar,5.0,metar,,,,,0,metno_forecast,1,metno_forecast
2026,5,16,13,19.4,metar,52,metar,0.0,metno_forecast,226,metno_forecast,7.2,metno_forecast,,,,,2,metno_forecast,1,metno_forecast
2026,5,16,14,21.1,metar,47,metar,0.0,metno_forecast,224,metno_forecast,4.0,metar,,,,,1,metno_forecast,2,metno_forecast
2026,5,16,15,23.3,metar,37,metar,0.0,metno_forecast,225,metno_forecast,13.3,metno_forecast,,,,,0,metno_forecast,1,metno_forecast
2026,5,16,16,23.9,metar,37,metar,0.0,metno_forecast,229,metno_forecast,13.3,metno_forecast,,,,,0,metno_forecast,1,metno_forecast
2026,5,16,17,25.0,metar,37,metar,0.0,metno_forecast,225,metno_forecast,13.7,metno_forecast,,,,,0,metno_forecast,1,metno_forecast
2026,5,16,18,25.0,metar,36,metar,0.0,metno_forecast,227,metno_forecast,4.0,metar,,,,,1,metno_forecast,1,metno_forecast
2026,5,16,19,24.4,metar,37,metar,0.0,metno_forecast,229,metno_forecast,4.0,metar,,,,,0,metno_forecast,2,metno_forecast
2026,5,16,20,24.4,metar,40,metar,0.0,metno_forecast,218,metno_forecast,15.1,metno_forecast,,,,,1,metno_forecast,1,metno_forecast
2026,5,16,21,25.6,metar,36,metar,0.0,metno_forecast,207,metno_forecast,4.0,metar,,,,,0,metno_forecast,1,metno_forecast
2026,5,16,22,25.6,metar,29,metar,0.0,metno_forecast,212,metno_forecast,18.4,metno_forecast,,,,,0,metno_forecast,1,metno_forecast
2026,5,16,23,24.4,metar,33,metar,0.0,metno_forecast,209,metno_forecast,18.0,metno_forecast,,,,,6,metar,1,metno_forecast
2026,5,17,0,23.9,metar,38,metar,0.0,metno_forecast,218,metno_forecast,6.0,metar,,,,,0,metno_forecast,1,metno_forecast
2026,5,17,1,22.8,metar,41,metar,0.0,metno_forecast,220,metar,5.0,metar,,,,,2,metar,1,metno_forecast
2026,5,17,2,21.7,metar,47,metar,0.0,metno_forecast,199,metno_forecast,3.0,metar,,,,,4,metar,1,metno_forecast
2026,5,17,3,21.7,metar,49,metar,0.0,metno_forecast,220,metar,4.0,metar,,,,,2,metar,1,metno_forecast
2026,5,17,4,21.1,metar,51,metar,0.0,metno_forecast,229,metno_forecast,3.0,metar,,,,,7,metno_forecast,3,metno_forecast
2026,5,17,5,21.1,metar,51,metar,0.0,metno_forecast,226,metno_forecast,14.8,metno_forecast,,,,,6,metar,3,metno_forecast
2026,5,17,6,20.6,metar,53,metar,0.0,metno_forecast,230,metar,6.0,metar,,,,,4,metno_forecast,3,metno_forecast
2026,5,17,7,19.4,metar,59,metar,0.0,metno_forecast,247,metno_forecast,5.0,metar,,,,,4,metno_forecast,3,metno_forecast
2026,5,17,8,19.4,metar,63,metar,0.0,metno_forecast,280,metar,4.0,metar,,,,,0,metno_forecast,3,metno_forecast
2026,5,17,9,18.9,metar,70,metar,0.0,metno_forecast,0,metar,0.0,metar,,,,,0,metno_forecast,1,metno_forecast
2026,5,17,10,19.4,metar,71,metar,0.0,metno_forecast,260,metar,4.0,metar,,,,,1,metno_forecast,1,metno_forecast
2026,5,17,11,20.0,metar,70,metar,0.0,metno_forecast,270,metar,7.0,metar,,,,,2,metno_forecast,1,metno_forecast
2026,5,17,12,21.1,metar,68,metar,0.0,metno_forecast,290,metar,6.0,metar,,,,,4,metno_forecast,2,metno_forecast
2026,5,17,13,22.8,metar,61,metar,0.0,metno_forecast,314,metno_forecast,9.7,metno_forecast,,,,,3,metno_forecast,3,metno_forecast
2026,5,17,14,25.0,metar,52,metar,0.0,metno_forecast,307,metno_forecast,4.0,metar,,,,,0,metno_forecast,3,metno_forecast
2026,5,17,15,27.2,metar,41,metar,0.0,metno_forecast,0,metar,0.0,metar,,,,,0,metno_forecast,1,metno_forecast
2026,5,17,16,28.9,metar,40,metar,0.0,metno_forecast,273,metno_forecast,9.0,metno_forecast,,,,,0,metno_forecast,1,metno_forecast
2026,5,17,17,30.0,metar,31,metar,0.0,metno_forecast,259,metno_forecast,5.0,metar,,,,,1,metno_forecast,5,metar
2026,5,17,18,30.0,metar,31,metar,0.0,metno_forecast,254,metno_forecast,13.3,metno_forecast,,,,,2,metno_forecast,1,metno_forecast
2026,5,17,19,28.9,metar,40,metar,0.0,metno_forecast,224,metno_forecast,6.0,metar,,,,,2,metno_forecast,2,metno_forecast
2026,5,17,20,28.3,metar,43,metar,0.0,metno_forecast,0,metar,0.0,metar,,,,,2,metno_forecast,2,metno_forecast
2026,5,17,21,28.3,metar,43,metar,0.0,metno_forecast,120,metar,3.0,metar,,,,,2,metno_forecast,2,metno_forecast
2026,5,17,22,27.8,metar,44,metar,0.0,metno_forecast,170,metar,3.0,metar,,,,,1,metno_forecast,2,metno_forecast
2026,5,17,23,26.7,metar,47,metar,0.0,metno_forecast,190,metar,3.0,metar,,,,,0,metno_forecast,1,metno_forecast
2026,5,18,0,27.8,metar,43,metar,0.0,metno_forecast,230,metar,4.0,metar,,,,,0,metno_forecast,1,metno_forecast
2026,5,18,1,26.7,metar,47,metar,0.0,metno_forecast,230,metar,5.0,metar,,,,,0,metno_forecast,1,metno_forecast
2026,5,18,2,26.1,metar,49,metar,0.0,metno_forecast,240,metar,6.0,metar,,,,,4,metno_forecast,1,metno_forecast
2026,5,18,3,25.6,metar,52,metar,0.0,metno_forecast,240,metar,4.0,metar,,,,,8,metno_forecast,3,metno_forecast
2026,5,18,4,24.4,metar,62,metar,0.0,metno_forecast,189,metno_forecast,6.0,metar,,,,,8,metno_forecast,3,metno_forecast
2026,5,18,5,23.9,metar,64,metar,0.0,metno_forecast,231,metno_forecast,4.0,metar,,,,,8,metno_forecast,3,metno_forecast
2026,5,18,6,23.3,metar,66,metar,0.0,metno_forecast,242,metno_forecast,5.0,metar,,,,,8,metno_forecast,3,metno_forecast
2026,5,18,7,23.3,metar,66,metar,0.0,metno_forecast,246,metno_forecast,3.0,metar,,,,,7,metno_forecast,3,metno_forecast
2026,5,18,8,22.2,metar,71,metar,0.0,metno_forecast,240,metar,3.0,metar,,,,,7,metno_forecast,3,metno_forecast
2026,5,18,9,21.7,metar,73,metar,0.0,metno_forecast,0,metar,0.0,metar,,,,,7,metno_forecast,3,metno_forecast
2026,5,18,10,22.2,metar,73,metar,0.0,metno_forecast,0,metar,0.0,metar,,,,,5,metno_forecast,3,metno_forecast
2026,5,18,11,23.9,metar,66,metar,0.0,metno_forecast,0,metar,0.0,metar,,,,,4,metno_forecast,3,metno_forecast
2026,5,18,12,25.6,metar,62,metar,0.0,metno_forecast,60,metar,4.0,metar,,,,,2,metno_forecast,3,metno_forecast
2026,5,18,13,27.2,metar,58,metar,0.0,metno_forecast,60,metar,4.0,metar,,,,,5,metno_forecast,2,metno_forecast
2026,5,18,14,29.4,metar,51,metar,0.0,metno_forecast,0,metar,0.0,metar,,,,,5,metno_forecast,3,metno_forecast
2026,5,18,15,30.6,metar,45,metar,0.0,metno_forecast,147,metno_forecast,3.0,metar,,,,,6,metno_forecast,3,metno_forecast
2026,5,18,16,31.1,metar,45,metar,0.0,metno_forecast,166,metno_forecast,4.0,metar,,,,,6,metno_forecast,3,metno_forecast
2026,5,18,17,30.0,metar,48,metar,0.0,metno_forecast,174,metno_forecast,4.0,metar,,,,,5,metno_forecast,3,metno_forecast
2026,5,18,18,28.9,metar,48,metar,0.0,metno_forecast,165,metno_forecast,4.0,metar,,,,,3,metno_forecast,3,metno_forecast
2026,5,18,19,27.8,metar,51,metar,0.0,metno_forecast,160,metno_forecast,18.7,metno_forecast,,,,,2,metno_forecast,2,metno_forecast
2026,5,18,20,26.7,metar,52,metar,0.0,metno_forecast,157,metno_forecast,6.0,metar,18.0,metar,,,1,metno_forecast,2,metno_forecast
2026,5,18,21,26.7,metar,52,metar,0.0,metno_forecast,150,metar,6.0,metar,,,,,0,metno_forecast,1,metno_forecast
2026,5,18,22,26.1,metar,58,metar,0.0,metno_forecast,146,metno_forecast,4.0,metar,,,,,0,metno_forecast,1,metno_forecast
2026,5,18,23,25.0,metar,62,metar,0.0,metno_forecast,134,metno_forecast,3.0,metar,,,,,2,metno_forecast,1,metno_forecast
2026,5,19,0,25.6,metar,60,metar,0.0,metno_forecast,170,metar,3.0,metar,,,,,1,metno_forecast,2,metno_forecast
2026,5,19,1,26.1,metar,58,metar,0.0,metno_forecast,147,metno_forecast,13.7,metno_forecast,,,,,0,metno_forecast,1,metno_forecast
2026,5,19,2,25.6,metar,60,metar,0.0,metno_forecast,192,metno_forecast,3.0,metar,,,,,0,metno_forecast,1,metno_forecast
2026,5,19,3,25.6,metar,60,metar,0.0,metno_forecast,205,metno_forecast,5.0,metar,,,,,0,metno_forecast,1,metno_forecast
2026,5,19,4,25.0,metar,64,metar,0.0,metno_forecast,212,metno_forecast,4.0,metar,,,,,6,metno_forecast,1,metno_forecast
2026,5,19,5,24.4,metar,67,metar,0.0,metno_forecast,226,metno_forecast,4.0,metar,,,,,0,metno_forecast,3,metno_forecast
2026,5,19,6,23.9,metar,66,metar,0.0,metno_forecast,232,metno_forecast,3.0,metar,,,,,1,metno_forecast,1,metno_forecast
2026,5,19,7,23.9,metar,69,metar,0.0,metno_forecast,229,metno_forecast,3.0,metar,,,,,0,metno_forecast,2,metno_forecast
2026,5,19,8,23.3,metar,74,metar,0.0,metno_forecast,220,metno_forecast,4.0,metar,,,,,0,metno_forecast,1,metno_forecast
2026,5,19,9,23.3,metar,74,metar,0.0,metno_forecast,230,metar,4.0,metar,15.0,metar,,,0,metno_forecast,1,metno_forecast
2026,5,19,10,23.3,metar,76,metar,0.0,metno_forecast,215,metno_forecast,3.0,metar,,,,,0,metno_forecast,1,metno_forecast
2026,5,19,11,23.9,metar,76,metar,0.0,metno_forecast,240,metar,6.0,metar,17.0,metar,,,3,metno_forecast,1,metno_forecast
2026,5,19,12,25.6,metar,69,metar,0.0,metno_forecast,219,metno_forecast,3.0,metar,,,,,7,metno_forecast,2,metno_forecast
2026,5,19,13,27.2,metar,65,metar,0.0,metno_forecast,190,metar,5.0,metar,,,,,8,metno_forecast,3,metno_forecast
2026,5,19,14,28.9,metar,59,metar,0.0,metno_forecast,0,metar,0.0,metar,,,,,8,metno_forecast,3,metno_forecast
2026,5,19,15,31.1,metar,52,metar,0.0,metno_forecast,225,metno_forecast,6.0,metar,,,,,0,metno_forecast,3,metno_forecast
2026,5,19,16,32.2,metar,47,metar,0.0,metno_forecast,234,metno_forecast,5.0,metar,,,,,1,metno_forecast,1,metno_forecast
2026,5,19,17,33.3,metar,41,metar,0.0,metno_forecast,243,metno_forecast,15.1,metno_forecast,,,,,0,metno_forecast,2,metno_forecast
2026,5,19,18,33.3,metar,41,metar,0.0,metno_forecast,200,metar,5.0,metar,,,,,1,metno_forecast,1,metno_forecast
2026,5,19,19,33.3,metar,40,metar,0.1,metno_forecast,228,metno_forecast,5.0,metar,,,,,2,metar,17,metno_forecast
2026,5,19,20,32.8,metar,39,metar,0.0,metno_forecast,238,metno_forecast,20.9,metno_forecast,,,,,2,metar,3,metno_forecast
2026,5,19,21,32.8,metar,36,metar,0.0,metno_forecast,247,metno_forecast,20.2,metno_forecast,,,,,2,metno_forecast,2,metno_forecast
2026,5,19,22,32.8,metar,38,metar,0.0,metno_forecast,260,metar,7.0,metar,23.0,metar,,,2,metar,2,metno_forecast
2026,5,19,23,31.7,metar,41,metar,0.8,metno_forecast,240,metar,5.0,metar,,,,,4,metno_forecast,17,metno_forecast
2026,5,20,0,31.1,metar,40,metar,0.0,metno_forecast,256,metno_forecast,4.0,metar,,,,,1,metno_forecast,3,metno_forecast
2026,5,20,1,30.0,metar,43,metar,0.0,metno_forecast,0,metar,0.0,metar,,,,,1,metno_forecast,2,metno_forecast
2026,5,20,2,28.9,metar,48,metar,0.0,metno_forecast,243,metno_forecast,12.2,metno_forecast,,,,,0,metno_forecast,2,metno_forecast
2026,5,20,3,28.9,metar,48,metar,0.0,metno_forecast,241,metno_forecast,13.0,metno_forecast,,,,,2,metno_forecast,1,metno_forecast
2026,5,20,4,27.8,metar,53,metar,0.0,metno_forecast,240,metar,4.0,metar,,,,,4,metno_forecast,2,metno_forecast
2026,5,20,5,27.2,metar,54,metar,0.0,metno_forecast,240,metno_forecast,4.0,metar,,,,,3,metno_forecast,3,metno_forecast
2026,5,20,6,26.7,metar,58,metar,0.0,metno_forecast,237,metno_forecast,3.0,metar,,,,,7,metno_forecast,2,metno_forecast
2026,5,20,7,26.1,metar,60,metar,0.0,metno_forecast,246,metno_forecast,6.0,metar,,,,,0,metno_forecast,3,metno_forecast
2026,5,20,8,25.6,metar,62,metar,0.0,metno_forecast,244,metno_forecast,3.0,metar,,,,,3,metno_forecast,1,metno_forecast
2026,5,20,9,25.0,metar,64,metar,0.0,metno_forecast,240,metar,4.0,metar,,,,,0,metno_forecast,2,metno_forecast
2026,5,20,10,25.0,metar,66,metar,0.0,metno_forecast,246,metno_forecast,5.0,metar,14.0,metar,,,3,metno_forecast,1,metno_forecast
2026,5,20,11,25.6,metar,64,metar,0.0,metno_forecast,240,metno_forecast,4.0,metar,,,,,1,metno_forecast,2,metno_forecast
2026,5,20,12,27.2,metar,58,metar,0.0,metno_forecast,300,metar,7.0,metar,,,,,0,metno_forecast,1,metno_forecast
2026,5,20,13,28.3,metar,55,metar,0.0,metno_forecast,267,metno_forecast,5.0,metar,,,,,0,metno_forecast,1,metno_forecast
2026,5,20,14,30.0,metar,48,metar,0.0,metno_forecast,280,metar,7.0,metar,,,,,0,metno_forecast,1,metno_forecast
2026,5,20,15,31.7,metar,41,metar,0.0,metno_forecast,284,metno_forecast,6.0,metar,,,,,0,metno_forecast,1,metno_forecast
2026,5,20,16,32.8,metar,39,metar,0.0,metno_forecast,276,metno_forecast,14.0,metno_forecast,,,,,0,metno_forecast,1,metno_forecast
2026,5,20,17,32.8,metar,41,metar,0.0,metno_forecast,276,metno_forecast,15.1,metno_forecast,,,,,2,metar,1,metno_forecast
2026,5,20,18,31.7,metar,42,metar,0.3,metno_forecast,264,metno_forecast,4.0,metar,,,,,4,metar,17,metno_forecast
2026,5,20,19,32.2,metar,41,metar,0.5,metno_forecast,262,metno_forecast,6.0,metar,,,,,6,metar,17,metno_forecast
2026,5,20,20,32.2,metar,42,metar,0.0,metno_forecast,230,metar,6.0,metar,15.0,metar,,,2,metar,3,metno_forecast
2026,5,20,21,31.1,metar,45,metar,0.3,metno_forecast,292,metno_forecast,5.0,metar,,,,,2,metar,17,metno_forecast
2026,5,20,22,28.3,metar,55,metar,0.4,metno_forecast,305,metno_forecast,3.0,metar,14.0,metar,,,2,metar,17,metno_forecast
2026,5,20,23,22.8,metar,84,metar,0.0,metar,332,metno_forecast,3.0,metar,,,,,2,metar,8,metar
2026,5,21,0,20.6,metar,93,metar,0.1,metar,0,metar,0.0,metar,,,,,8,metno_forecast,18,metno_forecast
2026,5,21,1,20.6,metar,93,metar,0.0,metar,290,metar,4.0,metar,,,,,8,metno_forecast,8,metno_forecast
2026,5,21,2,18.9,metar,75,metar,0.0,metno_forecast,290,metar,4.0,metar,,,,,8,metno_forecast,3,metno_forecast
2026,5,21,3,19.4,metar,71,metar,0.0,metno_forecast,300,metar,5.0,metar,,,,,8,metno_forecast,3,metno_forecast
2026,5,21,4,18.9,metar,68,metar,0.0,metno_forecast,290,metar,5.0,metar,,,,,8,metno_forecast,3,metno_forecast
2026,5,21,5,18.3,metar,68,metar,0.0,metno_forecast,342,metno_forecast,3.0,metar,,,,,6,metar,3,metno_forecast
2026,5,21,6,18.3,metar,61,metar,0.4,metno_forecast,0,metar,0.0,metar,,,,,2,metar,8,metno_forecast
2026,5,21,7,17.8,metar,63,metar,0.1,metno_forecast,348,metno_forecast,11.2,metno_forecast,,,,,8,metno_forecast,7,metno_forecast
2026,5,21,8,17.2,metar,58,metar,0.0,metno_forecast,340,metar,6.0,metar,,,,,2,metar,3,metno_forecast
2026,5,21,9,17.2,metar,48,metar,0.0,metno_forecast,3,metno_forecast,5.0,metar,,,,,8,metar,3,metno_forecast
2026,5,21,10,16.7,metar,56,metar,0.0,metno_forecast,27,metno_forecast,6.0,metar,,,,,4,metar,3,metno_forecast
2026,5,21,11,16.7,metar,52,metar,0.0,metno_forecast,8,metno_forecast,3.0,metar,,,,,2,metar,3,metno_forecast
2026,5,21,12,16.7,metar,56,metar,0.0,metar,50,metar,8.0,metar,15.0,metar,,,6,metar,3,metno_forecast
2026,5,21,13,15.6,metar,64,metar,0.0,metar,10,metno_forecast,5.0,metar,,,,,8,metar,3,metno_forecast
2026,5,21,14,13.9,metar,83,metar,0.0,metar,360,metar,8.0,metar,,,,,8,metar,3,metno_forecast
2026,5,21,15,12.8,metar,89,metar,0.0,metar,360,metar,4.0,metar,,,,,6,metar,8,metno_forecast
2026,5,21,16,13.3,metar,93,metar,0.0,metar,12,metno_forecast,3.0,metar,,,,,2,metar,9,metno_forecast
2026,5,21,17,15.0,metar,93,metar,0.0,metar,21,metno_forecast,3.0,metar,,,,,4,metar,9,metno_forecast
2026,5,21,18,14.4,metar,90,metar,0.0,metar,30,metno_forecast,3.0,metar,,,,,4,metar,8,metno_forecast
2026,5,21,19,14.4,metar,87,metar,0.0,metar,0,metar,0.0,metar,,,,,2,metar,8,metno_forecast
2026,5,21,20,15.0,metar,83,metar,0.0,metar,33,metno_forecast,3.0,metar,,,,,2,metar,7,metno_forecast
2026,5,21,21,15.0,metar,87,metar,0.0,metar,300,metar,3.0,metar,,,,,2,metar,3,metno_forecast
2026,5,21,22,15.0,metar,83,metar,0.0,metno_forecast,0,metar,0.0,metar,,,,,4,metar,3,metno_forecast
2026,5,21,23,15.6,metar,75,metar,0.0,metar,0,metar,0.0,metar,,,,,8,metno_forecast,3,metno_forecast
2026,5,22,0,15.0,metar,75,metar,0.0,metno_forecast,0,metar,0.0,metar,,,,,4,metar,3,metno_forecast
2026,5,22,1,15.6,metar,69,metar,0.0,metno_forecast,0,metar,0.0,metar,,,,,2,metar,3,metno_forecast
2026,5,22,2,15.6,metar,67,metar,0.0,metno_forecast,57,metno_forecast,3.0,metar,,,,,4,metar,3,metno_forecast
2026,5,22,3,15.0,metar,67,metar,0.0,metno_forecast,40,metno_forecast,3.0,metar,,,,,6,metar,3,metno_forecast
2026,5,22,4,14.4,metar,62,metar,0.0,metno_forecast,0,metar,0.0,metar,,,,,8,metno_forecast,3,metno_forecast
2026,5,22,5,15.0,metar,55,metar,0.0,metno_forecast,50,metar,7.0,metar,,,,,8,metno_forecast,3,metno_forecast
2026,5,22,6,14.4,metar,60,metar,0.0,metno_forecast,34,metno_forecast,4.0,metar,,,,,8,metno_forecast,3,metno_forecast
2026,5,22,7,15.0,metar,51,metar,0.0,metno_forecast,70,metar,6.0,metar,,,,,8,metno_forecast,3,metno_forecast
2026,5,22,8,14.4,metar,49,metar,0.0,metno_forecast,60,metar,9.0,metar,,,,,6,metno_forecast,3,metno_forecast
2026,5,22,9,13.9,metar,53,metar,0.0,metno_forecast,80,metar,6.0,metar,16.0,metar,,,2,metar,3,metno_forecast
2026,5,22,10,13.3,metar,51,metar,0.0,metno_forecast,80,metar,7.0,metar,21.0,metar,,,8,metno_forecast,3,metno_forecast
2026,5,22,11,13.9,metar,49,metar,0.0,metno_forecast,80,metar,10.0,metar,21.0,metar,,,6,metar,3,metno_forecast
2026,5,22,12,13.9,metar,49,metar,0.0,metno_forecast,80,metar,8.0,metar,18.0,metar,,,4,metar,3,metno_forecast
2026,5,22,13,14.4,metar,46,metar,0.0,metno_forecast,70,metar,11.0,metar,24.0,metar,,,2,metar,3,metno_forecast
2026,5,22,14,15.6,metar,46,metar,0.0,metno_forecast,80,metar,8.0,metar,18.0,metar,,,2,metar,3,metno_forecast
2026,5,22,15,16.1,metar,41,metar,0.0,metno_forecast,60,metar,8.0,metar,20.0,metar,,,6,metar,3,metno_forecast
2026,5,22,16,18.3,metar,38,metar,0.0,metno_forecast,70,metar,9.0,metar,18.0,metar,,,5,metno_forecast,3,metno_forecast
2026,5,22,17,18.9,metar,34,metar,0.0,metno_forecast,70,metar,7.0,metar,,,,,6,metar,3,metno_forecast
2026,5,22,18,20.0,metar,35,metar,0.0,metno_forecast,78,metno_forecast,6.0,metar,16.0,metar,,,7,metno_forecast,3,metno_forecast
2026,5,22,19,19.4,metar,34,metar,0.0,metno_forecast,100,metar,6.0,metar,,,,,8,metno_forecast,3,metno_forecast
2026,5,22,20,18.3,metar,40,metar,0.0,metno_forecast,123,metno_forecast,3.0,metar,,,,,8,metno_forecast,3,metno_forecast
2026,5,22,21,16.7,metar,46,metar,0.0,metno_forecast,128,metno_forecast,3.0,metar,,,,,8,metno_forecast,3,metno_forecast
2026,5,22,22,15.6,metar,46,metar,0.0,metno_forecast,120,metar,7.0,metar,15.0,metar,,,8,metno_forecast,3,metno_forecast
2026,5,22,23,15.0,metar,49,metar,0.0,metno_forecast,126,metno_forecast,4.0,metar,,,,,8,metno_forecast,3,metno_forecast
2026,5,23,0,14.4,metar,47,metar,0.0,metno_forecast,120,metno_forecast,4.0,metar,,,,,8,metno_forecast,3,metno_forecast
2026,5,23,1,14.4,metar,44,metar,0.0,metno_forecast,90,metar,5.0,metar,,,,,8,metno_forecast,3,metno_forecast
2026,5,23,2,14.4,metar,46,metar,0.0,metno_forecast,101,metno_forecast,3.0,metar,,,,,2,metar,3,metno_forecast
2026,5,23,3,13.9,metar,53,metar,0.0,metno_forecast,94,metno_forecast,4.0,metar,,,,,6,metar,3,metno_forecast
2026,5,23,4,13.9,metar,55,metar,0.0,metno_forecast,60,metar,5.0,metar,,,,,2,metar,3,metno_forecast
2026,5,23,5,13.3,metar,53,metar,0.0,metno_forecast,78,metno_forecast,3.0,metar,,,,,8,metno_forecast,3,metno_forecast
2026,5,23,6,13.3,metar,53,metar,0.0,metno_forecast,60,metar,5.0,metar,,,,,6,metar,3,metno_forecast
2026,5,23,7,13.3,metar,53,metar,0.0,metno_forecast,69,metno_forecast,4.0,metar,,,,,2,metar,3,metno_forecast
2026,5,23,8,12.8,metar,66,metar,0.0,metar,70,metar,5.0,metar,,,,,8,metar,3,metno_forecast
2026,5,23,9,11.7,metar,77,metar,0.0,metar,60,metar,6.0,metar,,,,,8,metar,3,metno_forecast
2026,5,23,10,11.7,metar,86,metar,0.0,metar,70,metar,6.0,metar,,,,,8,metar,3,metno_forecast
2026,5,23,11,12.2,metar,80,metar,0.0,metno_forecast,50,metar,7.0,metar,,,,,8,metar,3,metno_forecast
2026,5,23,12,12.2,metar,77,metar,0.0,metno_forecast,58,metno_forecast,5.0,metar,,,,,8,metar,3,metno_forecast
2026,5,23,13,12.8,metar,72,metar,0.0,metno_forecast,70,metar,7.0,metar,15.0,metar,,,6,metar,3,metno_forecast
2026,5,23,14,13.3,metar,69,metar,0.0,metar,73,metno_forecast,5.0,metar,,,,,8,metar,3,metno_forecast
2026,5,23,15,13.3,metar,67,metar,0.0,metar,92,metno_forecast,5.0,metar,,,,,6,metar,3,metno_forecast
2026,5,23,16,12.8,metar,72,metar,0.0,metar,80,metar,6.0,metar,,,,,8,metar,8,metno_forecast
2026,5,23,17,11.7,metar,77,metar,0.0,metar,87,metno_forecast,5.0,metar,,,,,8,metar,9,metno_forecast
2026,5,23,18,10.6,metar,89,metar,0.0,metar,93,metno_forecast,6.0,metar,,,,,6,metar,9,metno_forecast
2026,5,23,19,10.0,metar,93,metar,0.0,metar,60,metar,7.0,metar,,,,,8,metar,9,metno_forecast
2026,5,23,20,10.6,metar,92,metar,0.0,metar,80,metar,9.0,metar,,,,,8,metar,8,metar
2026,5,23,21,10.6,metar,96,metar,0.0,metar,60,metar,7.0,metar,22.0,metar,,,4,metar,8,metar
2026,5,23,22,10.0,metar,96,metar,0.0,metar,70,metar,7.0,metar,,,,,6,metar,8,metar
2026,5,23,23,10.0,metar,96,metar,0.0,metar,90,metar,6.0,metar,17.0,metar,,,2,metar,8,metar
2026,5,24,0,10.0,metar,96,metar,0.0,metar,81,metno_forecast,4.0,metar,,,,,4,metar,8,metno_forecast
2026,5,24,1,10.0,metar,96,metar,0.0,metar,90,metno_forecast,6.0,metar,,,,,6,metar,3,metno_forecast
2026,5,24,2,10.0,metar,96,metar,0.0,metar,80,metar,3.0,metar,,,,,2,metar,5,metar
2026,5,24,3,10.0,metar,96,metar,0.0,metar,80,metar,7.0,metar,,,,,4,metar,5,metar
2026,5,24,4,10.6,metar,96,metar,0.8,metno_forecast,60,metar,4.0,metar,,,,,8,metar,8,metno_forecast
2026,5,24,5,10.6,metar,96,metar,0.0,metar,70,metar,7.0,metar,,,,,8,metar,9,metno_forecast
2026,5,24,6,10.6,metar,96,metar,0.0,metar,100,metar,5.0,metar,,,,,8,metar,7,metno_forecast
2026,5,24,7,11.0,metar,94,metar,0.0,metar,50,metar,5.0,metar,,,,,8,metar,8,metno_forecast
2026,5,24,8,10.6,metar,96,metar,0.0,metar,84,metno_forecast,4.0,metar,15.0,metar,,,8,metar,9,metno_forecast
2026,5,24,9,10.6,metar,96,metar,0.0,metar,90,metar,5.0,metar,16.0,metar,,,6,metar,9,metno_forecast
2026,5,24,10,10.6,metar,100,metar,0.1,metar,86,metno_forecast,6.0,metar,,,,,6,metar,8,metar
2026,5,24,11,11.1,metar,97,metar,0.0,metar,70,metar,4.0,metar,17.0,metar,,,6,metar,8,metar
2026,5,24,12,11.1,metar,97,metar,0.0,metar,100,metar,4.0,metar,14.0,metar,,,8,metar,9,metno_forecast
2026,5,24,13,11.7,metar,96,metar,0.0,metar,90,metar,4.0,metar,,,,,8,metar,8,metar
2026,5,24,14,12.2,metar,97,metar,0.1,metar,60,metar,7.0,metar,,,,,8,metar,8,metar
2026,5,24,15,12.2,metar,97,metar,0.0,metar,60,metar,6.0,metar,,,,,8,metar,9,metno_forecast
2026,5,24,16,12.2,metar,100,metar,0.0,metar,70,metar,6.0,metar,,,,,8,metar,9,metno_forecast
2026,5,24,17,12.8,metar,96,metar,0.0,metar,60,metar,7.0,metar,17.0,metar,,,8,metar,5,metar
2026,5,24,18,13.3,metar,97,metar,0.0,metar,60,metar,7.0,metar,17.0,metar,,,8,metar,5,metar
2026,5,24,19,12.8,metar,100,metar,0.0,metar,60,metar,11.0,metar,17.0,metar,,,8,metar,5,metar
2026,5,24,20,12.8,metar,100,metar,0.0,metno_forecast,60,metar,10.0,metar,19.0,metar,,,8,metar,5,metar
2026,5,24,21,12.8,metar,100,metar,0.0,metno_forecast,60,metar,10.0,metar,20.0,metar,,,8,metar,5,metar
2026,5,24,22,12.8,metar,96,metar,0.0,metno_forecast,60,metar,9.0,metar,16.0,metar,,,8,metar,5,metar
2026,5,24,23,12.8,metar,96,metar,0.0,metar,70,metar,7.0,metar,19.0,metar,,,8,metar,3,metno_forecast
2026,5,25,0,12.8,metar,96,metar,0.0,metno_forecast,70,metar,9.0,metar,,,,,8,metar,3,metno_forecast
2026,5,25,1,12.8,metar,96,metar,0.0,metar,60,metar,7.0,metar,,,,,8,metar,3,metno_forecast
2026,5,25,2,12.8,metar,100,metar,0.0,metar,60,metar,6.0,metar,,,,,8,metar,3,metno_forecast
2026,5,25,3,12.8,metar,100,metar,0.0,metar,53,metno_forecast,6.0,metar,,,,,8,metar,5,metar
2026,5,25,4,12.8,metar,100,metar,0.0,metno_forecast,45,metno_forecast,4.0,metar,,,,,8,metar,5,metar
2026,5,25,5,12.8,metar,100,metar,0.0,metno_forecast,60,metar,4.0,metar,,,,,8,metar,5,metar
2026,5,25,6,12.8,metar,100,metar,0.0,metno_forecast,50,metar,4.0,metar,,,,,8,metar,5,metar
2026,5,25,7,12.8,metar,100,metar,0.0,metno_forecast,40,metar,3.0,metar,,,,,8,metar,5,metar
2026,5,25,8,12.8,metar,100,metar,0.0,metno_forecast,70,metar,6.0,metar,,,,,8,metar,5,metar
2026,5,25,9,13.3,metar,97,metar,0.0,metno_forecast,60,metar,5.0,metar,,,,,8,metar,5,metar
2026,5,25,10,13.3,metar,100,metar,0.0,metar,0,metar,0.0,metar,,,,,8,metar,5,metar
2026,5,25,11,13.3,metar,100,metar,0.0,metar,280,metar,3.0,metar,,,,,8,metar,8,metar
2026,5,25,12,13.9,metar,100,metar,0.0,metar,280,metar,4.0,metar,,,,,6,metar,8,metno_forecast
2026,5,25,13,14.4,metar,97,metar,0.0,metar,280,metar,3.0,metar,,,,,6,metar,5,metar
2026,5,25,14,15.0,metar,100,metar,0.2,metno_forecast,270,metar,5.0,metar,,,,,2,metar,5,metar
2026,5,25,15,16.1,metar,100,metar,0.2,metno_forecast,0,metar,0.0,metar,,,,,8,metar,5,metar
2026,5,25,16,16.1,metar,97,metar,0.0,metar,0,metar,0.0,metar,,,,,8,metar,3,metno_forecast
2026,5,25,17,18.3,metar,93,metar,0.0,metno_forecast,290,metar,4.0,metar,,,,,8,metar,3,metno_forecast
2026,5,25,18,18.9,metar,87,metar,0.2,metno_forecast,268,metno_forecast,4.0,metar,,,,,4,metar,7,metno_forecast
2026,5,25,19,21.7,metar,76,metar,0.0,metno_forecast,0,metar,0.0,metar,,,,,2,metar,3,metno_forecast
2026,5,25,20,22.2,metar,73,metar,0.0,metno_forecast,0,metar,0.0,metar,,,,,8,metno_forecast,3,metno_forecast
2026,5,25,21,22.8,metar,73,metar,0.0,metno_forecast,0,metar,0.0,metar,,,,,8,metar,3,metno_forecast
2026,5,25,22,22.2,metar,76,metar,0.0,metno_forecast,0,metar,0.0,metar,,,,,2,metar,3,metno_forecast
2026,5,25,23,20.6,metar,81,metar,0.0,metno_forecast,225,metno_forecast,3.0,metar,,,,,8,metno_forecast,3,metno_forecast
2026,5,26,0,20.0,metar,87,metar,0.0,metno_forecast,0,metar,0.0,metar,,,,,8,metno_forecast,3,metno_forecast
2026,5,26,1,19.4,metar,90,metar,0.0,metno_forecast,240,metar,4.0,metar,,,,,8,metno_forecast,3,metno_forecast
2026,5,26,2,19.4,metar,93,metar,0.0,metno_forecast,240,metar,5.0,metar,,,,,2,metar,3,metno_forecast
2026,5,26,3,19.4,metar,90,metar,0.0,metno_forecast,0,metar,0.0,metar,,,,,2,metar,3,metno_forecast
2026,5,26,4,18.9,metar,93,metar,0.0,metno_forecast,290,metar,3.0,metar,,,,,7,metno_forecast,3,metno_forecast
2026,5,26,5,18.9,metar,78,metar,0.0,metno_forecast,314,metno_forecast,3.0,metar,,,,,6,metno_forecast,3,metno_forecast
2026,5,26,6,17.2,metar,78,metar,0.0,metno_forecast,0,metar,0.0,metar,,,,,4,metno_forecast,3,metno_forecast
2026,5,26,7,16.7,metar,84,metar,0.0,metno_forecast,0,metar,0.0,metar,,,,,5,metno_forecast,3,metno_forecast
2026,5,26,8,15.6,metar,93,metar,0.0,metno_forecast,0,metar,0.0,metar,,,,,8,metno_forecast,3,metno_forecast
2026,5,26,9,15.0,metar,96,metar,0.0,metno_forecast,0,metar,0.0,metar,,,,,8,metno_forecast,3,metno_forecast
2026,5,26,10,16.1,metar,90,metar,0.0,metno_forecast,0,metar,0.0,metar,,,,,8,metno_forecast,3,metno_forecast
2026,5,26,11,17.8,metar,78,metar,0.0,metno_forecast,50,metar,3.0,metar,,,,,4,metno_forecast,3,metno_forecast
2026,5,26,12,19.4,metar,66,metar,0.0,metno_forecast,0,metar,0.0,metar,,,,,3,metno_forecast,3,metno_forecast
2026,5,26,13,20.6,metar,59,metar,0.0,metno_forecast,50,metar,4.0,metar,,,,,4,metno_forecast,2,metno_forecast
2026,5,26,14,22.2,metar,55,metar,0.0,metno_forecast,70,metar,3.0,metar,,,,,4,metno_forecast,3,metno_forecast
2026,5,26,15,23.3,metar,45,metar,0.0,metno_forecast,130,metar,5.0,metar,,,,,5,metno_forecast,3,metno_forecast
2026,5,26,16,25.0,metar,32,metar,0.0,metno_forecast,0,metar,0.0,metar,,,,,7,metno_forecast,3,metno_forecast
2026,5,26,17,25.6,metar,29,metar,0.0,metno_forecast,34,metno_forecast,4.0,metar,,,,,5,metno_forecast,3,metno_forecast
2026,5,26,18,26.1,metar,31,metar,0.0,metno_forecast,0,metar,0.0,metar,,,,,4,metno_forecast,3,metno_forecast
2026,5,26,19,26.1,metar,35,metar,0.0,metno_forecast,190,metar,3.0,metar,,,,,3,metno_forecast,3,metno_forecast
2026,5,26,20,25.0,metar,37,metar,0.0,metno_forecast,208,metno_forecast,4.0,metar,,,,,4,metno_forecast,3,metno_forecast
2026,5,26,21,24.4,metar,37,metar,0.0,metno_forecast,204,metno_forecast,8.6,metno_forecast,,,,,7,metno_forecast,3,metno_forecast
2026,5,26,22,22.8,metar,46,metar,0.0,metno_forecast,202,metno_forecast,3.0,metar,,,,,2,metno_forecast,3,metno_forecast
2026,5,26,23,21.7,metar,51,metar,0.0,metno_forecast,183,metno_forecast,3.0,metar,,,,,8,metno_forecast,2,metno_forecast
2026,5,27,0,20.6,metar,57,metar,0.0,metno_forecast,0,metar,0.0,metar,,,,,8,metno_forecast,3,metno_forecast
2026,5,27,1,21.1,metar,57,metar,0.0,metno_forecast,188,metno_forecast,3.0,metar,,,,,8,metno_forecast,3,metno_forecast
2026,5,27,2,21.1,metar,59,metar,0.0,metno_forecast,198,metno_forecast,4.0,metar,,,,,8,metno_forecast,3,metno_forecast
2026,5,27,3,21.1,metar,61,metar,0.0,metno_forecast,214,metno_forecast,3.0,metar,,,,,8,metno_forecast,3,metno_forecast
2026,5,27,4,20.6,metar,63,metar,0.0,metno_forecast,250,metar,7.0,metar,,,,,8,metno_forecast,3,metno_forecast
2026,5,27,5,20.6,metar,63,metar,0.0,metno_forecast,236,metno_forecast,4.0,metar,,,,,8,metno_forecast,3,metno_forecast
2026,5,27,6,20.6,metar,63,metar,0.0,metno_forecast,240,metno_forecast,4.0,metar,,,,,8,metno_forecast,3,metno_forecast
2026,5,27,7,20.6,metar,65,metar,0.0,metno_forecast,250,metar,3.0,metar,,,,,7,metno_forecast,3,metno_forecast
2026,5,27,8,20.6,metar,68,metar,0.0,metno_forecast,240,metar,4.0,metar,,,,,8,metno_forecast,3,metno_forecast
2026,5,27,9,20.0,metar,73,metar,0.0,metno_forecast,0,metar,0.0,metar,,,,,8,metno_forecast,3,metno_forecast
2026,5,27,10,20.6,metar,75,metar,0.2,metno_forecast,239,metno_forecast,4.0,metar,,,,,2,metar,7,metno_forecast
2026,5,27,11,21.1,metar,73,metar,0.3,metno_forecast,250,metno_forecast,9.7,metno_forecast,,,,,8,metno_forecast,8,metno_forecast
2026,5,27,12,21.7,metar,73,metar,0.0,metno_forecast,232,metno_forecast,3.0,metar,,,,,8,metno_forecast,3,metno_forecast
2026,5,27,13,22.2,metar,73,metar,0.0,metno_forecast,0,metar,0.0,metar,,,,,4,metar,3,metno_forecast
2026,5,27,14,22.8,metar,73,metar,0.0,metno_forecast,242,metno_forecast,6.8,metno_forecast,,,,,2,metar,3,metno_forecast
2026,5,27,15,23.3,metar,74,metar,0.0,metar,236,metno_forecast,3.0,metar,,,,,2,metar,3,metno_forecast
2026,5,27,16,23.9,metar,74,metar,0.0,metno_forecast,230,metno_forecast,3.0,metar,,,,,8,metno_forecast,3,metno_forecast
2026,5,27,17,24.4,metar,69,metar,0.0,metno_forecast,229,metno_forecast,3.0,metar,,,,,8,metno_forecast,3,metno_forecast
2026,5,27,18,24.4,metar,67,metar,0.0,metno_forecast,235,metno_forecast,11.2,metno_forecast,,,,,7,metno_forecast,3,metno_forecast
2026,5,27,19,25.6,metar,58,metar,0.0,metno_forecast,241,metno_forecast,12.6,metno_forecast,,,,,8,metno_forecast,3,metno_forecast
2026,5,27,20,26.1,metar,58,metar,0.0,metno_forecast,243,metno_forecast,4.0,metar,,,,,6,metno_forecast,3,metno_forecast
2026,5,27,21,26.7,metar,54,metar,0.0,metno_forecast,246,metno_forecast,5.0,metar,,,,,4,metno_forecast,3,metno_forecast
2026,5,27,22,26.7,metar,54,metar,0.0,metno_forecast,240,metar,4.0,metar,,,,,4,metno_forecast,3,metno_forecast
2026,5,27,23,26.1,metar,56,metar,0.0,metno_forecast,236,metno_forecast,12.6,metno_forecast,,,,,7,metno_forecast,3,metno_forecast
2026,5,28,0,25.6,metar,56,metar,0.0,metno_forecast,240,metar,7.0,metar,,,,,7,metno_forecast,3,metno_forecast
2026,5,28,1,25.0,metar,58,metar,0.0,metno_forecast,240,metar,7.0,metar,,,,,8,metno_forecast,3,metno_forecast
2026,5,28,2,25.0,metar,62,metar,0.0,metno_forecast,280,metar,6.0,metar,,,,,8,metno_forecast,3,metno_forecast
2026,5,28,3,25.6,metar,39,metar,0.0,metno_forecast,300,metar,7.0,metar,,,,,8,metno_forecast,3,metno_forecast
2026,5,28,4,23.9,metar,38,metar,0.0,metno_forecast,326,metno_forecast,5.0,metar,,,,,2,metar,3,metno_forecast
2026,5,28,5,23.3,metar,40,metar,0.0,metno_forecast,328,metno_forecast,4.0,metar,,,,,6,metar,3,metno_forecast
2026,5,28,6,21.7,metar,45,metar,0.0,metno_forecast,334,metno_forecast,5.0,metar,,,,,7,metno_forecast,3,metno_forecast
2026,5,28,7,20.6,metar,47,metar,0.0,metno_forecast,0,metar,0.0,metar,,,,,7,metno_forecast,3,metno_forecast
2026,5,28,8,20.0,metar,49,metar,0.0,metno_forecast,320,metar,7.0,metar,,,,,2,metno_forecast,3,metno_forecast
2026,5,28,9,18.9,metar,54,metar,0.0,metno_forecast,300,metar,3.0,metar,,,,,0,metno_forecast,2,metno_forecast
2026,5,28,10,18.9,metar,56,metar,0.0,metno_forecast,0,metar,0.0,metar,,,,,0,metno_forecast,1,metno_forecast
2026,5,28,11,19.4,metar,55,metar,0.0,metno_forecast,290,metar,7.0,metar,,,,,0,metno_forecast,1,metno_forecast
2026,5,28,12,21.1,metar,51,metar,0.0,metno_forecast,331,metno_forecast,3.0,metar,,,,,0,metno_forecast,1,metno_forecast
2026,5,28,13,22.2,metar,46,metar,0.0,metno_forecast,20,metar,7.0,metar,,,,,6,metar,1,metno_forecast
2026,5,28,14,22.2,metar,48,metar,0.0,metno_forecast,344,metno_forecast,5.0,metar,,,,,2,metar,2,metno_forecast
2026,5,28,15,22.8,metar,43,metar,0.0,metno_forecast,340,metno_forecast,3.0,metar,,,,,4,metar,2,metno_forecast
2026,5,28,16,22.2,metar,46,metar,0.0,metno_forecast,336,metno_forecast,5.0,metar,,,,,4,metar,2,metno_forecast
2026,5,28,17,23.3,metar,45,metar,0.0,metno_forecast,40,metar,7.0,metar,16.0,metar,,,4,metar,2,metno_forecast
2026,5,28,18,21.7,metar,41,metar,0.0,metno_forecast,325,metno_forecast,4.0,metar,,,,,4,metar,2,metno_forecast
2026,5,28,19,22.2,metar,38,metar,0.0,metno_forecast,300,metar,13.0,metar,26.0,metar,,,2,metar,2,metno_forecast
2026,5,28,20,21.1,metar,49,metar,0.0,metno_forecast,342,metno_forecast,6.0,metar,16.0,metar,,,6,metar,2,metno_forecast
2026,5,28,21,21.1,metar,47,metar,0.0,metno_forecast,339,metno_forecast,3.0,metar,,,,,6,metar,2,metno_forecast
2026,5,28,22,21.1,metar,42,metar,0.0,metno_forecast,350,metar,9.0,metar,20.0,metar,,,4,metar,3,metno_forecast
2026,5,28,23,19.4,metar,52,metar,0.0,metno_forecast,0,metar,0.0,metar,,,,,2,metar,3,metno_forecast
2026,5,29,0,18.9,metar,48,metar,0.0,metno_forecast,354,metno_forecast,4.0,metar,,,,,7,metno_forecast,3,metno_forecast
2026,5,29,1,18.3,metar,50,metar,0.0,metno_forecast,340,metar,6.0,metar,,,,,2,metar,3,metno_forecast
2026,5,29,2,17.8,metar,50,metar,0.0,metno_forecast,342,metno_forecast,3.0,metar,,,,,1,metno_forecast,2,metno_forecast
2026,5,29,3,17.2,metar,52,metar,0.0,metno_forecast,0,metar,0.0,metar,,,,,0,metno_forecast,1,metno_forecast
2026,5,29,4,16.1,metar,58,metar,0.0,metno_forecast,338,metno_forecast,3.0,metar,,,,,1,metno_forecast,1,metno_forecast
2026,5,29,5,15.6,metar,60,metar,0.0,metno_forecast,336,metno_forecast,3.0,metar,,,,,2,metno_forecast,2,metno_forecast
2026,5,29,6,15.0,metar,62,metar,0.0,metno_forecast,300,metar,4.0,metar,,,,,3,metno_forecast,2,metno_forecast
2026,5,29,7,14.4,metar,67,metar,0.0,metno_forecast,324,metno_forecast,3.0,metar,,,,,3,metno_forecast,2,metno_forecast
2026,5,29,8,14.4,metar,65,metar,0.0,metno_forecast,290,metar,5.0,metar,,,,,1,metno_forecast,3,metno_forecast
2026,5,29,9,13.9,metar,69,metar,0.0,metno_forecast,50,metar,3.0,metar,,,,,3,metno_forecast,2,metno_forecast
2026,5,29,10,13.9,metar,69,metar,0.0,metno_forecast,0,metar,0.0,metar,,,,,3,metno_forecast,2,metno_forecast
2026,5,29,11,15.0,metar,64,metar,0.0,metno_forecast,290,metar,4.0,metar,,,,,2,metno_forecast,3,metno_forecast
2026,5,29,12,15.6,metar,62,metar,0.0,metno_forecast,317,metno_forecast,5.0,metar,,,,,2,metno_forecast,2,metno_forecast
2026,5,29,13,17.8,metar,60,metar,0.0,metno_forecast,0,metar,0.0,metar,,,,,1,metno_forecast,2,metno_forecast
2026,5,29,14,20.0,metar,45,metar,0.0,metno_forecast,335,metno_forecast,4.0,metar,,,,,1,metno_forecast,1,metno_forecast
2026,5,29,15,21.7,metar,34,metar,0.0,metno_forecast,325,metno_forecast,10.1,metno_forecast,,,,,1,metno_forecast,2,metno_forecast
2026,5,29,16,22.8,metar,31,metar,0.0,metno_forecast,280,metno_forecast,4.0,metar,,,,,1,metno_forecast,1,metno_forecast
2026,5,29,17,22.8,metar,33,metar,0.0,metno_forecast,261,metno_forecast,5.0,metar,15.0,metar,,,3,metno_forecast,2,metno_forecast
2026,5,29,18,23.3,metar,38,metar,0.0,metno_forecast,268,metno_forecast,11.9,metno_forecast,,,,,2,metar,3,metno_forecast
2026,5,29,19,23.3,metar,41,metar,0.0,metno_forecast,287,metno_forecast,3.0,metar,,,,,4,metar,2,metno_forecast
2026,5,29,20,23.9,metar,33,metar,0.0,metno_forecast,287,metno_forecast,3.0,metar,,,,,2,metar,2,metno_forecast
2026,5,29,21,23.3,metar,38,metar,0.0,metno_forecast,288,metno_forecast,3.0,metar,,,,,4,metar,3,metno_forecast
2026,5,29,22,22.8,metar,37,metar,0.0,metno_forecast,289,metno_forecast,6.0,metar,,,,,8,metno_forecast,3,metno_forecast
2026,5,29,23,22.8,metar,37,metar,0.0,metno_forecast,273,metno_forecast,5.0,metar,,,,,8,metno_forecast,3,metno_forecast
2026,5,30,0,22.2,metar,41,metar,0.0,metno_forecast,256,metno_forecast,4.0,metar,,,,,8,metar,3,metno_forecast
2026,5,30,1,22.2,metar,41,metar,0.0,metno_forecast,239,metno_forecast,6.0,metar,,,,,4,metar,3,metno_forecast
2026,5,30,2,22.2,metar,43,metar,0.0,metno_forecast,235,metno_forecast,5.0,metar,,,,,8,metar,3,metno_forecast
2026,5,30,3,21.1,metar,49,metar,0.0,metno_forecast,234,metno_forecast,4.0,metar,,,,,6,metar,3,metno_forecast
2026,5,30,4,20.6,metar,53,metar,0.0,metno_forecast,251,metno_forecast,4.0,metar,,,,,6,metar,2,metno_forecast
2026,5,30,5,20.0,metar,53,metar,0.0,metno_forecast,269,metno_forecast,4.0,metar,,,,,0,metno_forecast,1,metno_forecast
2026,5,30,6,18.9,metar,45,metar,0.0,metno_forecast,306,metno_forecast,21.2,metno_forecast,,,,,6,metar,1,metno_forecast
2026,5,30,7,16.1,metar,39,metar,0.0,metno_forecast,324,metno_forecast,20.2,metno_forecast,,,,,8,metar,2,metno_forecast
2026,5,30,8,15.6,metar,42,metar,0.0,metno_forecast,350,metar,8.0,metar,26.0,metar,,,2,metar,1,metno_forecast
2026,5,30,9,12.8,metar,48,metar,0.0,metno_forecast,290,metar,9.0,metar,18.0,metar,,,4,metar,1,metno_forecast
2026,5,30,10,12.2,metar,50,metar,0.0,metno_forecast,314,metno_forecast,21.6,metno_forecast,,,,,4,metar,1,metno_forecast
2026,5,30,11,12.2,metar,53,metar,0.0,metno_forecast,300,metar,11.0,metar,24.0,metar,,,4,metar,2,metno_forecast
2026,5,30,12,13.3,metar,51,metar,0.0,metno_forecast,300,metar,9.0,metar,21.0,metar,,,2,metar,3,metno_forecast
2026,5,30,13,15.0,metar,47,metar,0.0,metno_forecast,20,metar,9.0,metar,18.0,metar,,,6,metar,2,metno_forecast
2026,5,30,14,13.9,metar,55,metar,0.0,metar,10,metar,7.0,metar,19.0,metar,,,2,metar,3,metno_forecast
2026,5,30,15,14.4,metar,51,metar,0.0,metno_forecast,360,metar,11.0,metar,22.0,metar,,,4,metar,3,metno_forecast
2026,5,30,16,15.0,metar,47,metar,0.0,metno_forecast,40,metar,10.0,metar,22.0,metar,,,4,metar,3,metno_forecast
2026,5,30,17,15.0,metar,53,metar,0.0,metno_forecast,30,metar,11.0,metar,27.0,metar,,,2,metar,3,metno_forecast
2026,5,30,18,13.9,metar,57,metar,0.0,metno_forecast,30,metar,8.0,metar,19.0,metar,,,8,metar,2,metno_forecast
2026,5,30,19,14.4,metar,55,metar,0.0,metno_forecast,30,metar,9.0,metar,24.0,metar,,,2,metar,3,metno_forecast
2026,5,30,20,14.4,metar,55,metar,0.0,metno_forecast,20,metar,9.0,metar,26.0,metar,,,2,metar,3,metno_forecast
2026,5,30,21,15.6,metar,53,metar,0.0,metno_forecast,360,metar,8.0,metar,18.0,metar,,,2,metar,3,metno_forecast
2026,5,30,22,15.6,metar,49,metar,0.0,metno_forecast,50,metar,10.0,metar,16.0,metar,,,2,metno_forecast,3,metno_forecast
2026,5,30,23,13.9,metar,62,metar,0.0,metno_forecast,25,metno_forecast,4.0,metar,,,,,0,metno_forecast,2,metno_forecast
2026,5,31,0,12.2,metar,69,metar,0.0,metno_forecast,0,metar,0.0,metar,,,,,0,metno_forecast,1,metno_forecast
2026,5,31,1,12.2,metar,66,metar,0.0,metno_forecast,49,metno_forecast,4.0,metar,,,,,0,metno_forecast,1,metno_forecast
2026,5,31,2,10.6,metar,74,metar,0.0,metno_forecast,0,metar,0.0,metar,,,,,0,metno_forecast,1,metno_forecast
2026,5,31,3,10.6,metar,71,metar,0.0,metno_forecast,0,metar,0.0,metar,,,,,0,metno_forecast,1,metno_forecast
2026,5,31,4,11.1,metar,71,metar,0.0,metno_forecast,290,metar,3.0,metar,,,,,0,metno_forecast,1,metno_forecast
2026,5,31,5,11.7,metar,71,metar,0.0,metno_forecast,270,metar,4.0,metar,,,,,0,metno_forecast,1,metno_forecast
2026,5,31,6,11.1,metar,66,metar,0.0,metno_forecast,290,metar,4.0,metar,,,,,0,metno_forecast,1,metno_forecast
2026,5,31,7,10.0,metar,71,metar,0.0,metno_forecast,295,metno_forecast,3.0,metar,,,,,0,metno_forecast,1,metno_forecast
2026,5,31,8,10.0,metar,71,metar,0.0,metno_forecast,290,metar,3.0,metar,,,,,1,metno_forecast,1,metno_forecast
2026,5,31,9,10.0,metar,71,metar,0.0,metno_forecast,290,metar,3.0,metar,,,,,1,metno_forecast,2,metno_forecast
2026,5,31,10,11.1,metar,63,metar,0.0,metno_forecast,0,metar,0.0,metar,,,,,2,metno_forecast,1,metno_forecast
2026,5,31,11,11.7,metar,66,metar,0.0,metno_forecast,296,metno_forecast,4.0,metar,,,,,4,metno_forecast,2,metno_forecast
2026,5,31,12,13.9,metar,55,metar,0.0,metno_forecast,0,metar,0.0,metar,,,,,3,metno_forecast,3,metno_forecast
2026,5,31,13,16.7,metar,46,metar,0.0,metno_forecast,0,metar,0.0,metar,,,,,3,metno_forecast,2,metno_forecast
2026,5,31,14,19.4,metar,40,metar,0.0,metno_forecast,0,metar,0.0,metar,,,,,3,metno_forecast,3,metno_forecast
2026,5,31,15,20.6,metar,42,metar,0.0,metno_forecast,294,metno_forecast,5.0,metar,,,,,3,metno_forecast,3,metno_forecast
2026,5,31,16,22.2,metar,40,metar,0.0,metno_forecast,250,metar,3.0,metar,,,,,2,metar,3,metno_forecast
2026,5,31,17,22.2,metar,35,metar,0.0,metno_forecast,316,metno_forecast,4.0,metar,,,,,2,metar,3,metno_forecast
2026,5,31,18,21.7,metar,42,metar,0.0,metno_forecast,318,metno_forecast,19.8,metno_forecast,,,,,4,metar,3,metno_forecast
2026,5,31,19,23.3,metar,31,metar,0.0,metno_forecast,280,metar,8.0,metar,,,,,6,metar,3,metno_forecast
2026,5,31,20,23.3,metar,28,metar,0.0,metno_forecast,321,metno_forecast,18.7,metno_forecast,,,,,2,metar,3,metno_forecast
2026,5,31,21,23.3,metar,29,metar,0.0,metno_forecast,260,metar,7.0,metar,,,,,8,metno_forecast,3,metno_forecast
2026,5,31,22,23.3,metar,28,metar,0.0,metno_forecast,325,metno_forecast,20.2,metno_forecast,,,,,2,metar,3,metno_forecast
2026,5,31,23,22.8,metar,29,metar,0.0,metno_forecast,290,metar,5.0,metar,,,,,2,metar,3,metno_forecast
2026,6,1,0,21.7,metar,31,metar,0.0,metno_forecast,0,metar,0.0,metar,,,,,6,metar,3,metno_forecast
2026,6,1,1,20.0,metar,35,metar,0.0,metno_forecast,0,metar,0.0,metar,,,,,2,metar,2,metno_forecast
2026,6,1,2,20.6,metar,33,metar,0.0,metno_forecast,0,metar,0.0,metar,,,,,6,metar,1,metno_forecast
2026,6,1,3,20.0,metar,37,metar,0.0,metno_forecast,349,metno_forecast,6.0,metar,,,,,8,metar,1,metno_forecast
2026,6,1,4,18.3,metar,52,metar,0.0,metno_forecast,60,metar,7.0,metar,16.0,metar,,,8,metar,2,metno_forecast
2026,6,1,5,16.7,metar,62,metar,0.0,metno_forecast,60,metar,7.0,metar,,,,,6,metar,3,metno_forecast
2026,6,1,6,16.1,metar,62,metar,0.0,metar,305,metno_forecast,6.0,metar,,,,,6,metar,3,metno_forecast
2026,6,1,7,14.4,metar,81,metar,0.0,metar,349,metno_forecast,3.0,metar,,,,,8,metar,3,metno_forecast
2026,6,1,8,15.0,metar,67,metar,0.0,metno_forecast,0,metar,0.0,metar,,,,,2,metar,3,metno_forecast
2026,6,1,9,15.0,metar,67,metar,0.0,metno_forecast,0,metar,0.0,metar,,,,,4,metar,3,metno_forecast
2026,6,1,10,15.6,metar,69,metar,0.0,metno_forecast,300,metar,5.0,metar,,,,,4,metar,3,metno_forecast
2026,6,1,11,16.7,metar,70,metar,0.0,metno_forecast,0,metar,0.0,metar,,,,,2,metar,3,metno_forecast
2026,6,1,12,17.8,metar,60,metar,0.0,metno_forecast,0,metar,0.0,metar,,,,,0,metno_forecast,1,metno_forecast
2026,6,1,13,19.4,metar,55,metar,0.0,metno_forecast,50,metar,8.0,metar,,,,,0,metno_forecast,1,metno_forecast
2026,6,1,14,19.4,metar,49,metar,0.0,metno_forecast,355,metno_forecast,6.0,metar,,,,,1,metno_forecast,1,metno_forecast
2026,6,1,15,18.9,metar,56,metar,0.0,metno_forecast,15,metno_forecast,4.0,metar,,,,,6,metar,1,metno_forecast
2026,6,1,16,20.6,metar,47,metar,0.0,metno_forecast,340,metar,3.0,metar,,,,,6,metar,2,metno_forecast
2026,6,1,17,21.7,metar,45,metar,0.0,metno_forecast,80,metar,7.0,metar,,,,,4,metar,2,metno_forecast
2026,6,1,18,20.0,metar,49,metar,0.0,metno_forecast,54,metno_forecast,13.0,metno_forecast,,,,,2,metno_forecast,3,metno_forecast
2026,6,1,19,19.4,metar,49,metar,0.0,metno_forecast,50,metar,8.0,metar,22.0,metar,,,2,metno_forecast,2,metno_forecast
2026,6,1,20,18.9,metar,50,metar,0.3,metno_forecast,60,metar,7.0,metar,19.0,metar,,,3,metno_forecast,17,metno_forecast
2026,6,1,21,18.3,metar,52,metar,0.4,metno_forecast,60,metar,7.0,metar,,,,,4,metar,17,metno_forecast
2026,6,1,22,17.8,metar,52,metar,0.0,metno_forecast,60,metar,9.0,metar,,,,,8,metar,3,metno_forecast
2026,6,1,23,16.1,metar,64,metar,0.2,metno_forecast,0,metar,0.0,metar,,,,,3,metno_forecast,17,metno_forecast
2026,6,2,0,14.4,metar,72,metar,0.0,metno_forecast,0,metar,0.0,metar,,,,,1,metno_forecast,2,metno_forecast
2026,6,2,1,14.4,metar,70,metar,0.0,metno_forecast,0,metar,0.0,metar,,,,,0,metno_forecast,1,metno_forecast
2026,6,2,2,12.8,metar,74,metar,0.0,metno_forecast,0,metar,0.0,metar,,,,,0,metno_forecast,1,metno_forecast
2026,6,2,3,12.2,metar,77,metar,0.0,metno_forecast,0,metar,0.0,metar,,,,,0,metno_forecast,1,metno_forecast
2026,6,2,4,11.7,metar,83,metar,0.0,metno_forecast,0,metar,0.0,metar,,,,,0,metno_forecast,1,metno_forecast
2026,6,2,5,11.7,metar,83,metar,0.0,metno_forecast,30,metar,4.0,metar,,,,,0,metno_forecast,1,metno_forecast
2026,6,2,6,11.7,metar,83,metar,0.0,metno_forecast,270,metar,4.0,metar,,,,,0,metno_forecast,1,metno_forecast
2026,6,2,7,11.7,metar,83,metar,0.0,metno_forecast,290,metar,3.0,metar,,,,,0,metno_forecast,1,metno_forecast
2026,6,2,8,11.1,metar,86,metar,0.0,metno_forecast,0,metar,0.0,metar,,,,,0,metno_forecast,1,metno_forecast
2026,6,2,9,11.7,metar,83,metar,0.0,metno_forecast,0,metar,0.0,metar,,,,,0,metno_forecast,1,metno_forecast
2026,6,2,10,12.2,metar,80,metar,0.0,metno_forecast,286,metno_forecast,4.0,metar,,,,,0,metno_forecast,1,metno_forecast
2026,6,2,11,13.9,metar,74,metar,0.0,metno_forecast,290,metar,5.0,metar,,,,,0,metno_forecast,1,metno_forecast
2026,6,2,12,16.1,metar,64,metar,0.0,metno_forecast,310,metar,5.0,metar,,,,,0,metno_forecast,1,metno_forecast
2026,6,2,13,18.9,metar,50,metar,0.0,metno_forecast,318,metno_forecast,6.0,metar,,,,,0,metno_forecast,1,metno_forecast
2026,6,2,14,21.1,metar,35,metar,0.0,metno_forecast,340,metno_forecast,3.0,metar,,,,,0,metno_forecast,1,metno_forecast
2026,6,2,15,22.8,metar,34,metar,0.0,metno_forecast,0,metar,0.0,metar,,,,,0,metno_forecast,1,metno_forecast
2026,6,2,16,23.9,metar,31,metar,0.0,metno_forecast,50,metar,11.0,metar,19.0,metar,,,0,metno_forecast,1,metno_forecast
2026,6,2,17,23.3,metar,27,metar,0.0,metno_forecast,0,metar,0.0,metar,20.0,metar,,,2,metar,1,metno_forecast
2026,6,2,18,24.4,metar,29,metar,0.0,metno_forecast,6,metno_forecast,6.0,metar,,,,,1,metno_forecast,1,metno_forecast
2026,6,2,19,23.9,metar,26,metar,0.0,metno_forecast,352,metno_forecast,6.0,metar,15.0,metar,,,2,metar,2,metno_forecast
2026,6,2,20,23.9,metar,29,metar,0.0,metno_forecast,40,metar,8.0,metar,18.0,metar,,,4,metno_forecast,3,metno_forecast
2026,6,2,21,23.3,metar,32,metar,0.0,metno_forecast,342,metno_forecast,6.0,metar,,,,,6,metno_forecast,3,metno_forecast
2026,6,2,22,22.8,metar,35,metar,0.0,metno_forecast,360,metar,5.0,metar,,,,,7,metno_forecast,3,metno_forecast
2026,6,2,23,22.2,metar,37,metar,0.0,metno_forecast,360,metar,3.0,metar,,,,,8,metno_forecast,3,metno_forecast
2026,6,3,0,21.1,metar,35,metar,0.0,metno_forecast,0,metar,0.0,metar,,,,,4,metar,3,metno_forecast
2026,6,3,1,21.1,metar,33,metar,0.0,metno_forecast,0,metar,0.0,metar,,,,,6,metar,3,metno_forecast
2026,6,3,2,20.6,metar,38,metar,0.0,metno_forecast,250,metar,4.0,metar,,,,,5,metno_forecast,3,metno_forecast
2026,6,3,3,20.6,metar,39,metar,0.0,metno_forecast,226,metno_forecast,3.0,metar,,,,,6,metno_forecast,3,metno_forecast
2026,6,3,4,20.0,metar,40,metar,0.0,metno_forecast,290,metar,3.0,metar,,,,,4,metno_forecast,3,metno_forecast
2026,6,3,5,18.9,metar,42,metar,0.0,metno_forecast,290,metar,3.0,metar,,,,,2,metno_forecast,3,metno_forecast
2026,6,3,6,17.8,metar,46,metar,0.0,metno_forecast,0,metar,0.0,metar,,,,,1,metno_forecast,2,metno_forecast
2026,6,3,7,16.7,metar,50,metar,0.0,metno_forecast,0,metar,0.0,metar,,,,,2,metno_forecast,1,metno_forecast
2026,6,3,8,16.7,metar,46,metar,0.0,metno_forecast,0,metar,0.0,metar,,,,,3,metno_forecast,2,metno_forecast
2026,6,3,9,16.7,metar,50,metar,0.0,metno_forecast,352,metno_forecast,3.0,metar,,,,,5,metno_forecast,3,metno_forecast
2026,6,3,10,17.2,metar,50,metar,0.0,metno_forecast,0,metar,0.0,metar,,,,,6,metno_forecast,3,metno_forecast
2026,6,3,11,18.9,metar,54,metar,0.0,metno_forecast,280,metar,3.0,metar,,,,,2,metno_forecast,3,metno_forecast
2026,6,3,12,21.1,metar,39,metar,0.0,metno_forecast,338,metno_forecast,5.0,metar,,,,,1,metno_forecast,2,metno_forecast
2026,6,3,13,22.8,metar,35,metar,0.0,metno_forecast,40,metar,7.0,metar,,,,,0,metno_forecast,1,metno_forecast
2026,6,3,14,25.0,metar,29,metar,0.0,metno_forecast,348,metno_forecast,4.0,metar,,,,,0,metno_forecast,1,metno_forecast
2026,6,3,15,26.1,metar,29,metar,0.0,metno_forecast,355,metno_forecast,5.0,metar,,,,,0,metno_forecast,1,metno_forecast
2026,6,3,16,26.7,metar,25,metar,0.0,metno_forecast,356,metno_forecast,5.0,metar,,,,,0,metno_forecast,1,metno_forecast
2026,6,3,17,27.2,metar,23,metar,0.0,metno_forecast,2,metno_forecast,4.0,metar,,,,,0,metno_forecast,1,metno_forecast
2026,6,3,18,27.8,metar,24,metar,0.0,metno_forecast,13,metno_forecast,3.0,metar,,,,,0,metno_forecast,1,metno_forecast
2026,6,3,19,27.8,metar,24,metar,0.0,metno_forecast,0,metar,0.0,metar,,,,,0,metno_forecast,1,metno_forecast
2026,6,3,20,26.7,metar,27,metar,0.0,metno_forecast,50,metar,4.0,metar,,,,,0,metno_forecast,1,metno_forecast
2026,6,3,21,25.6,metar,29,metar,0.0,metno_forecast,130,metar,5.0,metar,,,,,0,metno_forecast,1,metno_forecast
2026,6,3,22,24.4,metar,31,metar,0.0,metno_forecast,158,metno_forecast,3.0,metar,,,,,0,metno_forecast,1,metno_forecast
2026,6,3,23,22.8,metar,34,metar,0.0,metno_forecast,0,metar,0.0,metar,,,,,0,metno_forecast,1,metno_forecast
2026,6,4,0,21.7,metar,31,metar,0.0,metno_forecast,0,metar,0.0,metar,,,,,0,metno_forecast,1,metno_forecast
2026,6,4,1,21.1,metar,33,metar,0.0,metno_forecast,161,metno_forecast,11.9,metno_forecast,,,,,0,metno_forecast,1,metno_forecast
2026,6,4,2,20.6,metar,38,metar,0.0,metno_forecast,0,metar,0.0,metar,,,,,0,metno_forecast,1,metno_forecast
2026,6,4,3,20.6,metar,36,metar,0.0,metno_forecast,181,metno_forecast,4.0,metar,,,,,0,metno_forecast,1,metno_forecast
2026,6,4,4,19.4,metar,34,metar,0.0,metno_forecast,240,metar,4.0,metar,,,,,2,metno_forecast,1,metno_forecast
2026,6,4,5,19.4,metar,36,metar,0.0,metno_forecast,217,metno_forecast,4.0,metar,,,,,3,metno_forecast,2,metno_forecast
2026,6,4,6,20.0,metar,32,metar,0.0,metno_forecast,226,metno_forecast,8.3,metno_forecast,,,,,1,metno_forecast,2,metno_forecast
2026,6,4,7,19.4,metar,37,metar,0.0,metno_forecast,228,metno_forecast,5.0,metar,,,,,0,metno_forecast,1,metno_forecast
2026,6,4,8,18.9,metar,40,metar,0.0,metno_forecast,0,metar,0.0,metar,,,,,0,metno_forecast,1,metno_forecast
2026,6,4,9,17.8,metar,48,metar,0.0,metno_forecast,0,metar,0.0,metar,,,,,0,metno_forecast,1,metno_forecast
2026,6,4,10,18.3,metar,50,metar,0.0,metno_forecast,0,metar,0.0,metar,,,,,0,metno_forecast,1,metno_forecast
2026,6,4,11,18.9,metar,50,metar,0.0,metno_forecast,300,metar,4.0,metar,,,,,0,metno_forecast,1,metno_forecast
2026,6,4,12,21.1,metar,46,metar,0.0,metno_forecast,280,metar,3.0,metar,,,,,0,metno_forecast,1,metno_forecast
2026,6,4,13,23.9,metar,41,metar,0.0,metno_forecast,309,metno_forecast,3.0,metar,,,,,0,metno_forecast,1,metno_forecast
2026,6,4,14,25.6,metar,33,metar,0.0,metno_forecast,0,metar,0.0,metar,,,,,0,metno_forecast,1,metno_forecast
2026,6,4,15,27.8,metar,29,metar,0.0,metno_forecast,0,metar,0.0,metar,,,,,0,metno_forecast,1,metno_forecast
2026,6,4,16,28.9,metar,22,metar,0.0,metno_forecast,300,metar,6.0,metar,,,,,0,metno_forecast,1,metno_forecast
2026,6,4,17,29.4,metar,22,metar,0.0,metno_forecast,246,metno_forecast,3.0,metar,,,,,0,metno_forecast,1,metno_forecast
2026,6,4,18,28.3,metar,21,metar,0.0,metno_forecast,270,metar,3.0,metar,,,,,1,metno_forecast,1,metno_forecast
2026,6,4,19,27.8,metar,29,metar,0.0,metno_forecast,180,metno_forecast,4.0,metar,,,,,2,metno_forecast,2,metno_forecast
2026,6,4,20,28.3,metar,28,metar,0.0,metno_forecast,0,metar,0.0,metar,,,,,7,metno_forecast,2,metno_forecast
2026,6,4,21,26.7,metar,39,metar,0.0,metno_forecast,161,metno_forecast,3.0,metar,,,,,5,metno_forecast,3,metno_forecast
2026,6,4,22,26.7,metar,36,metar,0.0,metno_forecast,158,metno_forecast,3.0,metar,,,,,3,metno_forecast,3,metno_forecast
2026,6,4,23,25.0,metar,43,metar,0.0,metno_forecast,0,metar,0.0,metar,,,,,3,metno_forecast,3,metno_forecast
2026,6,5,0,23.3,metar,46,metar,0.0,metno_forecast,0,metar,0.0,metar,,,,,2,metno_forecast,3,metno_forecast
2026,6,5,1,22.8,metar,48,metar,0.0,metno_forecast,0,metar,0.0,metar,,,,,4,metno_forecast,2,metno_forecast
2026,6,5,2,22.8,metar,51,metar,0.0,metno_forecast,0,metar,0.0,metar,,,,,6,metno_forecast,3,metno_forecast
2026,6,5,3,22.8,metar,50,metar,0.0,metno_forecast,31,metno_forecast,3.0,metar,,,,,2,metno_forecast,3,metno_forecast
2026,6,5,4,22.8,metar,51,metar,0.0,metno_forecast,0,metar,0.0,metar,,,,,2,metno_forecast,2,metno_forecast
2026,6,5,5,21.7,metar,55,metar,0.0,metno_forecast,280,metar,3.0,metar,,,,,2,metno_forecast,2,metno_forecast
2026,6,5,6,21.1,metar,57,metar,0.0,metno_forecast,290,metar,3.0,metar,,,,,5,metno_forecast,2,metno_forecast
2026,6,5,7,20.0,metar,57,metar,0.0,metno_forecast,0,metar,0.0,metar,,,,,4,metno_forecast,3,metno_forecast
2026,6,5,8,19.4,metar,59,metar,0.0,metno_forecast,0,metar,0.0,metar,,,,,5,metno_forecast,3,metno_forecast
2026,6,5,9,19.4,metar,61,metar,0.0,metno_forecast,0,metar,0.0,metar,,,,,4,metno_forecast,3,metno_forecast
2026,6,5,10,20.0,metar,57,metar,0.0,metno_forecast,296,metno_forecast,3.0,metar,,,,,4,metno_forecast,3,metno_forecast
2026,6,5,11,21.1,metar,53,metar,0.0,metno_forecast,0,metar,0.0,metar,,,,,5,metno_forecast,3,metno_forecast
2026,6,5,12,24.4,metar,43,metar,0.0,metno_forecast,0,metar,0.0,metar,,,,,2,metno_forecast,3,metno_forecast
2026,6,5,13,26.1,metar,39,metar,0.0,metno_forecast,0,metar,0.0,metar,,,,,4,metno_forecast,2,metno_forecast
2026,6,5,14,27.8,metar,34,metar,0.0,metno_forecast,300,metar,4.0,metar,,,,,5,metno_forecast,3,metno_forecast
2026,6,5,15,29.4,metar,27,metar,0.0,metno_forecast,0,metar,0.0,metar,,,,,7,metno_forecast,3,metno_forecast
2026,6,5,16,30.0,metar,28,metar,0.0,metno_forecast,0,metar,0.0,metar,,,,,7,metno_forecast,3,metno_forecast
2026,6,5,17,30.6,metar,28,metar,0.0,metno_forecast,294,metno_forecast,9.4,metno_forecast,,,,,6,metno_forecast,3,metno_forecast
2026,6,5,18,30.0,metar,30,metar,0.0,metno_forecast,291,metno_forecast,3.0,metar,,,,,6,metno_forecast,3,metno_forecast
2026,6,5,19,30.6,metar,26,metar,0.0,metno_forecast,270,metno_forecast,11.2,metno_forecast,,,,,4,metno_forecast,3,metno_forecast
2026,6,5,20,30.6,metar,30,metar,0.0,metno_forecast,192,metno_forecast,4.0,metar,,,,,5,metno_forecast,3,metno_forecast
2026,6,5,21,28.3,metar,37,metar,0.0,metno_forecast,166,metno_forecast,5.0,metar,,,,,6,metno_forecast,3,metno_forecast
2026,6,5,22,27.8,metar,34,metar,0.0,metno_forecast,157,metno_forecast,3.0,metar,,,,,7,metno_forecast,3,metno_forecast
2026,6,5,23,26.7,metar,39,metar,0.0,metno_forecast,147,metno_forecast,3.0,metar,,,,,8,metno_forecast,3,metno_forecast
2026,6,6,0,25.6,metar,45,metar,0.0,metno_forecast,0,metar,0.0,metar,,,,,7,metno_forecast,3,metno_forecast
2026,6,6,1,25.0,metar,48,metar,0.0,metno_forecast,0,metar,0.0,metar,,,,,7,metno_forecast,3,metno_forecast
2026,6,6,2,24.4,metar,54,metar,0.0,metno_forecast,0,metar,0.0,metar,,,,,6,metno_forecast,3,metno_forecast
2026,6,6,3,23.9,metar,54,metar,0.0,metno_forecast,0,metar,0.0,metar,,,,,3,metno_forecast,3,metno_forecast
2026,6,6,4,25.0,metar,43,metar,0.0,metno_forecast,230,metar,5.0,metar,,,,,3,metno_forecast,3,metno_forecast
2026,6,6,5,25.0,metar,45,metar,0.0,metno_forecast,230,metar,4.0,metar,,,,,6,metno_forecast,2,metno_forecast
2026,6,6,6,24.4,metar,47,metar,0.0,metno_forecast,240,metar,5.0,metar,,,,,6,metno_forecast,3,metno_forecast
2026,6,6,7,23.9,metar,50,metar,0.0,metno_forecast,230,metar,3.0,metar,,,,,7,metno_forecast,3,metno_forecast
2026,6,6,8,23.3,metar,56,metar,0.0,metno_forecast,250,metar,3.0,metar,,,,,5,metno_forecast,3,metno_forecast
2026,6,6,9,23.3,metar,56,metar,0.0,metno_forecast,260,metar,3.0,metar,,,,,6,metno_forecast,3,metno_forecast
2026,6,6,10,23.9,metar,55,metar,0.0,metno_forecast,0,metar,0.0,metar,,,,,8,metno_forecast,3,metno_forecast
2026,6,6,11,24.4,metar,56,metar,0.0,metno_forecast,0,metar,0.0,metar,,,,,8,metno_forecast,3,metno_forecast
2026,6,6,12,25.6,metar,52,metar,0.0,metno_forecast,229,metno_forecast,9.4,metno_forecast,,,,,8,metno_forecast,3,metno_forecast
2026,6,6,13,27.2,metar,51,metar,0.0,metno_forecast,0,metar,0.0,metar,,,,,7,metno_forecast,3,metno_forecast
2026,6,6,14,27.2,metar,54,metar,0.0,metar,226,metno_forecast,3.0,metar,,,,,2,metar,3,metno_forecast
2026,6,6,15,28.9,metar,48,metar,0.0,metar,231,metno_forecast,13.3,metno_forecast,,,,,2,metar,3,metno_forecast
2026,6,6,16,29.4,metar,46,metar,0.0,metno_forecast,233,metno_forecast,4.0,metar,,,,,8,metno_forecast,3,metno_forecast
2026,6,6,17,30.0,metar,42,metar,0.0,metno_forecast,260,metar,7.0,metar,18.0,metar,,,5,metno_forecast,3,metno_forecast
2026,6,6,18,30.6,metar,42,metar,0.0,metno_forecast,239,metno_forecast,20.9,metno_forecast,,,,,5,metno_forecast,3,metno_forecast
2026,6,6,19,30.6,metar,42,metar,0.0,metno_forecast,239,metno_forecast,22.7,metno_forecast,,,,,7,metno_forecast,3,metno_forecast
2026,6,6,20,30.0,metar,45,metar,0.0,metno_forecast,240,metar,11.0,metar,23.0,metar,,,6,metno_forecast,3,metno_forecast
2026,6,6,21,30.0,metar,43,metar,0.0,metno_forecast,250,metar,9.0,metar,23.0,metar,,,2,metar,3,metno_forecast
2026,6,6,22,28.9,metar,48,metar,0.0,metno_forecast,265,metno_forecast,26.3,metno_forecast,,,,,8,metno_forecast,3,metno_forecast
2026,6,6,23,21.1,metar,81,metar,0.0,metar,290,metar,15.0,metar,46.0,metar,,,6,metar,9,metno_forecast
2026,6,7,0,19.4,metar,93,metar,0.1,metar,280,metar,5.0,metar,,,,,4,metar,8,metar
2026,6,7,1,19.4,metar,97,metar,0.0,metar,250,metar,4.0,metar,,,,,6,metar,3,metno_forecast
2026,6,7,2,19.4,metar,97,metar,0.0,metar,237,metno_forecast,5.0,metar,,,,,8,metar,3,metno_forecast
2026,6,7,3,19.4,metar,97,metar,0.0,metno_forecast,0,metar,0.0,metar,,,,,4,metno_forecast,3,metno_forecast
2026,6,7,4,19.4,metar,97,metar,0.0,metno_forecast,252,metno_forecast,3.0,metar,,,,,4,metno_forecast,3,metno_forecast
2026,6,7,5,19.4,metar,97,metar,0.0,metno_forecast,250,metar,4.0,metar,,,,,0,metno_forecast,3,metno_forecast
2026,6,7,6,19.4,metar,97,metar,0.0,metno_forecast,280,metar,5.0,metar,,,,,0,metno_forecast,1,metno_forecast
2026,6,7,7,19.4,metar,93,metar,0.0,metno_forecast,252,metno_forecast,11.2,metno_forecast,,,,,0,metno_forecast,1,metno_forecast
2026,6,7,8,19.4,metar,93,metar,0.0,metno_forecast,260,metno_forecast,3.0,metar,,,,,0,metno_forecast,1,metno_forecast
2026,6,7,9,19.4,metar,93,metar,0.0,metno_forecast,220,metar,5.0,metar,,,,,0,metno_forecast,1,metno_forecast
2026,6,7,10,20.0,metar,90,metar,0.0,metno_forecast,260,metar,5.0,metar,,,,,2,metar,1,metno_forecast
2026,6,7,11,21.1,metar,81,metar,0.0,metno_forecast,252,metno_forecast,3.0,metar,,,,,0,metno_forecast,1,metno_forecast
2026,6,7,12,22.8,metar,73,metar,0.0,metno_forecast,256,metno_forecast,3.0,metar,,,,,0,metno_forecast,1,metno_forecast
2026,6,7,13,24.4,metar,62,metar,0.0,metno_forecast,290,metar,9.0,metar,18.0,metar,,,0,metno_forecast,1,metno_forecast
2026,6,7,14,25.0,metar,58,metar,0.0,metno_forecast,283,metno_forecast,6.0,metar,17.0,metar,,,2,metar,1,metno_forecast
2026,6,7,15,26.7,metar,51,metar,0.0,metno_forecast,290,metar,8.0,metar,16.0,metar,,,2,metar,1,metno_forecast
2026,6,7,16,26.7,metar,45,metar,0.0,metno_forecast,299,metno_forecast,5.0,metar,,,,,2,metar,2,metno_forecast
2026,6,7,17,23.9,metar,60,metar,0.0,metar,0,metar,5.0,metar,23.0,metar,,,2,metar,8,metar
2026,6,7,18,22.8,metar,68,metar,0.0,metar,306,metno_forecast,4.0,metar,15.0,metar,,,2,metar,17,metno_forecast
2026,6,7,19,23.9,metar,66,metar,0.0,metar,290,metar,3.0,metar,21.0,metar,,,4,metar,3,metno_forecast
2026,6,7,20,26.7,metar,44,metar,0.0,metno_forecast,310,metar,7.0,metar,19.0,metar,,,4,metar,2,metno_forecast
2026,6,7,21,26.7,metar,44,metar,0.0,metno_forecast,30,metar,5.0,metar,,,,,2,metar,3,metno_forecast
2026,6,7,22,25.6,metar,45,metar,0.0,metno_forecast,337,metno_forecast,5.0,metar,17.0,metar,,,2,metar,3,metno_forecast
2026,6,7,23,24.4,metar,50,metar,0.0,metno_forecast,350,metno_forecast,6.0,metar,14.0,metar,,,2,metar,3,metno_forecast
2026,6,8,0,23.3,metar,56,metar,0.0,metno_forecast,351,metno_forecast,6.0,metar,,,,,6,metar,3,metno_forecast
2026,6,8,1,22.2,metar,59,metar,0.0,metno_forecast,8,metno_forecast,3.0,metar,,,,,8,metar,2,metno_forecast
2026,6,8,2,21.7,metar,61,metar,0.0,metno_forecast,8,metno_forecast,16.9,metno_forecast,,,,,6,metar,1,metno_forecast
2026,6,8,3,20.6,metar,68,metar,0.0,metno_forecast,30,metar,9.0,metar,19.0,metar,,,2,metar,1,metno_forecast
2026,6,8,4,20.0,metar,65,metar,0.0,metno_forecast,20,metar,8.0,metar,17.0,metar,,,2,metar,2,metno_forecast
2026,6,8,5,18.9,metar,70,metar,0.0,metno_forecast,10,metno_forecast,5.0,metar,,,,,6,metar,1,metno_forecast
2026,6,8,6,18.9,metar,70,metar,0.0,metno_forecast,10,metar,5.0,metar,,,,,8,metar,1,metno_forecast
2026,6,8,7,17.8,metar,78,metar,0.0,metno_forecast,22,metno_forecast,6.0,metar,18.0,metar,,,2,metar,3,metno_forecast
2026,6,8,8,17.2,metar,67,metar,0.0,metno_forecast,70,metar,8.0,metar,20.0,metar,,,4,metar,3,metno_forecast
2026,6,8,9,17.2,metar,65,metar,0.0,metno_forecast,70,metar,10.0,metar,18.0,metar,,,8,metar,3,metno_forecast
2026,6,8,10,17.8,metar,60,metar,0.0,metno_forecast,70,metar,7.0,metar,23.0,metar,,,8,metar,3,metno_forecast
2026,6,8,11,18.3,metar,58,metar,0.0,metno_forecast,60,metar,10.0,metar,17.0,metar,,,0,metno_forecast,3,metno_forecast
2026,6,8,12,19.4,metar,49,metar,0.0,metno_forecast,70,metar,8.0,metar,18.0,metar,,,0,metno_forecast,1,metno_forecast
2026,6,8,13,20.6,metar,45,metar,0.0,metno_forecast,65,metno_forecast,10.8,metno_forecast,,,,,0,metno_forecast,1,metno_forecast
2026,6,8,14,21.1,metar,41,metar,0.0,metno_forecast,67,metno_forecast,4.0,metar,17.0,metar,,,0,metno_forecast,1,metno_forecast
2026,6,8,15,22.8,metar,38,metar,0.0,metno_forecast,50,metar,7.0,metar,,,,,0,metno_forecast,1,metno_forecast
2026,6,8,16,23.3,metar,38,metar,0.0,metno_forecast,77,metno_forecast,3.0,metar,,,,,0,metno_forecast,1,metno_forecast
2026,6,8,17,21.7,metar,49,metar,0.0,metno_forecast,138,metno_forecast,13.3,metno_forecast,,,,,4,metar,1,metno_forecast
2026,6,8,18,22.2,metar,41,metar,0.0,metno_forecast,155,metno_forecast,6.0,metar,,,,,6,metno_forecast,1,metno_forecast
2026,6,8,19,21.7,metar,41,metar,0.0,metno_forecast,169,metno_forecast,6.0,metar,,,,,7,metno_forecast,3,metno_forecast
2026,6,8,20,21.1,metar,42,metar,0.0,metno_forecast,150,metar,6.0,metar,,,,,7,metno_forecast,3,metno_forecast
2026,6,8,21,20.6,metar,42,metar,0.0,metno_forecast,160,metno_forecast,3.0,metar,,,,,4,metno_forecast,3,metno_forecast
2026,6,8,22,20.6,metar,42,metar,0.0,metno_forecast,167,metno_forecast,4.0,metar,,,,,4,metno_forecast,3,metno_forecast
2026,6,8,23,19.4,metar,45,metar,0.0,metno_forecast,173,metno_forecast,3.0,metar,,,,,3,metno_forecast,3,metno_forecast
2026,6,9,0,18.3,metar,48,metar,0.0,metno_forecast,0,metar,0.0,metar,,,,,0,metno_forecast,2,metno_forecast
2026,6,9,1,18.3,metar,48,metar,0.0,metno_forecast,181,metno_forecast,3.0,metar,,,,,0,metno_forecast,1,metno_forecast
2026,6,9,2,18.9,metar,48,metar,0.0,metno_forecast,240,metar,6.0,metar,,,,,0,metno_forecast,1,metno_forecast
2026,6,9,3,18.9,metar,45,metar,0.0,metno_forecast,202,metno_forecast,6.0,metar,,,,,1,metno_forecast,1,metno_forecast
2026,6,9,4,18.3,metar,47,metar,0.0,metno_forecast,215,metno_forecast,9.7,metno_forecast,,,,,0,metno_forecast,2,metno_forecast
2026,6,9,5,17.8,metar,46,metar,0.0,metno_forecast,230,metar,3.0,metar,,,,,0,metno_forecast,1,metno_forecast
2026,6,9,6,17.2,metar,48,metar,0.0,metno_forecast,232,metno_forecast,9.0,metno_forecast,,,,,0,metno_forecast,1,metno_forecast
2026,6,9,7,16.7,metar,52,metar,0.0,metno_forecast,233,metno_forecast,5.0,metar,,,,,0,metno_forecast,1,metno_forecast
2026,6,9,8,16.7,metar,48,metar,0.0,metno_forecast,250,metar,9.0,metar,15.0,metar,,,0,metno_forecast,1,metno_forecast
2026,6,9,9,16.7,metar,48,metar,0.0,metno_forecast,240,metar,6.0,metar,,,,,0,metno_forecast,1,metno_forecast
2026,6,9,10,16.7,metar,50,metar,0.0,metno_forecast,260,metar,6.0,metar,,,,,0,metno_forecast,1,metno_forecast
2026,6,9,11,17.2,metar,52,metar,0.0,metno_forecast,270,metar,3.0,metar,,,,,0,metno_forecast,1,metno_forecast
2026,6,9,12,18.9,metar,45,metar,0.0,metno_forecast,231,metno_forecast,4.0,metar,,,,,0,metno_forecast,1,metno_forecast
2026,6,9,13,21.1,metar,39,metar,0.0,metno_forecast,228,metno_forecast,3.0,metar,,,,,0,metno_forecast,1,metno_forecast
2026,6,9,14,22.8,metar,37,metar,0.0,metno_forecast,227,metno_forecast,6.0,metar,,,,,0,metno_forecast,1,metno_forecast
2026,6,9,15,24.4,metar,36,metar,0.0,metno_forecast,225,metno_forecast,5.0,metar,,,,,0,metno_forecast,1,metno_forecast
2026,6,9,16,25.0,metar,37,metar,0.0,metno_forecast,226,metno_forecast,12.2,metno_forecast,,,,,5,metno_forecast,1,metno_forecast
2026,6,9,17,25.6,metar,40,metar,0.0,metno_forecast,0,metar,0.0,metar,,,,,5,metno_forecast,3,metno_forecast
2026,6,9,18,26.1,metar,44,metar,0.0,metno_forecast,204,metno_forecast,13.7,metno_forecast,,,,,4,metno_forecast,3,metno_forecast
2026,6,9,19,25.6,metar,40,metar,0.0,metno_forecast,176,metno_forecast,5.0,metar,,,,,4,metno_forecast,3,metno_forecast
2026,6,9,20,24.4,metar,40,metar,0.0,metno_forecast,160,metno_forecast,4.0,metar,,,,,2,metno_forecast,3,metno_forecast
2026,6,9,21,23.9,metar,41,metar,0.0,metno_forecast,155,metno_forecast,3.0,metar,,,,,1,metno_forecast,2,metno_forecast
2026,6,9,22,23.9,metar,43,metar,0.0,metno_forecast,0,metar,0.0,metar,,,,,3,metno_forecast,1,metno_forecast
2026,6,9,23,23.3,metar,50,metar,0.0,metno_forecast,0,metar,0.0,metar,,,,,8,metno_forecast,3,metno_forecast
2026,6,10,0,22.2,metar,55,metar,0.0,metno_forecast,0,metar,0.0,metar,,,,,0,metno_forecast,3,metno_forecast
2026,6,10,1,22.2,metar,59,metar,0.0,metno_forecast,200,metar,3.0,metar,,,,,1,metno_forecast,1,metno_forecast
2026,6,10,2,22.2,metar,59,metar,0.0,metno_forecast,193,metno_forecast,5.0,metar,,,,,2,metno_forecast,1,metno_forecast
2026,6,10,3,22.2,metar,61,metar,0.0,metno_forecast,202,metno_forecast,4.0,metar,,,,,3,metno_forecast,2,metno_forecast
2026,6,10,4,22.2,metar,61,metar,0.0,metno_forecast,201,metno_forecast,4.0,metar,16.0,metar,,,7,metno_forecast,2,metno_forecast
2026,6,10,5,21.1,metar,63,metar,0.0,metno_forecast,204,metno_forecast,5.0,metar,,,,,6,metno_forecast,3,metno_forecast
2026,6,10,6,20.6,metar,65,metar,0.0,metno_forecast,0,metar,0.0,metar,,,,,5,metno_forecast,3,metno_forecast
2026,6,10,7,21.1,metar,61,metar,0.0,metno_forecast,212,metno_forecast,3.0,metar,,,,,8,metno_forecast,3,metno_forecast
2026,6,10,8,21.1,metar,63,metar,0.0,metno_forecast,216,metno_forecast,3.0,metar,,,,,7,metno_forecast,3,metno_forecast
2026,6,10,9,21.1,metar,66,metar,0.0,metno_forecast,0,metar,0.0,metar,,,,,2,metar,3,metno_forecast
2026,6,10,10,21.1,metar,68,metar,0.0,metno_forecast,0,metar,0.0,metar,,,,,6,metar,3,metno_forecast
2026,6,10,11,21.7,metar,70,metar,0.0,metno_forecast,0,metar,0.0,metar,,,,,6,metar,3,metno_forecast
2026,6,10,12,21.7,metar,73,metar,0.0,metno_forecast,206,metno_forecast,4.0,metar,,,,,8,metno_forecast,3,metno_forecast
2026,6,10,13,22.2,metar,73,metar,0.0,metno_forecast,186,metno_forecast,3.0,metar,,,,,8,metno_forecast,3,metno_forecast
2026,6,10,14,24.4,metar,67,metar,0.0,metno_forecast,0,metar,0.0,metar,,,,,7,metno_forecast,3,metno_forecast
2026,6,10,15,26.1,metar,62,metar,0.0,metno_forecast,185,metno_forecast,3.0,metar,,,,,6,metar,3,metno_forecast
2026,6,10,16,27.2,metar,61,metar,0.0,metno_forecast,0,metar,0.0,metar,,,,,4,metar,3,metno_forecast
2026,6,10,17,27.2,metar,61,metar,0.0,metno_forecast,0,metar,0.0,metar,,,,,2,metar,3,metno_forecast
2026,6,10,18,27.2,metar,62,metar,0.1,metno_forecast,156,metno_forecast,4.0,metar,,,,,4,metar,7,metno_forecast
2026,6,10,19,26.7,metar,67,metar,0.0,metno_forecast,156,metno_forecast,15.8,metno_forecast,,,,,6,metar,3,metno_forecast
2026,6,10,20,26.1,metar,72,metar,0.0,metno_forecast,0,metar,0.0,metar,,,,,6,metar,3,metno_forecast
2026,6,10,21,25.6,metar,76,metar,0.0,metar,190,metno_forecast,3.0,metar,,,,,2,metar,8,metno_forecast
2026,6,10,22,26.7,metar,71,metar,0.3,metno_forecast,178,metno_forecast,3.0,metar,,,,,6,metar,8,metno_forecast
2026,6,10,23,26.7,metar,69,metar,0.3,metno_forecast,0,metar,0.0,metar,,,,,6,metar,8,metno_forecast
2026,6,11,0,26.1,metar,74,metar,0.0,metno_forecast,0,metar,0.0,metar,,,,,4,metar,3,metno_forecast
2026,6,11,1,25.0,metar,74,metar,0.0,metno_forecast,0,metar,0.0,metar,,,,,8,metno_forecast,3,metno_forecast
2026,6,11,2,25.0,metar,77,metar,0.0,metno_forecast,0,metar,0.0,metar,,,,,2,metar,3,metno_forecast
2026,6,11,3,25.0,metar,77,metar,0.0,metno_forecast,230,metar,5.0,metar,,,,,2,metar,3,metno_forecast
2026,6,11,4,24.4,metar,79,metar,0.0,metno_forecast,260,metar,4.0,metar,,,,,8,metno_forecast,3,metno_forecast
2026,6,11,5,23.9,metar,82,metar,0.0,metno_forecast,213,metno_forecast,10.1,metno_forecast,,,,,7,metno_forecast,3,metno_forecast
2026,6,11,6,23.9,metar,84,metar,0.0,metno_forecast,225,metno_forecast,3.0,metar,,,,,6,metar,3,metno_forecast
2026,6,11,7,23.3,metar,87,metar,0.0,metno_forecast,0,metar,0.0,metar,,,,,8,metno_forecast,3,metno_forecast
2026,6,11,8,22.8,metar,90,metar,0.0,metno_forecast,246,metno_forecast,3.0,metar,,,,,7,metno_forecast,3,metno_forecast
2026,6,11,9,22.2,metar,93,metar,0.0,metno_forecast,255,metno_forecast,5.0,metar,,,,,7,metno_forecast,3,metno_forecast
2026,6,11,10,23.3,metar,91,metar,0.0,metno_forecast,0,metar,0.0,metar,,,,,6,metno_forecast,3,metno_forecast
2026,6,11,11,24.4,metar,85,metar,0.0,metno_forecast,263,metno_forecast,3.0,metar,,,,,5,metno_forecast,3,metno_forecast
2026,6,11,12,26.1,metar,77,metar,0.0,metno_forecast,287,metno_forecast,5.4,metno_forecast,,,,,0,metno_forecast,3,metno_forecast
2026,6,11,13,28.3,metar,70,metar,0.0,metno_forecast,0,metar,0.0,metar,,,,,5,metno_forecast,1,metno_forecast
2026,6,11,14,29.4,metar,65,metar,0.0,metno_forecast,278,metno_forecast,3.0,metar,,,,,5,metno_forecast,3,metno_forecast
2026,6,11,15,30.6,metar,61,metar,0.0,metno_forecast,282,metno_forecast,4.0,metar,,,,,4,metar,3,metno_forecast
2026,6,11,16,32.2,metar,58,metar,0.0,metno_forecast,277,metno_forecast,4.0,metar,,,,,2,metar,3,metno_forecast
2026,6,11,17,32.2,metar,58,metar,0.0,metno_forecast,0,metar,0.0,metar,,,,,4,metar,3,metno_forecast
2026,6,11,18,32.2,metar,58,metar,0.1,metno_forecast,294,metno_forecast,4.0,metar,,,,,2,metar,7,metno_forecast
2026,6,11,19,31.1,metar,61,metar,1.6,metno_forecast,312,metno_forecast,5.0,metar,,,,,2,metar,9,metno_forecast
2026,6,11,20,32.2,metar,54,metar,0.0,metno_forecast,283,metno_forecast,4.0,metar,,,,,8,metno_forecast,3,metno_forecast
2026,6,11,21,32.2,metar,49,metar,0.0,metno_forecast,191,metno_forecast,9.7,metno_forecast,,,,,2,metar,3,metno_forecast
2026,6,11,22,31.1,metar,57,metar,0.0,metno_forecast,0,metar,0.0,metar,,,,,8,metno_forecast,3,metno_forecast
2026,6,11,23,30.6,metar,57,metar,0.3,metno_forecast,334,metno_forecast,3.0,metar,,,,,8,metno_forecast,8,metno_forecast
2026,6,12,0,30.6,metar,57,metar,0.0,metno_forecast,0,metar,0.0,metar,,,,,8,metno_forecast,3,metno_forecast
2026,6,12,1,30.6,metar,57,metar,0.0,metno_forecast,0,metar,0.0,metar,,,,,8,metno_forecast,3,metno_forecast
2026,6,12,2,29.4,metar,61,metar,0.0,metno_forecast,250,metar,4.0,metar,,,,,2,metar,3,metno_forecast
2026,6,12,3,27.2,metar,67,metar,0.0,metar,270,metno_forecast,3.0,metar,,,,,2,metar,3,metno_forecast
2026,6,12,4,22.8,metar,96,metar,0.0,metar,0,metar,0.0,metar,,,,,6,metar,3,metno_forecast
2026,6,12,5,23.3,metar,97,metar,0.0,metar,0,metar,0.0,metar,,,,,2,metno_forecast,3,metno_forecast
2026,6,12,6,23.3,metar,97,metar,0.0,metno_forecast,300,metar,3.0,metar,,,,,2,metno_forecast,2,metno_forecast
2026,6,12,7,22.2,metar,97,metar,0.0,metno_forecast,250,metno_forecast,4.0,metar,,,,,4,metno_forecast,2,metno_forecast
2026,6,12,8,22.2,metar,93,metar,0.0,metno_forecast,0,metar,0.0,metar,,,,,4,metar,3,metno_forecast
2026,6,12,9,22.2,metar,93,metar,0.0,metno_forecast,269,metno_forecast,6.0,metar,,,,,6,metar,3,metno_forecast
2026,6,12,10,22.2,metar,93,metar,0.0,metno_forecast,280,metar,3.0,metar,,,,,4,metar,3,metno_forecast
2026,6,12,11,23.9,metar,84,metar,0.0,metno_forecast,274,metno_forecast,4.0,metar,,,,,4,metar,3,metno_forecast
2026,6,12,12,23.3,metar,91,metar,0.0,metar,296,metno_forecast,4.0,metar,,,,,2,metar,2,metno_forecast
2026,6,12,13,23.9,metar,88,metar,0.0,metar,270,metar,4.0,metar,,,,,8,metar,2,metno_forecast
2026,6,12,14,26.7,metar,74,metar,0.4,metno_forecast,250,metar,4.0,metar,,,,,2,metar,17,metno_forecast
2026,6,12,15,28.9,metar,67,metar,0.1,metno_forecast,296,metno_forecast,4.0,metar,,,,,1,metno_forecast,17,metno_forecast
2026,6,12,16,30.6,metar,57,metar,0.0,metno_forecast,299,metno_forecast,4.0,metar,,,,,2,metar,1,metno_forecast
2026,6,12,17,31.1,metar,55,metar,0.0,metno_forecast,298,metno_forecast,5.0,metar,,,,,2,metar,1,metno_forecast
2026,6,12,18,31.1,metar,61,metar,0.0,metno_forecast,290,metno_forecast,5.0,metar,,,,,4,metar,1,metno_forecast
2026,6,12,19,31.1,metar,59,metar,0.0,metno_forecast,288,metno_forecast,6.0,metar,,,,,4,metar,1,metno_forecast
2026,6,12,20,31.7,metar,53,metar,0.0,metno_forecast,290,metar,9.0,metar,18.0,metar,,,2,metar,2,metno_forecast
2026,6,12,21,30.6,metar,59,metar,1.6,metno_forecast,284,metno_forecast,16.6,metno_forecast,,,,,6,metno_forecast,18,metno_forecast
2026,6,12,22,28.9,metar,65,metar,0.0,metar,300,metar,18.0,metar,37.0,metar,,,2,metar,18,metno_forecast
2026,6,12,23,23.3,metar,91,metar,0.4,metar,10,metar,6.0,metar,37.0,metar,,,6,metar,8,metar
2026,6,13,0,22.8,metar,96,metar,0.0,metno_forecast,0,metar,0.0,metar,,,,,7,metno_forecast,2,metno_forecast
2026,6,13,1,23.3,metar,97,metar,0.0,metno_forecast,288,metno_forecast,10.4,metno_forecast,,,,,8,metno_forecast,3,metno_forecast
2026,6,13,2,23.3,metar,97,metar,0.0,metno_forecast,280,metar,5.0,metar,,,,,8,metno_forecast,3,metno_forecast
2026,6,13,3,23.3,metar,94,metar,0.0,metno_forecast,292,metno_forecast,4.0,metar,,,,,8,metno_forecast,3,metno_forecast
2026,6,13,4,23.3,metar,94,metar,0.0,metno_forecast,308,metno_forecast,4.0,metar,,,,,7,metno_forecast,3,metno_forecast
2026,6,13,5,23.3,metar,82,metar,0.0,metno_forecast,326,metno_forecast,4.0,metar,,,,,2,metno_forecast,3,metno_forecast
2026,6,13,6,23.3,metar,69,metar,0.0,metno_forecast,327,metno_forecast,4.0,metar,,,,,4,metno_forecast,2,metno_forecast
2026,6,13,7,22.8,metar,66,metar,0.0,metno_forecast,0,metar,0.0,metar,,,,,8,metno_forecast,3,metno_forecast
2026,6,13,8,21.7,metar,73,metar,0.0,metno_forecast,300,metar,4.0,metar,,,,,8,metno_forecast,3,metno_forecast
2026,6,13,9,21.1,metar,71,metar,0.0,metno_forecast,300,metar,3.0,metar,,,,,0,metno_forecast,3,metno_forecast
2026,6,13,10,21.7,metar,66,metar,0.0,metno_forecast,0,metar,0.0,metar,,,,,0,metno_forecast,1,metno_forecast
2026,6,13,11,22.2,metar,64,metar,0.0,metno_forecast,324,metno_forecast,9.7,metno_forecast,,,,,0,metno_forecast,1,metno_forecast
2026,6,13,12,23.3,metar,62,metar,0.0,metno_forecast,0,metar,0.0,metar,,,,,0,metno_forecast,1,metno_forecast
2026,6,13,13,24.4,metar,56,metar,0.0,metno_forecast,333,metno_forecast,3.0,metar,,,,,0,metno_forecast,1,metno_forecast
2026,6,13,14,25.6,metar,50,metar,0.0,metno_forecast,0,metar,0.0,metar,,,,,0,metno_forecast,1,metno_forecast
2026,6,13,15,27.2,metar,44,metar,0.0,metno_forecast,312,metno_forecast,5.8,metno_forecast,,,,,0,metno_forecast,1,metno_forecast
2026,6,13,16,27.8,metar,44,metar,0.0,metno_forecast,300,metno_forecast,5.8,metno_forecast,,,,,0,metno_forecast,1,metno_forecast
2026,6,13,17,28.9,metar,40,metar,0.0,metno_forecast,304,metno_forecast,3.0,metar,,,,,2,metar,1,metno_forecast
2026,6,13,18,28.3,metar,44,metar,0.0,metno_forecast,305,metno_forecast,5.0,metar,,,,,0,metno_forecast,1,metno_forecast
2026,6,13,19,28.9,metar,38,metar,0.0,metno_forecast,0,metar,0.0,metar,,,,,2,metar,1,metno_forecast
2026,6,13,20,28.9,metar,43,metar,0.0,metno_forecast,299,metno_forecast,3.0,metar,,,,,4,metar,1,metno_forecast
2026,6,13,21,28.3,metar,44,metar,0.0,metno_forecast,288,metno_forecast,11.2,metno_forecast,,,,,4,metar,1,metno_forecast
2026,6,13,22,29.4,metar,35,metar,0.0,metno_forecast,232,metno_forecast,3.0,metar,,,,,3,metno_forecast,2,metno_forecast
2026,6,13,23,28.3,metar,34,metar,0.0,metno_forecast,243,metno_forecast,5.0,metar,,,,,4,metno_forecast,2,metno_forecast
2026,6,14,0,27.2,metar,39,metar,0.0,metno_forecast,0,metar,0.0,metar,,,,,2,metno_forecast,3,metno_forecast
2026,6,14,1,26.7,metar,42,metar,0.0,metno_forecast,300,metar,3.0,metar,,,,,1,metno_forecast,2,metno_forecast
2026,6,14,2,25.6,metar,45,metar,0.0,metno_forecast,0,metar,0.0,metar,,,,,0,metno_forecast,1,metno_forecast
2026,6,14,3,25.6,metar,45,metar,0.0,metno_forecast,0,metar,0.0,metar,,,,,1,metno_forecast,1,metno_forecast
2026,6,14,4,25.9,metno_forecast,49,metno_forecast,0.0,metno_forecast,256,metno_forecast,3.6,metno_forecast,,,1011.6,metno_forecast,3,metno_forecast,1,metno_forecast
2026,6,14,5,25.0,metar,47,metar,0.0,metno_forecast,0,metar,0.0,metar,,,,,8,metno_forecast,2,metno_forecast
2026,6,14,6,24.4,metar,48,metar,0.0,metno_forecast,250,metar,3.0,metar,,,,,8,metno_forecast,3,metno_forecast
2026,6,14,7,23.9,metar,52,metar,0.0,metno_forecast,240,metar,3.0,metar,,,,,7,metno_forecast,3,metno_forecast
2026,6,14,8,23.3,metar,53,metar,0.0,metno_forecast,0,metar,0.0,metar,,,,,6,metno_forecast,3,metno_forecast
2026,6,14,9,22.8,metar,55,metar,0.0,metno_forecast,0,metar,0.0,metar,,,,,6,metno_forecast,3,metno_forecast
2026,6,14,10,23.3,metar,57,metar,0.0,metno_forecast,0,metar,0.0,metar,,,,,3,metno_forecast,3,metno_forecast
2026,6,14,11,23.9,metar,60,metar,0.0,metno_forecast,0,metar,0.0,metar,,,,,2,metno_forecast,2,metno_forecast
2026,6,14,12,25.0,metar,54,metar,0.0,metno_forecast,230,metar,4.0,metar,,,,,3,metno_forecast,2,metno_forecast
2026,6,14,13,26.7,metar,51,metar,0.0,metno_forecast,0,metar,0.0,metar,,,,,1,metno_forecast,3,metno_forecast
2026,6,14,14,27.2,metar,49,metar,0.0,metno_forecast,0,metar,0.0,metar,,,,,3,metno_forecast,2,metno_forecast
2026,6,14,15,28.9,metar,46,metar,0.0,metno_forecast,224,metno_forecast,4.0,metar,,,,,2,metno_forecast,3,metno_forecast
2026,6,14,16,29.4,metar,40,metar,0.0,metno_forecast,223,metno_forecast,4.0,metar,,,,,6,metno_forecast,2,metno_forecast
2026,6,14,17,30.0,metar,46,metar,0.0,metno_forecast,210,metno_forecast,14.4,metno_forecast,,,,,7,metno_forecast,3,metno_forecast
2026,6,14,18,29.4,metar,50,metar,0.0,metno_forecast,140,metar,4.0,metar,,,,,8,metno_forecast,3,metno_forecast
2026,6,14,19,28.9,metar,57,metar,0.0,metno_forecast,167,metno_forecast,17.3,metno_forecast,,,,,6,metno_forecast,3,metno_forecast
2026,6,14,20,28.3,metar,55,metar,0.0,metno_forecast,140,metar,7.0,metar,,,,,7,metno_forecast,3,metno_forecast
2026,6,14,21,27.8,metar,56,metar,0.0,metno_forecast,174,metno_forecast,23.4,metno_forecast,,,,,8,metno_forecast,3,metno_forecast
2026,6,14,22,26.7,metar,56,metar,0.8,metno_forecast,166,metno_forecast,4.0,metar,,,,,7,metno_forecast,8,metno_forecast
2026,6,14,23,26.1,metar,56,metar,0.0,metno_forecast,158,metno_forecast,20.5,metno_forecast,,,,,2,metar,3,metno_forecast
2026,6,15,0,25.6,metar,56,metar,0.0,metno_forecast,158,metno_forecast,6.0,metar,,,,,2,metar,3,metno_forecast
2026,6,15,1,23.9,metar,66,metar,0.0,metno_forecast,160,metar,5.0,metar,,,,,8,metno_forecast,3,metno_forecast
2026,6,15,2,23.3,metar,74,metar,0.3,metno_forecast,164,metno_forecast,13.7,metno_forecast,,,,,8,metno_forecast,8,metno_forecast
2026,6,15,3,22.2,metar,93,metar,0.0,metar,220,metar,4.0,metar,,,,,2,metar,8,metar
2026,6,15,4,22.2,metar,97,metar,0.1,metar,0,metar,5.0,metar,,,,,4,metar,8,metar
2026,6,15,5,21.1,metar,100,metar,0.0,metar,0,metar,0.0,metar,,,,,4,metar,9,metno_forecast
2026,6,15,6,21.1,metar,97,metar,0.0,metar,216,metno_forecast,6.0,metar,,,,,2,metar,9,metno_forecast
2026,6,15,7,20.6,metar,96,metar,0.0,metar,280,metar,5.0,metar,,,,,4,metar,9,metno_forecast
2026,6,15,8,20.6,metar,96,metar,0.2,metno_forecast,239,metno_forecast,4.0,metar,,,,,6,metar,7,metno_forecast
2026,6,15,9,20.0,metar,96,metar,0.0,metno_forecast,310,metar,7.0,metar,17.0,metar,,,4,metar,3,metno_forecast
2026,6,15,10,18.9,metar,78,metar,0.0,metno_forecast,316,metno_forecast,20.5,metno_forecast,,,,,4,metar,3,metno_forecast
2026,6,15,11,19.4,metar,71,metar,0.0,metno_forecast,290,metar,12.0,metar,22.0,metar,,,4,metar,2,metno_forecast
2026,6,15,12,20.0,metar,68,metar,0.0,metno_forecast,300,metar,13.0,metar,28.0,metar,,,2,metar,1,metno_forecast
2026,6,15,13,21.7,metar,53,metar,0.0,metno_forecast,325,metno_forecast,6.0,metar,15.0,metar,,,2,metar,1,metno_forecast
2026,6,15,14,21.7,metar,51,metar,0.0,metno_forecast,326,metno_forecast,16.6,metno_forecast,,,,,2,metar,1,metno_forecast
2026,6,15,15,21.7,metar,47,metar,0.0,metno_forecast,340,metar,7.0,metar,21.0,metar,,,2,metar,1,metno_forecast
2026,6,15,16,22.8,metar,44,metar,0.0,metno_forecast,326,metno_forecast,3.0,metar,,,,,6,metar,1,metno_forecast
2026,6,15,17,21.7,metar,45,metar,0.0,metno_forecast,312,metno_forecast,6.0,metar,19.0,metar,,,6,metar,1,metno_forecast
2026,6,15,18,22.2,metar,43,metar,0.0,metno_forecast,310,metar,9.0,metar,22.0,metar,,,6,metar,2,metno_forecast
2026,6,15,19,22.2,metar,43,metar,0.0,metno_forecast,300,metar,13.0,metar,27.0,metar,,,2,metar,2,metno_forecast
2026,6,15,20,23.3,metar,41,metar,0.0,metno_forecast,294,metno_forecast,5.0,metar,18.0,metar,,,4,metar,3,metno_forecast
2026,6,15,21,22.8,metar,41,metar,0.0,metno_forecast,290,metar,8.0,metar,19.0,metar,,,2,metar,2,metno_forecast
2026,6,15,22,21.7,metar,44,metar,0.0,metno_forecast,306,metno_forecast,18.4,metno_forecast,,,,,2,metar,2,metno_forecast
2026,6,15,23,20.6,metar,45,metar,0.0,metno_forecast,310,metar,10.0,metar,19.0,metar,,,2,metar,2,metno_forecast
2026,6,16,0,19.4,metar,49,metar,0.0,metno_forecast,334,metno_forecast,16.6,metno_forecast,,,,,0,metno_forecast,1,metno_forecast
2026,6,16,1,18.9,metar,47,metar,0.0,metno_forecast,0,metar,0.0,metar,,,,,0,metno_forecast,1,metno_forecast
2026,6,16,2,18.3,metar,48,metar,0.0,metno_forecast,348,metno_forecast,12.6,metno_forecast,,,,,0,metno_forecast,1,metno_forecast
2026,6,16,3,17.2,metar,54,metar,0.0,metno_forecast,339,metno_forecast,3.0,metar,,,,,0,metno_forecast,1,metno_forecast
2026,6,16,4,17.2,metar,56,metar,0.0,metno_forecast,327,metno_forecast,3.0,metar,,,,,0,metno_forecast,1,metno_forecast
2026,6,16,5,16.7,metar,58,metar,0.0,metno_forecast,315,metno_forecast,4.0,metar,,,,,0,metno_forecast,1,metno_forecast
2026,6,16,6,16.1,metar,60,metar,0.0,metno_forecast,290,metar,6.0,metar,,,,,0,metno_forecast,1,metno_forecast
2026,6,16,7,15.6,metar,64,metar,0.0,metno_forecast,0,metar,0.0,metar,,,,,0,metno_forecast,1,metno_forecast
2026,6,16,8,15.0,metar,64,metar,0.0,metno_forecast,311,metno_forecast,3.0,metar,,,,,0,metno_forecast,1,metno_forecast
2026,6,16,9,14.4,metar,70,metar,0.0,metno_forecast,0,metar,0.0,metar,,,,,0,metno_forecast,1,metno_forecast
2026,6,16,10,14.4,metar,72,metar,0.0,metno_forecast,292,metno_forecast,3.0,metar,,,,,0,metno_forecast,1,metno_forecast
2026,6,16,11,15.6,metar,67,metar,0.0,metno_forecast,310,metar,6.0,metar,,,,,0,metno_forecast,1,metno_forecast
2026,6,16,12,17.8,metar,54,metar,0.0,metno_forecast,305,metno_forecast,3.0,metar,,,,,0,metno_forecast,1,metno_forecast
2026,6,16,13,19.4,metar,51,metar,0.0,metno_forecast,0,metar,0.0,metar,,,,,0,metno_forecast,1,metno_forecast
2026,6,16,14,20.6,metar,36,metar,0.0,metno_forecast,314,metno_forecast,4.0,metar,,,,,0,metno_forecast,1,metno_forecast
2026,6,16,15,21.7,metar,34,metar,0.0,metno_forecast,304,metno_forecast,4.0,metar,,,,,0,metno_forecast,1,metno_forecast
2026,6,16,16,23.3,metar,34,metar,0.0,metno_forecast,292,metno_forecast,3.0,metar,,,,,0,metno_forecast,1,metno_forecast
2026,6,16,17,23.3,metar,34,metar,0.0,metno_forecast,287,metno_forecast,4.0,metar,,,,,0,metno_forecast,1,metno_forecast
2026,6,16,18,23.9,metar,34,metar,0.0,metno_forecast,0,metar,0.0,metar,,,,,0,metno_forecast,1,metno_forecast
2026,6,16,19,23.9,metar,33,metar,0.0,metno_forecast,240,metar,4.0,metar,,,,,1,metno_forecast,1,metno_forecast
2026,6,16,20,23.9,metar,33,metar,0.0,metno_forecast,0,metar,0.0,metar,,,,,1,metno_forecast,2,metno_forecast
2026,6,16,21,22.2,metar,48,metar,0.0,metno_forecast,195,metno_forecast,15.8,metno_forecast,,,,,6,metno_forecast,1,metno_forecast
2026,6,16,22,21.1,metar,53,metar,0.0,metno_forecast,166,metno_forecast,4.0,metar,,,,,1,metno_forecast,3,metno_forecast
2026,6,16,23,20.6,metar,54,metar,0.0,metno_forecast,176,metno_forecast,3.0,metar,,,,,1,metno_forecast,1,metno_forecast
2026,6,17,0,19.4,metar,66,metar,0.0,metno_forecast,0,metar,0.0,metar,,,,,1,metno_forecast,1,metno_forecast
2026,6,17,1,19.4,metar,68,metar,0.0,metno_forecast,176,metno_forecast,6.0,metar,,,,,5,metno_forecast,1,metno_forecast
2026,6,17,2,18.9,metar,73,metar,0.0,metno_forecast,210,metar,3.0,metar,,,,,5,metno_forecast,3,metno_forecast
2026,6,17,3,18.9,metar,73,metar,0.0,metno_forecast,0,metar,0.0,metar,,,,,4,metno_forecast,3,metno_forecast
2026,6,17,4,18.3,metar,76,metar,0.0,metno_forecast,0,metar,0.0,metar,,,,,4,metno_forecast,3,metno_forecast
2026,6,17,5,18.3,metar,73,metar,0.0,metno_forecast,0,metar,0.0,metar,,,,,7,metno_forecast,3,metno_forecast
2026,6,17,6,18.3,metar,73,metar,0.0,metno_forecast,199,metno_forecast,3.0,metar,,,,,7,metno_forecast,3,metno_forecast
2026,6,17,7,17.8,metar,81,metar,0.0,metno_forecast,213,metno_forecast,3.0,metar,,,,,7,metno_forecast,3,metno_forecast
2026,6,17,8,17.8,metar,78,metar,0.0,metno_forecast,250,metar,4.0,metar,,,,,7,metno_forecast,3,metno_forecast
2026,6,17,9,17.2,metar,81,metar,0.0,metno_forecast,0,metar,0.0,metar,,,,,8,metno_forecast,3,metno_forecast
2026,6,17,10,18.3,metar,81,metar,0.0,metno_forecast,0,metar,0.0,metar,,,,,8,metno_forecast,3,metno_forecast
2026,6,17,11,19.4,metar,76,metar,0.0,metno_forecast,0,metar,0.0,metar,,,,,8,metno_forecast,3,metno_forecast
2026,6,17,12,21.1,metar,71,metar,0.0,metno_forecast,0,metar,0.0,metar,,,,,7,metno_forecast,3,metno_forecast
2026,6,17,13,22.2,metar,59,metar,0.0,metno_forecast,228,metno_forecast,3.0,metar,,,,,4,metno_forecast,3,metno_forecast
2026,6,17,14,22.8,metar,51,metar,0.0,metno_forecast,191,metno_forecast,4.0,metar,,,,,4,metar,3,metno_forecast
2026,6,17,15,24.4,metar,48,metar,0.0,metno_forecast,166,metno_forecast,9.0,metno_forecast,,,,,2,metar,2,metno_forecast
2026,6,17,16,23.3,metar,53,metar,0.0,metno_forecast,173,metno_forecast,11.9,metno_forecast,,,,,8,metar,1,metno_forecast
2026,6,17,17,24.4,metar,52,metar,0.0,metno_forecast,172,metno_forecast,4.0,metar,,,,,6,metar,1,metno_forecast
2026,6,17,18,20.6,metar,65,metar,0.0,metar,166,metno_forecast,4.0,metar,,,,,8,metar,3,metno_forecast
2026,6,17,19,22.2,metar,68,metar,0.0,metar,150,metar,4.0,metar,,,,,2,metar,3,metno_forecast
2026,6,17,20,21.7,metar,63,metar,0.0,metno_forecast,140,metar,7.0,metar,,,,,8,metar,3,metno_forecast
2026,6,17,21,22.2,metar,64,metar,0.0,metno_forecast,165,metno_forecast,6.0,metar,,,,,2,metar,2,metno_forecast
2026,6,17,22,21.7,metar,63,metar,0.0,metno_forecast,164,metno_forecast,6.0,metar,,,,,6,metno_forecast,3,metno_forecast
2026,6,17,23,21.1,metar,71,metar,0.0,metno_forecast,140,metar,5.0,metar,,,,,8,metar,3,metno_forecast
2026,6,18,0,20.6,metar,78,metar,0.0,metno_forecast,148,metno_forecast,4.0,metar,,,,,2,metar,3,metno_forecast
2026,6,18,1,20.6,metar,81,metar,0.0,metno_forecast,153,metno_forecast,4.0,metar,,,,,6,metar,2,metno_forecast
2026,6,18,2,20.0,metar,87,metar,0.0,metno_forecast,153,metno_forecast,13.3,metno_forecast,,,,,6,metar,2,metno_forecast
2026,6,18,3,20.0,metar,87,metar,0.0,metno_forecast,167,metno_forecast,3.0,metar,,,,,2,metar,3,metno_forecast
2026,6,18,4,20.0,metar,90,metar,0.0,metno_forecast,0,metar,0.0,metar,,,,,6,metar,2,metno_forecast
2026,6,18,5,20.6,metar,90,metar,0.0,metno_forecast,160,metno_forecast,12.6,metno_forecast,,,,,8,metar,3,metno_forecast
2026,6,18,6,20.6,metar,90,metar,0.0,metno_forecast,0,metar,3.0,metar,,,,,4,metar,3,metno_forecast
2026,6,18,7,20.6,metar,90,metar,0.0,metno_forecast,156,metno_forecast,4.0,metar,,,,,8,metno_forecast,3,metno_forecast
2026,6,18,8,20.0,metar,93,metar,0.0,metno_forecast,161,metno_forecast,5.0,metar,,,,,2,metar,3,metno_forecast
2026,6,18,9,20.0,metar,93,metar,0.0,metno_forecast,156,metno_forecast,3.0,metar,,,,,6,metar,3,metno_forecast
2026,6,18,10,20.6,metar,93,metar,0.0,metar,174,metno_forecast,14.8,metno_forecast,,,,,2,metar,3,metno_forecast
2026,6,18,11,21.1,metar,90,metar,0.0,metno_forecast,167,metno_forecast,5.0,metar,,,,,4,metar,3,metno_forecast
2026,6,18,12,21.7,metar,87,metar,0.0,metno_forecast,149,metno_forecast,3.0,metar,,,,,8,metar,3,metno_forecast
2026,6,18,13,22.2,metar,87,metar,0.0,metno_forecast,165,metno_forecast,5.0,metar,,,,,8,metar,3,metno_forecast
2026,6,18,14,23.3,metar,82,metar,0.0,metno_forecast,175,metno_forecast,3.0,metar,,,,,2,metar,3,metno_forecast
2026,6,18,15,25.6,metar,71,metar,0.0,metar,176,metno_forecast,4.0,metar,,,,,8,metno_forecast,8,metno_forecast
2026,6,18,16,25.6,metar,74,metar,0.2,metno_forecast,192,metno_forecast,3.0,metar,,,,,7,metno_forecast,7,metno_forecast
2026,6,18,17,27.2,metar,67,metar,0.1,metno_forecast,200,metar,10.0,metar,22.0,metar,,,8,metno_forecast,7,metno_forecast
2026,6,18,18,28.9,metar,55,metar,0.0,metno_forecast,226,metno_forecast,21.6,metno_forecast,,,,,4,metar,3,metno_forecast
2026,6,18,19,29.4,metar,50,metar,0.0,metno_forecast,240,metar,10.0,metar,23.0,metar,,,4,metar,2,metno_forecast
2026,6,18,20,29.4,metar,48,metar,0.1,metno_forecast,246,metno_forecast,32.8,metno_forecast,,,,,4,metar,17,metno_forecast
2026,6,18,21,29.4,metar,45,metar,0.0,metno_forecast,240,metar,8.0,metar,23.0,metar,,,2,metar,3,metno_forecast
2026,6,18,22,28.9,metar,41,metar,0.0,metno_forecast,250,metar,8.0,metar,23.0,metar,,,1,metno_forecast,2,metno_forecast
2026,6,18,23,28.3,metar,43,metar,0.0,metno_forecast,240,metar,7.0,metar,17.0,metar,,,1,metno_forecast,1,metno_forecast
2026,6,19,0,27.8,metar,46,metar,0.0,metno_forecast,272,metno_forecast,20.9,metno_forecast,,,,,4,metno_forecast,1,metno_forecast
2026,6,19,1,27.2,metar,47,metar,0.0,metno_forecast,240,metar,9.0,metar,25.0,metar,,,5,metno_forecast,3,metno_forecast
2026,6,19,2,26.1,metar,50,metar,0.0,metno_forecast,270,metar,5.0,metar,,,,,6,metno_forecast,3,metno_forecast
2026,6,19,3,25.6,metar,50,metar,0.0,metno_forecast,278,metno_forecast,6.0,metar,,,,,5,metno_forecast,3,metno_forecast
2026,6,19,4,25.6,metar,50,metar,0.0,metno_forecast,260,metar,8.0,metar,,,,,8,metno_forecast,3,metno_forecast
2026,6,19,5,25.0,metar,52,metar,0.0,metno_forecast,289,metno_forecast,6.0,metar,,,,,2,metno_forecast,3,metno_forecast
2026,6,19,6,23.3,metar,57,metar,0.0,metno_forecast,284,metno_forecast,5.0,metar,,,,,5,metno_forecast,2,metno_forecast
2026,6,19,7,22.8,metar,55,metar,0.0,metno_forecast,280,metar,7.0,metar,,,,,7,metno_forecast,3,metno_forecast
2026,6,19,8,22.2,metar,51,metar,0.0,metno_forecast,276,metno_forecast,5.0,metar,,,,,7,metno_forecast,3,metno_forecast
2026,6,19,9,21.1,metar,49,metar,0.0,metno_forecast,290,metar,7.0,metar,,,,,8,metno_forecast,3,metno_forecast
2026,6,19,10,21.1,metar,49,metar,0.0,metno_forecast,280,metar,7.0,metar,,,,,8,metno_forecast,3,metno_forecast
2026,6,19,11,21.1,metar,51,metar,0.0,metno_forecast,260,metar,9.0,metar,18.0,metar,,,8,metno_forecast,3,metno_forecast
2026,6,19,12,21.1,metar,51,metar,0.0,metno_forecast,278,metno_forecast,5.0,metar,,,,,8,metno_forecast,3,metno_forecast
2026,6,19,13,21.7,metar,51,metar,0.0,metno_forecast,275,metno_forecast,13.7,metno_forecast,,,,,7,metno_forecast,3,metno_forecast
2026,6,19,14,22.8,metar,50,metar,0.0,metno_forecast,268,metno_forecast,5.0,metar,,,,,6,metno_forecast,3,metno_forecast
2026,6,19,15,23.3,metar,48,metar,0.0,metno_forecast,270,metno_forecast,14.0,metno_forecast,,,,,8,metno_forecast,3,metno_forecast
2026,6,19,16,24.4,metar,48,metar,0.0,metno_forecast,280,metno_forecast,6.0,metar,,,,,7,metno_forecast,3,metno_forecast
2026,6,19,17,25.0,metar,47,metar,0.0,metno_forecast,280,metno_forecast,6.0,metar,,,,,2,metar,3,metno_forecast
2026,6,19,18,26.1,metar,39,metar,0.0,metno_forecast,287,metno_forecast,6.0,metar,15.0,metar,,,2,metar,3,metno_forecast
2026,6,19,19,26.1,metar,35,metar,0.0,metno_forecast,300,metar,7.0,metar,18.0,metar,,,2,metar,3,metno_forecast
2026,6,19,20,26.7,metar,34,metar,0.0,metno_forecast,290,metar,8.0,metar,,,,,2,metar,1,metno_forecast
2026,6,19,21,26.7,metar,31,metar,0.0,metno_forecast,285,metno_forecast,21.6,metno_forecast,,,,,4,metar,2,metno_forecast
2026,6,19,22,26.1,metar,31,metar,0.0,metno_forecast,282,metno_forecast,5.0,metar,,,,,3,metno_forecast,2,metno_forecast
2026,6,19,23,25.6,metar,32,metar,0.0,metno_forecast,280,metar,6.0,metar,24.0,metar,,,8,metar,3,metno_forecast
2026,6,20,0,23.9,metar,34,metar,0.0,metno_forecast,280,metar,11.0,metar,21.0,metar,,,4,metar,1,metno_forecast
2026,6,20,1,23.3,metar,38,metar,0.0,metno_forecast,270,metar,8.0,metar,,,,,0,metno_forecast,1,metno_forecast
2026,6,20,2,22.8,metar,43,metar,0.0,metno_forecast,282,metno_forecast,5.0,metar,,,,,0,metno_forecast,1,metno_forecast
2026,6,20,3,21.7,metar,47,metar,0.0,metno_forecast,290,metno_forecast,3.0,metar,,,,,2,metar,1,metno_forecast
2026,6,20,4,21.1,metar,49,metar,0.0,metno_forecast,288,metno_forecast,4.0,metar,,,,,0,metno_forecast,1,metno_forecast
2026,6,20,5,20.6,metar,53,metar,0.0,metno_forecast,280,metar,7.0,metar,,,,,0,metno_forecast,1,metno_forecast
2026,6,20,6,20.0,metar,55,metar,0.0,metno_forecast,282,metno_forecast,6.0,metar,15.0,metar,,,0,metno_forecast,1,metno_forecast
2026,6,20,7,19.4,metar,57,metar,0.0,metno_forecast,283,metno_forecast,4.0,metar,,,,,0,metno_forecast,1,metno_forecast
2026,6,20,8,19.4,metar,55,metar,0.0,metno_forecast,270,metar,6.0,metar,,,,,0,metno_forecast,1,metno_forecast
2026,6,20,9,19.4,metar,52,metar,0.0,metno_forecast,270,metar,9.0,metar,21.0,metar,,,0,metno_forecast,1,metno_forecast
2026,6,20,10,18.9,metar,59,metar,0.0,metno_forecast,283,metno_forecast,15.8,metno_forecast,,,,,0,metno_forecast,1,metno_forecast
2026,6,20,11,20.0,metar,53,metar,0.0,metno_forecast,290,metar,11.0,metar,20.0,metar,,,0,metno_forecast,1,metno_forecast
2026,6,20,12,21.1,metar,49,metar,0.0,metno_forecast,280,metar,7.0,metar,19.0,metar,,,0,metno_forecast,1,metno_forecast
2026,6,20,13,22.2,metar,46,metar,0.0,metno_forecast,280,metar,8.0,metar,23.0,metar,,,2,metar,1,metno_forecast
2026,6,20,14,23.9,metar,45,metar,0.0,metno_forecast,289,metno_forecast,18.4,metno_forecast,,,,,0,metno_forecast,1,metno_forecast
2026,6,20,15,24.4,metar,42,metar,0.0,metno_forecast,292,metno_forecast,20.9,metno_forecast,,,,,0,metno_forecast,1,metno_forecast
2026,6,20,16,26.1,metar,39,metar,0.0,metno_forecast,297,metno_forecast,5.0,metar,20.0,metar,,,0,metno_forecast,1,metno_forecast
2026,6,20,17,25.6,metar,37,metar,0.0,metno_forecast,280,metar,10.0,metar,20.0,metar,,,2,metar,1,metno_forecast
2026,6,20,18,26.1,metar,36,metar,0.0,metno_forecast,290,metar,8.0,metar,21.0,metar,,,2,metar,1,metno_forecast
2026,6,20,19,26.7,metar,31,metar,0.0,metno_forecast,310,metar,8.0,metar,24.0,metar,,,2,metar,1,metno_forecast
2026,6,20,20,26.7,metar,28,metar,0.0,metno_forecast,280,metar,9.0,metar,26.0,metar,,,2,metar,1,metno_forecast
2026,6,20,21,26.7,metar,31,metar,0.0,metno_forecast,284,metno_forecast,19.8,metno_forecast,,,,,0,metno_forecast,1,metno_forecast
2026,6,20,22,26.1,metar,32,metar,0.0,metno_forecast,280,metar,7.0,metar,16.0,metar,,,4,metar,1,metno_forecast
2026,6,20,23,25.6,metar,35,metar,0.0,metno_forecast,280,metar,7.0,metar,,,,,3,metno_forecast,1,metno_forecast
2026,6,21,0,24.4,metar,40,metar,0.0,metno_forecast,280,metno_forecast,4.0,metar,,,,,1,metno_forecast,3,metno_forecast
2026,6,21,1,23.9,metar,45,metar,0.0,metno_forecast,290,metar,5.0,metar,,,,,1,metno_forecast,1,metno_forecast
2026,6,21,2,22.2,metar,49,metar,0.0,metno_forecast,270,metno_forecast,4.0,metar,,,,,0,metno_forecast,1,metno_forecast
2026,6,21,3,22.2,metar,49,metar,0.0,metno_forecast,293,metno_forecast,4.0,metar,,,,,0,metno_forecast,1,metno_forecast
2026,6,21,4,20.0,metar,59,metar,0.0,metno_forecast,0,metar,0.0,metar,,,,,0,metno_forecast,1,metno_forecast
2026,6,21,5,20.6,metar,57,metar,0.0,metno_forecast,290,metar,4.0,metar,,,,,0,metno_forecast,1,metno_forecast
2026,6,21,6,20.0,metar,59,metar,0.0,metno_forecast,290,metar,3.0,metar,,,,,0,metno_forecast,1,metno_forecast
2026,6,21,7,19.4,metar,61,metar,0.0,metno_forecast,300,metar,4.0,metar,,,,,0,metno_forecast,1,metno_forecast
2026,6,21,8,18.9,metar,65,metar,0.0,metno_forecast,277,metno_forecast,3.0,metar,,,,,0,metno_forecast,1,metno_forecast
2026,6,21,9,18.3,metar,68,metar,0.0,metno_forecast,0,metar,0.0,metar,,,,,0,metno_forecast,1,metno_forecast
2026,6,21,10,18.9,metar,68,metar,0.0,metno_forecast,0,metar,0.0,metar,,,,,0,metno_forecast,1,metno_forecast
2026,6,21,11,20.0,metar,63,metar,0.0,metno_forecast,0,metar,0.0,metar,,,,,0,metno_forecast,1,metno_forecast
2026,6,21,12,21.7,metar,57,metar,0.0,metno_forecast,0,metar,0.0,metar,,,,,0,metno_forecast,1,metno_forecast
2026,6,21,13,23.9,metar,46,metar,0.0,metno_forecast,323,metno_forecast,4.0,metar,,,,,0,metno_forecast,1,metno_forecast
2026,6,21,14,25.0,metar,40,metar,0.0,metno_forecast,321,metno_forecast,5.0,metar,,,,,0,metno_forecast,1,metno_forecast
2026,6,21,15,26.1,metar,38,metar,0.0,metno_forecast,10,metar,5.0,metar,,,,,4,metar,1,metno_forecast
2026,6,21,16,25.0,metar,42,metar,0.0,metno_forecast,290,metar,4.0,metar,,,,,6,metar,1,metno_forecast
2026,6,21,17,26.1,metar,38,metar,0.0,metno_forecast,312,metno_forecast,4.0,metar,,,,,6,metar,2,metno_forecast
2026,6,21,18,26.7,metar,38,metar,0.0,metno_forecast,306,metno_forecast,10.4,metno_forecast,,,,,4,metar,2,metno_forecast
2026,6,21,19,26.7,metar,44,metar,0.0,metno_forecast,300,metno_forecast,3.0,metar,,,,,2,metar,2,metno_forecast
2026,6,21,20,26.7,metar,39,metar,0.0,metno_forecast,250,metar,7.0,metar,,,,,4,metar,2,metno_forecast
2026,6,21,21,26.7,metar,41,metar,0.0,metno_forecast,200,metar,5.0,metar,,,,,2,metar,3,metno_forecast
2026,6,21,22,26.1,metar,45,metar,0.0,metno_forecast,290,metno_forecast,5.0,metar,,,,,2,metar,3,metno_forecast
2026,6,21,23,24.4,metar,45,metar,0.0,metno_forecast,311,metno_forecast,5.0,metar,,,,,4,metar,3,metno_forecast
2026,6,22,0,23.3,metar,50,metar,0.0,metno_forecast,0,metar,0.0,metar,,,,,8,metno_forecast,3,metno_forecast
2026,6,22,1,23.3,metar,50,metar,0.0,metno_forecast,0,metar,0.0,metar,,,,,2,metar,3,metno_forecast
2026,6,22,2,22.8,metar,59,metar,0.0,metno_forecast,0,metar,0.0,metar,,,,,6,metar,3,metno_forecast
2026,6,22,3,22.2,metar,64,metar,0.0,metno_forecast,0,metar,0.0,metar,,,,,2,metar,3,metno_forecast
2026,6,22,4,22.2,metar,59,metar,0.0,metno_forecast,0,metar,0.0,metar,,,,,5,metno_forecast,3,metno_forecast
2026,6,22,5,21.7,metar,66,metar,0.0,metno_forecast,0,metar,0.0,metar,,,,,2,metno_forecast,3,metno_forecast
2026,6,22,6,21.1,metar,73,metar,0.0,metno_forecast,30,metar,3.0,metar,,,,,8,metno_forecast,2,metno_forecast
2026,6,22,7,21.1,metar,71,metar,0.0,metno_forecast,20,metar,3.0,metar,,,,,7,metno_forecast,3,metno_forecast
2026,6,22,8,21.1,metar,73,metar,0.0,metno_forecast,50,metar,3.0,metar,,,,,6,metno_forecast,3,metno_forecast
2026,6,22,9,21.1,metar,76,metar,0.0,metno_forecast,43,metno_forecast,3.0,metar,,,,,7,metno_forecast,3,metno_forecast
2026,6,22,10,20.6,metar,78,metar,0.0,metno_forecast,70,metar,4.0,metar,,,,,8,metno_forecast,3,metno_forecast
2026,6,22,11,21.7,metar,63,metar,0.0,metno_forecast,60,metar,5.0,metar,,,,,8,metno_forecast,3,metno_forecast
2026,6,22,12,21.1,metar,68,metar,0.0,metar,60,metar,7.0,metar,,,,,8,metno_forecast,3,metno_forecast
2026,6,22,13,20.6,metar,75,metar,0.0,metno_forecast,0,metar,0.0,metar,,,,,8,metar,3,metno_forecast
2026,6,22,14,21.7,metar,70,metar,0.0,metno_forecast,60,metar,5.0,metar,,,,,8,metar,3,metno_forecast
2026,6,22,15,21.7,metar,73,metar,0.0,metar,154,metno_forecast,3.0,metar,,,,,8,metar,3,metno_forecast
2026,6,22,16,21.1,metar,76,metar,0.0,metno_forecast,0,metar,0.0,metar,,,,,6,metar,3,metno_forecast
2026,6,22,17,22.8,metar,71,metar,0.7,metno_forecast,126,metno_forecast,6.0,metar,17.0,metar,,,4,metar,8,metno_forecast
2026,6,22,18,20.6,metar,84,metar,0.0,metar,118,metno_forecast,3.0,metar,,,,,6,metar,9,metno_forecast
2026,6,22,19,21.1,metar,90,metar,0.0,metar,0,metar,0.0,metar,,,,,6,metar,8,metar
2026,6,22,20,21.1,metar,97,metar,0.1,metar,50,metar,3.0,metar,,,,,6,metar,8,metar
2026,6,22,21,20.0,metar,96,metar,0.1,metar,60,metar,4.0,metar,,,,,6,metar,5,metar
2026,6,22,22,19.4,metar,97,metar,0.0,metar,60,metar,9.0,metar,14.0,metar,,,8,metar,5,metar
2026,6,22,23,20.0,metar,100,metar,0.0,metar,0,metar,0.0,metar,,,,,6,metar,5,metar
2026,6,23,0,20.6,metar,100,metar,0.2,metno_forecast,0,metar,0.0,metar,,,,,2,metar,5,metar
2026,6,23,1,21.0,metar,100,metar,0.9,metno_forecast,0,metar,3.0,metar,,,,,6,metar,5,metar
2026,6,23,2,21.1,metar,100,metar,0.0,metar,0,metar,0.0,metar,,,,,6,metar,9,metno_forecast
2026,6,23,3,21.7,metar,100,metar,0.1,metar,80,metar,5.0,metar,,,,,2,metar,8,metar
2026,6,23,4,21.1,metar,100,metar,0.0,metar,0,metar,0.0,metar,,,,,2,metar,5,metar
2026,6,23,5,21.1,metar,100,metar,0.0,metar,0,metar,3.0,metar,,,,,6,metar,5,metar
2026,6,23,6,21.1,metar,97,metar,1.4,metno_forecast,0,metar,0.0,metar,,,,,8,metar,5,metar
2026,6,23,7,21.1,metar,100,metar,0.4,metno_forecast,0,metar,0.0,metar,,,,,4,metar,5,metar
2026,6,23,8,21.7,metar,100,metar,0.0,metno_forecast,0,metar,0.0,metar,,,,,6,metar,5,metar
2026,6,23,9,21.7,metar,100,metar,0.0,metar,0,metar,0.0,metar,,,,,4,metar,5,metar
2026,6,23,10,21.7,metar,100,metar,0.0,metno_forecast,0,metar,0.0,metar,,,,,2,metar,5,metar
2026,6,23,11,21.7,metar,100,metar,0.0,metno_forecast,341,metno_forecast,3.0,metar,,,,,8,metar,5,metar
2026,6,23,12,20.6,metar,96,metar,0.3,metno_forecast,50,metar,4.0,metar,,,,,6,metar,5,metar
2026,6,23,13,20.0,metar,96,metar,0.0,metar,320,metar,6.0,metar,,,,,6,metar,8,metno_forecast
2026,6,23,14,18.9,metar,93,metar,0.0,metar,340,metar,5.0,metar,,,,,4,metar,7,metno_forecast
2026,6,23,15,19.4,metar,84,metar,0.0,metar,30,metar,5.0,metar,15.0,metar,,,4,metar,7,metno_forecast
2026,6,23,16,19.4,metar,87,metar,0.0,metar,340,metar,7.0,metar,,,,,4,metar,8,metno_forecast
2026,6,23,17,20.6,metar,81,metar,0.0,metar,358,metno_forecast,4.0,metar,,,,,2,metar,7,metno_forecast
2026,6,23,18,21.1,metar,84,metar,0.0,metar,352,metno_forecast,3.0,metar,,,,,4,metar,3,metno_forecast
2026,6,23,19,21.1,metar,84,metar,0.0,metar,0,metar,0.0,metar,15.0,metar,,,6,metar,7,metno_forecast
2026,6,23,20,20.6,metar,78,metar,0.0,metar,3,metno_forecast,5.0,metar,,,,,2,metar,8,metno_forecast
2026,6,23,21,19.4,metar,90,metar,0.0,metar,20,metar,5.0,metar,,,,,8,metar,9,metno_forecast
2026,6,23,22,18.9,metar,93,metar,0.0,metar,0,metar,0.0,metar,,,,,2,metar,9,metno_forecast
2026,6,23,23,18.9,metar,93,metar,0.3,metno_forecast,280,metar,3.0,metar,,,,,8,metno_forecast,8,metno_forecast
2026,6,24,0,19.4,metar,93,metar,0.0,metno_forecast,290,metar,5.0,metar,,,,,8,metno_forecast,3,metno_forecast
2026,6,24,1,19.4,metar,93,metar,0.0,metno_forecast,290,metar,3.0,metar,,,,,8,metno_forecast,3,metno_forecast
2026,6,24,2,19.4,metar,93,metar,0.0,metno_forecast,290,metar,5.0,metar,,,,,8,metno_forecast,3,metno_forecast
2026,6,24,3,19.4,metar,93,metar,0.0,metno_forecast,280,metar,3.0,metar,,,,,8,metno_forecast,3,metno_forecast
2026,6,24,4,19.4,metar,87,metar,0.0,metno_forecast,321,metno_forecast,3.0,metar,,,,,2,metno_forecast,3,metno_forecast
2026,6,24,5,18.3,metar,81,metar,0.0,metno_forecast,333,metno_forecast,3.0,metar,,,,,0,metno_forecast,2,metno_forecast
2026,6,24,6,18.3,metar,78,metar,0.0,metno_forecast,290,metar,4.0,metar,,,,,3,metno_forecast,1,metno_forecast
2026,6,24,7,17.8,metar,81,metar,0.0,metno_forecast,335,metno_forecast,13.0,metno_forecast,,,,,2,metar,3,metno_forecast
2026,6,24,8,17.8,metar,78,metar,0.0,metno_forecast,300,metar,6.0,metar,,,,,6,metar,3,metno_forecast
2026,6,24,9,17.8,metar,78,metar,0.0,metno_forecast,331,metno_forecast,4.0,metar,,,,,2,metno_forecast,3,metno_forecast
2026,6,24,10,17.8,metar,75,metar,0.0,metno_forecast,290,metar,7.0,metar,,,,,0,metno_forecast,2,metno_forecast
2026,6,24,11,18.3,metar,73,metar,0.0,metno_forecast,300,metar,5.0,metar,,,,,2,metar,1,metno_forecast
2026,6,24,12,20.6,metar,65,metar,0.0,metno_forecast,0,metar,0.0,metar,,,,,0,metno_forecast,1,metno_forecast
2026,6,24,13,22.8,metar,53,metar,0.0,metno_forecast,322,metno_forecast,10.1,metno_forecast,,,,,0,metno_forecast,1,metno_forecast
2026,6,24,14,24.4,metar,48,metar,0.0,metno_forecast,0,metar,0.0,metar,,,,,0,metno_forecast,1,metno_forecast
2026,6,24,15,25.6,metar,39,metar,0.0,metno_forecast,324,metno_forecast,11.9,metno_forecast,,,,,0,metno_forecast,1,metno_forecast
2026,6,24,16,25.6,metar,39,metar,0.0,metno_forecast,323,metno_forecast,6.0,metar,,,,,2,metar,1,metno_forecast
2026,6,24,17,26.1,metar,38,metar,0.0,metno_forecast,310,metno_forecast,10.4,metno_forecast,,,,,2,metar,1,metno_forecast
2026,6,24,18,26.7,metar,39,metar,0.0,metno_forecast,303,metno_forecast,11.9,metno_forecast,,,,,4,metar,1,metno_forecast
2026,6,24,19,27.2,metar,34,metar,0.0,metno_forecast,304,metno_forecast,12.2,metno_forecast,,,,,0,metno_forecast,1,metno_forecast
2026,6,24,20,26.7,metar,34,metar,0.0,metno_forecast,280,metar,8.0,metar,,,,,0,metno_forecast,1,metno_forecast
2026,6,24,21,26.7,metar,35,metar,0.0,metno_forecast,315,metno_forecast,3.0,metar,,,,,2,metar,1,metno_forecast
2026,6,24,22,26.1,metar,36,metar,0.0,metno_forecast,312,metno_forecast,6.0,metar,16.0,metar,,,2,metno_forecast,1,metno_forecast
2026,6,24,23,25.6,metar,37,metar,0.0,metno_forecast,317,metno_forecast,5.0,metar,,,,,0,metno_forecast,2,metno_forecast
2026,6,25,0,24.4,metar,40,metar,0.0,metno_forecast,0,metar,0.0,metar,,,,,1,metno_forecast,1,metno_forecast
2026,6,25,1,23.3,metar,45,metar,0.0,metno_forecast,0,metar,0.0,metar,,,,,0,metno_forecast,1,metno_forecast
2026,6,25,2,22.8,metar,48,metar,0.0,metno_forecast,0,metar,0.0,metar,,,,,0,metno_forecast,1,metno_forecast
2026,6,25,3,22.2,metar,49,metar,0.0,metno_forecast,0,metar,0.0,metar,,,,,0,metno_forecast,1,metno_forecast
2026,6,25,4,21.1,metar,55,metar,0.0,metno_forecast,2,metno_forecast,3.0,metar,,,,,0,metno_forecast,1,metno_forecast
2026,6,25,5,20.0,metar,57,metar,0.0,metno_forecast,0,metar,0.0,metar,,,,,0,metno_forecast,1,metno_forecast
2026,6,25,6,20.0,metar,59,metar,0.0,metno_forecast,0,metar,0.0,metar,,,,,1,metno_forecast,1,metno_forecast
2026,6,25,7,20.6,metar,59,metar,0.0,metno_forecast,0,metar,0.0,metar,,,,,0,metno_forecast,1,metno_forecast
2026,6,25,8,19.4,metar,63,metar,0.0,metno_forecast,0,metar,0.0,metar,,,,,0,metno_forecast,1,metno_forecast
2026,6,25,9,19.4,metar,68,metar,0.0,metno_forecast,20,metar,3.0,metar,,,,,8,metno_forecast,1,metno_forecast
2026,6,25,10,20.6,metar,75,metar,0.0,metno_forecast,60,metar,3.0,metar,,,,,8,metno_forecast,3,metno_forecast
2026,6,25,11,21.7,metar,63,metar,0.0,metno_forecast,120,metar,3.0,metar,,,,,8,metno_forecast,3,metno_forecast
2026,6,25,12,22.2,metar,59,metar,0.0,metno_forecast,0,metar,0.0,metar,,,,,6,metno_forecast,3,metno_forecast
2026,6,25,13,23.9,metar,54,metar,0.0,metno_forecast,101,metno_forecast,3.0,metar,,,,,1,metno_forecast,3,metno_forecast
2026,6,25,14,25.6,metar,48,metar,0.0,metno_forecast,152,metno_forecast,4.0,metar,,,,,1,metno_forecast,1,metno_forecast
2026,6,25,15,26.1,metar,45,metar,0.0,metno_forecast,164,metno_forecast,10.8,metno_forecast,,,,,0,metno_forecast,1,metno_forecast
2026,6,25,16,27.2,metar,47,metar,0.0,metno_forecast,167,metno_forecast,10.4,metno_forecast,,,,,1,metno_forecast,1,metno_forecast
2026,6,25,17,27.2,metar,44,metar,0.0,metno_forecast,190,metno_forecast,4.0,metar,,,,,2,metno_forecast,1,metno_forecast
2026,6,25,18,27.2,metar,47,metar,0.0,metno_forecast,173,metno_forecast,6.0,metar,,,,,2,metno_forecast,2,metno_forecast
2026,6,25,19,27.2,metar,44,metar,0.1,metno_forecast,162,metno_forecast,13.3,metno_forecast,,,,,1,metno_forecast,17,metno_forecast
2026,6,25,20,25.6,metar,45,metar,0.0,metno_forecast,168,metno_forecast,13.7,metno_forecast,,,,,6,metar,2,metno_forecast
2026,6,25,21,24.4,metar,50,metar,0.0,metno_forecast,168,metno_forecast,5.0,metar,,,,,2,metno_forecast,2,metno_forecast
2026,6,25,22,23.9,metar,55,metar,0.0,metno_forecast,171,metno_forecast,16.2,metno_forecast,,,,,4,metar,2,metno_forecast
2026,6,25,23,23.9,metar,55,metar,0.0,metno_forecast,160,metno_forecast,3.0,metar,,,,,1,metno_forecast,2,metno_forecast
2026,6,26,0,22.8,metar,64,metar,0.0,metno_forecast,161,metno_forecast,3.0,metar,,,,,1,metno_forecast,1,metno_forecast
2026,6,26,1,22.2,metar,71,metar,0.0,metno_forecast,161,metno_forecast,16.9,metno_forecast,,,,,2,metar,1,metno_forecast
2026,6,26,2,22.2,metar,68,metar,0.0,metno_forecast,163,metno_forecast,6.0,metar,,,,,7,metno_forecast,2,metno_forecast
2026,6,26,3,21.7,metar,70,metar,0.0,metno_forecast,174,metno_forecast,4.0,metar,,,,,7,metno_forecast,3,metno_forecast
2026,6,26,4,21.7,metar,70,metar,0.0,metno_forecast,174,metno_forecast,13.3,metno_forecast,,,,,8,metno_forecast,3,metno_forecast
2026,6,26,5,21.7,metar,76,metar,0.0,metno_forecast,174,metno_forecast,12.6,metno_forecast,,,,,8,metar,3,metno_forecast
2026,6,26,6,20.0,metar,81,metar,0.0,metar,0,metar,0.0,metar,,,,,8,metar,3,metno_forecast
2026,6,26,7,20.0,metar,84,metar,0.0,metar,0,metar,0.0,metar,,,,,8,metar,3,metno_forecast
2026,6,26,8,19.4,metar,93,metar,0.1,metar,40,metar,3.0,metar,,,,,2,metar,8,metar
2026,6,26,9,19.4,metar,97,metar,0.1,metar,60,metar,4.0,metar,,,,,4,metar,8,metno_forecast
2026,6,26,10,19.4,metar,97,metar,0.0,metar,0,metar,0.0,metar,,,,,6,metar,5,metar
2026,6,26,11,19.4,metar,97,metar,0.0,metar,0,metar,0.0,metar,,,,,6,metar,5,metar
2026,6,26,12,20.6,metar,96,metar,0.3,metno_forecast,310,metar,3.0,metar,,,,,8,metar,5,metar
2026,6,26,13,21.1,metar,97,metar,0.0,metar,189,metno_forecast,3.0,metar,,,,,6,metar,5,metar
2026,6,26,14,21.1,metar,97,metar,0.0,metar,0,metar,0.0,metar,,,,,4,metar,3,metno_forecast
2026,6,26,15,21.7,metar,90,metar,0.0,metno_forecast,0,metar,0.0,metar,,,,,6,metar,3,metno_forecast
2026,6,26,16,23.3,metar,82,metar,0.0,metno_forecast,0,metar,0.0,metar,,,,,8,metar,3,metno_forecast
2026,6,26,17,23.9,metar,79,metar,0.0,metno_forecast,0,metar,0.0,metar,,,,,4,metar,3,metno_forecast
2026,6,26,18,25.0,metar,71,metar,0.0,metno_forecast,257,metno_forecast,12.2,metno_forecast,,,,,8,metno_forecast,3,metno_forecast
2026,6,26,19,25.6,metar,69,metar,0.0,metno_forecast,258,metno_forecast,5.0,metar,15.0,metar,,,8,metno_forecast,3,metno_forecast
2026,6,26,20,26.1,metar,65,metar,0.0,metno_forecast,260,metar,4.0,metar,,,,,6,metno_forecast,3,metno_forecast
2026,6,26,21,25.6,metar,67,metar,0.0,metno_forecast,270,metar,4.0,metar,,,,,2,metar,3,metno_forecast
2026,6,26,22,25.6,metar,69,metar,0.0,metno_forecast,262,metno_forecast,3.0,metar,,,,,7,metno_forecast,3,metno_forecast
2026,6,26,23,26.1,metar,58,metar,0.0,metno_forecast,270,metar,3.0,metar,,,,,7,metno_forecast,3,metno_forecast
2026,6,27,0,25.0,metar,64,metar,0.0,metno_forecast,237,metno_forecast,3.0,metar,,,,,7,metno_forecast,3,metno_forecast
2026,6,27,1,25.6,metar,64,metar,0.0,metno_forecast,280,metar,3.0,metar,,,,,4,metno_forecast,3,metno_forecast
2026,6,27,2,25.0,metar,69,metar,0.0,metno_forecast,280,metar,3.0,metar,,,,,8,metno_forecast,3,metno_forecast
2026,6,27,3,24.4,metar,64,metar,0.0,metno_forecast,0,metar,0.0,metar,,,,,8,metno_forecast,3,metno_forecast
2026,6,27,4,24.4,metar,64,metar,0.0,metno_forecast,0,metar,0.0,metar,,,,,8,metno_forecast,3,metno_forecast
2026,6,27,5,24.4,metar,67,metar,0.0,metno_forecast,0,metar,0.0,metar,,,,,8,metno_forecast,3,metno_forecast
2026,6,27,6,23.9,metar,69,metar,0.0,metno_forecast,314,metno_forecast,3.0,metar,,,,,8,metno_forecast,3,metno_forecast
2026,6,27,7,23.9,metar,69,metar,0.0,metno_forecast,0,metar,0.0,metar,,,,,8,metno_forecast,3,metno_forecast
2026,6,27,8,23.9,metar,71,metar,0.0,metno_forecast,335,metno_forecast,3.0,metar,,,,,2,metar,3,metno_forecast
2026,6,27,9,22.8,metar,76,metar,0.0,metno_forecast,0,metar,0.0,metar,,,,,6,metar,3,metno_forecast
2026,6,27,10,22.8,metar,79,metar,0.0,metno_forecast,0,metar,0.0,metar,,,,,4,metar,3,metno_forecast
2026,6,27,11,23.9,metar,74,metar,0.0,metno_forecast,50,metar,5.0,metar,,,,,6,metar,3,metno_forecast
2026,6,27,12,23.9,metar,64,metar,0.0,metno_forecast,60,metar,4.0,metar,,,,,2,metar,3,metno_forecast
2026,6,27,13,25.0,metar,60,metar,0.0,metno_forecast,60,metar,8.0,metar,,,,,8,metno_forecast,3,metno_forecast
2026,6,27,14,23.3,metar,74,metar,0.0,metno_forecast,90,metar,3.0,metar,,,,,8,metar,3,metno_forecast
2026,6,27,15,22.8,metar,87,metar,0.0,metar,30,metar,3.0,metar,,,,,2,metar,3,metno_forecast
2026,6,27,16,21.7,metar,84,metar,0.0,metar,20,metar,4.0,metar,,,,,2,metar,3,metno_forecast
2026,6,27,17,21.1,metar,84,metar,0.0,metar,153,metno_forecast,3.0,metar,,,,,6,metar,3,metno_forecast
2026,6,27,18,20.6,metar,93,metar,0.0,metar,0,metar,0.0,metar,,,,,2,metar,3,metno_forecast
2026,6,27,19,21.1,metar,97,metar,0.0,metar,0,metar,0.0,metar,,,,,2,metar,3,metno_forecast
2026,6,27,20,21.1,metar,97,metar,0.0,metar,0,metar,0.0,metar,,,,,8,metar,5,metar
2026,6,27,21,20.6,metar,96,metar,0.0,metar,0,metar,0.0,metar,,,,,4,metar,5,metar
2026,6,27,22,21.1,metar,97,metar,0.0,metno_forecast,10,metar,3.0,metar,,,,,6,metar,5,metar
2026,6,27,23,21.1,metar,97,metar,0.0,metar,40,metar,3.0,metar,,,,,4,metar,5,metar
2026,6,28,0,20.6,metar,100,metar,0.2,metno_forecast,0,metar,0.0,metar,,,,,8,metar,5,metar
2026,6,28,1,20.6,metar,96,metar,0.0,metno_forecast,0,metar,0.0,metar,,,,,8,metar,5,metar
2026,6,28,2,20.0,metar,96,metar,0.0,metno_forecast,0,metar,0.0,metar,,,,,2,metar,5,metar
2026,6,28,3,20.6,metar,96,metar,0.0,metno_forecast,0,metar,0.0,metar,,,,,2,metar,5,metar
2026,6,28,4,20.6,metar,96,metar,0.0,metno_forecast,0,metar,0.0,metar,,,,,6,metar,5,metar
2026,6,28,5,20.0,metar,96,metar,0.0,metno_forecast,0,metar,0.0,metar,,,,,4,metar,5,metar
2026,6,28,6,20.0,metar,96,metar,0.0,metno_forecast,0,metar,0.0,metar,,,,,2,metar,5,metar
2026,6,28,7,20.6,metar,96,metar,0.0,metno_forecast,0,metar,0.0,metar,,,,,8,metar,5,metar
2026,6,28,8,20.6,metar,96,metar,0.0,metno_forecast,0,metar,0.0,metar,,,,,8,metar,5,metar
2026,6,28,9,20.6,metar,96,metar,0.0,metno_forecast,0,metar,0.0,metar,,,,,8,metar,5,metar
2026,6,28,10,20.6,metar,93,metar,0.0,metno_forecast,0,metar,0.0,metar,,,,,2,metar,5,metar
2026,6,28,11,21.7,metar,90,metar,0.0,metno_forecast,0,metar,0.0,metar,,,,,8,metar,5,metar
2026,6,28,12,23.3,metar,82,metar,0.0,metno_forecast,0,metar,0.0,metar,,,,,2,metar,5,metno_forecast
2026,6,28,13,22.8,metar,81,metar,0.0,metno_forecast,0,metar,0.0,metar,,,,,4,metar,5,metar
2026,6,28,14,24.4,metar,74,metar,0.0,metno_forecast,60,metar,5.0,metar,,,,,2,metar,3,metno_forecast
2026,6,28,15,26.1,metar,62,metar,0.0,metno_forecast,57,metno_forecast,3.0,metar,,,,,8,metno_forecast,3,metno_forecast
2026,6,28,16,27.8,metar,60,metar,0.0,metno_forecast,60,metar,8.0,metar,,,,,7,metno_forecast,3,metno_forecast
2026,6,28,17,25.0,metar,71,metar,0.0,metno_forecast,0,metar,0.0,metar,,,,,8,metar,3,metno_forecast
2026,6,28,18,26.7,metar,60,metar,0.0,metno_forecast,160,metar,3.0,metar,,,,,2,metar,2,metno_forecast
2026,6,28,19,26.7,metar,60,metar,0.0,metno_forecast,0,metar,0.0,metar,,,,,6,metar,2,metno_forecast
2026,6,28,20,26.1,metar,62,metar,0.0,metno_forecast,0,metar,0.0,metar,,,,,4,metar,1,metno_forecast
2026,6,28,21,25.6,metar,62,metar,0.0,metno_forecast,146,metno_forecast,9.0,metno_forecast,,,,,2,metno_forecast,2,metno_forecast
2026,6,28,22,25.0,metar,62,metar,0.0,metno_forecast,0,metar,0.0,metar,,,,,3,metno_forecast,2,metno_forecast
2026,6,28,23,23.9,metar,69,metar,0.0,metno_forecast,144,metno_forecast,8.3,metno_forecast,,,,,0,metno_forecast,2,metno_forecast
2026,6,29,0,22.8,metar,71,metar,0.0,metno_forecast,0,metar,0.0,metar,,,,,0,metno_forecast,1,metno_forecast
2026,6,29,1,22.2,metar,76,metar,0.0,metno_forecast,159,metno_forecast,4.0,metar,,,,,0,metno_forecast,1,metno_forecast
2026,6,29,2,21.7,metar,76,metar,0.0,metno_forecast,0,metar,0.0,metar,,,,,1,metno_forecast,1,metno_forecast
2026,6,29,3,21.1,metar,81,metar,0.0,metno_forecast,0,metar,0.0,metar,,,,,1,metno_forecast,1,metno_forecast
2026,6,29,4,21.1,metar,78,metar,0.0,metno_forecast,0,metar,0.0,metar,,,,,1,metno_forecast,2,metno_forecast
2026,6,29,5,21.1,metar,76,metar,0.0,metno_forecast,0,metar,0.0,metar,,,,,2,metno_forecast,2,metno_forecast
2026,6,29,6,20.6,metar,78,metar,0.0,metno_forecast,290,metar,3.0,metar,,,,,4,metno_forecast,2,metno_forecast
2026,6,29,7,20.6,metar,73,metar,0.0,metno_forecast,0,metar,0.0,metar,,,,,8,metno_forecast,3,metno_forecast
2026,6,29,8,20.0,metar,81,metar,0.0,metno_forecast,0,metar,0.0,metar,,,,,6,metar,3,metno_forecast
2026,6,29,9,20.0,metar,81,metar,0.0,metno_forecast,0,metar,0.0,metar,,,,,2,metar,3,metno_forecast
2026,6,29,10,21.1,metar,78,metar,0.0,metno_forecast,0,metar,0.0,metar,,,,,8,metno_forecast,3,metno_forecast
2026,6,29,11,22.2,metar,76,metar,0.0,metno_forecast,0,metar,0.0,metar,,,,,8,metno_forecast,3,metno_forecast
2026,6,29,12,24.4,metar,67,metar,0.0,metno_forecast,0,metar,0.0,metar,,,,,4,metno_forecast,3,metno_forecast
2026,6,29,13,25.6,metar,62,metar,0.0,metno_forecast,0,metar,0.0,metar,,,,,3,metno_forecast,3,metno_forecast
2026,6,29,14,27.2,metar,61,metar,0.0,metno_forecast,0,metar,0.0,metar,,,,,1,metno_forecast,2,metno_forecast
2026,6,29,15,28.3,metar,55,metar,0.0,metno_forecast,59,metno_forecast,3.0,metar,,,,,2,metar,1,metno_forecast
2026,6,29,16,29.4,metar,45,metar,0.0,metno_forecast,90,metar,5.0,metar,,,,,1,metno_forecast,1,metno_forecast
2026,6,29,17,30.6,metar,31,metar,0.0,metno_forecast,93,metno_forecast,5.8,metno_forecast,,,,,2,metno_forecast,2,metno_forecast
2026,6,29,18,30.6,metar,32,metar,0.0,metno_forecast,50,metar,6.0,metar,,,,,0,metno_forecast,2,metno_forecast
2026,6,29,19,30.6,metar,32,metar,0.0,metno_forecast,100,metar,7.0,metar,,,,,0,metno_forecast,1,metno_forecast
2026,6,29,20,28.3,metar,53,metar,0.0,metno_forecast,0,metar,0.0,metar,,,,,4,metar,1,metno_forecast
2026,6,29,21,27.2,metar,58,metar,0.0,metno_forecast,154,metno_forecast,6.0,metar,,,,,3,metno_forecast,2,metno_forecast
2026,6,29,22,27.2,metar,53,metar,0.0,metno_forecast,165,metno_forecast,14.8,metno_forecast,,,,,1,metno_forecast,2,metno_forecast
2026,6,29,23,26.1,metar,54,metar,0.0,metno_forecast,155,metno_forecast,12.2,metno_forecast,,,,,2,metar,1,metno_forecast
2026,6,30,0,25.6,metar,54,metar,0.0,metno_forecast,0,metar,0.0,metar,,,,,3,metno_forecast,1,metno_forecast
2026,6,30,1,25.6,metar,52,metar,0.0,metno_forecast,0,metar,0.0,metar,,,,,2,metar,2,metno_forecast
2026,6,30,2,24.4,metar,58,metar,0.0,metno_forecast,178,metno_forecast,4.0,metar,,,,,4,metno_forecast,2,metno_forecast
2026,6,30,3,24.4,metar,58,metar,0.0,metno_forecast,195,metno_forecast,3.0,metar,,,,,4,metno_forecast,3,metno_forecast
2026,6,30,4,23.9,metar,62,metar,0.0,metno_forecast,224,metno_forecast,4.0,metar,,,,,4,metar,3,metno_forecast
2026,6,30,5,23.9,metar,64,metar,0.0,metno_forecast,260,metar,5.0,metar,,,,,6,metar,2,metno_forecast
2026,6,30,6,23.3,metar,64,metar,0.0,metno_forecast,233,metno_forecast,4.0,metar,,,,,3,metno_forecast,1,metno_forecast
2026,6,30,7,23.3,metar,66,metar,0.0,metno_forecast,240,metar,5.0,metar,,,,,2,metno_forecast,2,metno_forecast
2026,6,30,8,23.3,metar,69,metar,0.0,metno_forecast,240,metar,7.0,metar,,,,,1,metno_forecast,2,metno_forecast
2026,6,30,9,22.8,metar,73,metar,0.0,metno_forecast,240,metar,5.0,metar,,,,,2,metno_forecast,1,metno_forecast
2026,6,30,10,23.3,metar,71,metar,0.0,metno_forecast,240,metar,6.0,metar,,,,,3,metno_forecast,2,metno_forecast
2026,6,30,11,23.9,metar,71,metar,0.0,metno_forecast,0,metar,0.0,metar,,,,,1,metno_forecast,3,metno_forecast
2026,6,30,12,25.0,metar,66,metar,0.0,metno_forecast,230,metar,8.0,metar,,,,,8,metno_forecast,1,metno_forecast
2026,6,30,13,26.7,metar,62,metar,0.0,metno_forecast,228,metno_forecast,6.1,metno_forecast,,,,,2,metno_forecast,3,metno_forecast
2026,6,30,14,27.8,metar,58,metar,0.0,metno_forecast,220,metno_forecast,4.0,metar,,,,,8,metno_forecast,2,metno_forecast
2026,6,30,15,28.9,metar,57,metar,0.0,metno_forecast,260,metar,4.0,metar,,,,,8,metno_forecast,3,metno_forecast
2026,6,30,16,30.6,metar,48,metar,0.0,metno_forecast,241,metno_forecast,6.0,metar,,,,,7,metno_forecast,3,metno_forecast
2026,6,30,17,29.4,metar,55,metar,0.2,metno_forecast,232,metno_forecast,12.2,metno_forecast,,,,,6,metar,7,metno_forecast
2026,6,30,18,28.3,metar,59,metar,0.0,metno_forecast,214,metno_forecast,15.8,metno_forecast,,,,,6,metar,3,metno_forecast
2026,6,30,19,29.4,metar,50,metar,0.0,metar,200,metar,8.0,metar,17.0,metar,,,4,metar,8,metno_forecast
2026,6,30,20,30.0,metar,51,metar,0.0,metno_forecast,173,metno_forecast,18.7,metno_forecast,,,,,2,metar,3,metno_forecast
2026,6,30,21,30.0,metar,46,metar,0.0,metno_forecast,240,metar,8.0,metar,,,,,8,metno_forecast,3,metno_forecast
2026,6,30,22,28.9,metar,49,metar,0.0,metno_forecast,161,metno_forecast,3.0,metar,,,,,5,metno_forecast,3,metno_forecast
2026,6,30,23,28.3,metar,49,metar,0.0,metno_forecast,195,metno_forecast,16.9,metno_forecast,,,,,3,metno_forecast,3,metno_forecast
2026,7,1,0,27.8,metar,49,metar,0.0,metno_forecast,209,metno_forecast,4.0,metar,,,,,2,metno_forecast,2,metno_forecast
2026,7,1,1,27.2,metar,51,metar,0.0,metno_forecast,192,metno_forecast,6.0,metar,,,,,3,metno_forecast,2,metno_forecast
2026,7,1,2,26.1,metar,52,metar,0.0,metno_forecast,197,metno_forecast,5.0,metar,,,,,3,metno_forecast,2,metno_forecast
2026,7,1,3,25.6,metar,58,metar,0.0,metno_forecast,213,metno_forecast,17.3,metno_forecast,,,,,3,metno_forecast,3,metno_forecast
2026,7,1,4,25.6,metar,56,metar,0.0,metno_forecast,230,metar,6.0,metar,,,,,5,metno_forecast,2,metno_forecast
2026,7,1,5,24.4,metar,58,metar,0.0,metno_forecast,230,metar,6.0,metar,,,,,4,metar,3,metno_forecast
2026,7,1,6,25.0,metar,54,metar,0.0,metno_forecast,210,metno_forecast,3.0,metar,,,,,8,metar,3,metno_forecast
2026,7,1,7,24.4,metar,60,metar,0.1,metno_forecast,230,metar,8.0,metar,,,,,4,metar,7,metno_forecast
2026,7,1,8,24.4,metar,62,metar,0.2,metno_forecast,230,metar,6.0,metar,,,,,2,metar,17,metno_forecast
2026,7,1,9,23.9,metar,66,metar,0.0,metno_forecast,0,metar,0.0,metar,,,,,7,metno_forecast,3,metno_forecast
2026,7,1,10,23.9,metar,71,metar,0.0,metno_forecast,200,metno_forecast,3.0,metar,,,,,4,metar,3,metno_forecast
2026,7,1,11,24.4,metar,74,metar,0.0,metno_forecast,0,metar,0.0,metar,,,,,4,metno_forecast,3,metno_forecast
2026,7,1,12,25.6,metar,71,metar,0.0,metno_forecast,290,metar,3.0,metar,,,,,3,metno_forecast,3,metno_forecast
2026,7,1,13,27.2,metar,67,metar,0.0,metno_forecast,230,metar,5.0,metar,,,,,2,metno_forecast,2,metno_forecast
2026,7,1,14,28.9,metar,65,metar,0.0,metno_forecast,242,metno_forecast,3.0,metar,,,,,0,metno_forecast,2,metno_forecast
2026,7,1,15,31.1,metar,59,metar,0.0,metno_forecast,238,metno_forecast,3.0,metar,,,,,0,metno_forecast,1,metno_forecast
2026,7,1,16,32.8,metar,54,metar,0.0,metno_forecast,0,metar,0.0,metar,,,,,0,metno_forecast,1,metno_forecast
2026,7,1,17,32.8,metar,60,metar,0.0,metno_forecast,0,metar,0.0,metar,,,,,1,metno_forecast,1,metno_forecast
2026,7,1,18,32.8,metar,57,metar,0.0,metno_forecast,0,metar,0.0,metar,,,,,2,metno_forecast,1,metno_forecast
2026,7,1,19,32.2,metar,59,metar,0.0,metno_forecast,173,metno_forecast,5.0,metar,,,,,6,metno_forecast,2,metno_forecast
2026,7,1,20,31.7,metar,63,metar,0.2,metno_forecast,125,metno_forecast,5.0,metar,,,,,6,metno_forecast,17,metno_forecast
2026,7,1,21,32.2,metar,64,metar,0.3,metno_forecast,133,metno_forecast,13.7,metno_forecast,,,,,3,metno_forecast,17,metno_forecast
2026,7,1,22,31.7,metar,63,metar,0.2,metno_forecast,0,metar,0.0,metar,,,,,1,metno_forecast,17,metno_forecast
2026,7,1,23,31.7,metar,63,metar,0.0,metno_forecast,0,metar,0.0,metar,,,,,2,metno_forecast,2,metno_forecast
2026,7,2,0,30.0,metar,67,metar,0.0,metno_forecast,0,metar,0.0,metar,,,,,2,metno_forecast,2,metno_forecast
2026,7,2,1,29.4,metar,72,metar,0.0,metno_forecast,0,metar,0.0,metar,,,,,1,metno_forecast,2,metno_forecast
2026,7,2,2,30.0,metar,67,metar,0.0,metno_forecast,0,metar,0.0,metar,,,,,0,metno_forecast,2,metno_forecast
2026,7,2,3,30.0,metar,70,metar,0.0,metno_forecast,200,metar,3.0,metar,,,,,3,metno_forecast,1,metno_forecast
2026,7,2,4,29.4,metar,72,metar,0.0,metno_forecast,220,metar,6.0,metar,,,,,4,metar,2,metno_forecast
2026,7,2,5,28.9,metar,74,metar,0.0,metno_forecast,229,metno_forecast,5.0,metar,,,,,0,metno_forecast,2,metno_forecast
2026,7,2,6,29.4,metar,72,metar,0.0,metno_forecast,250,metar,4.0,metar,,,,,0,metno_forecast,1,metno_forecast
2026,7,2,7,28.9,metar,74,metar,0.0,metno_forecast,0,metar,0.0,metar,,,,,0,metno_forecast,1,metno_forecast
2026,7,2,8,28.3,metar,77,metar,0.0,metno_forecast,239,metno_forecast,4.0,metar,,,,,0,metno_forecast,1,metno_forecast
2026,7,2,9,28.3,metar,77,metar,0.0,metno_forecast,0,metar,0.0,metar,,,,,2,metar,1,metno_forecast
2026,7,2,10,28.3,metar,79,metar,0.0,metno_forecast,0,metar,0.0,metar,,,,,0,metno_forecast,1,metno_forecast
2026,7,2,11,29.4,metar,72,metar,0.0,metno_forecast,260,metar,6.0,metar,,,,,0,metno_forecast,1,metno_forecast
2026,7,2,12,31.1,metar,59,metar,0.0,metno_forecast,290,metar,4.0,metar,,,,,0,metno_forecast,1,metno_forecast
2026,7,2,13,32.8,metar,52,metar,0.0,metno_forecast,290,metar,5.0,metar,,,,,0,metno_forecast,1,metno_forecast
2026,7,2,14,34.4,metar,46,metar,0.0,metno_forecast,308,metno_forecast,3.0,metar,,,,,0,metno_forecast,1,metno_forecast
2026,7,2,15,35.6,metar,43,metar,0.0,metno_forecast,309,metno_forecast,3.0,metar,,,,,0,metno_forecast,1,metno_forecast
2026,7,2,16,36.7,metar,39,metar,0.0,metno_forecast,250,metar,6.0,metar,,,,,0,metno_forecast,1,metno_forecast
2026,7,2,17,37.8,metar,36,metar,0.0,metno_forecast,300,metno_forecast,3.0,metar,,,,,1,metno_forecast,1,metno_forecast
2026,7,2,18,37.2,metar,38,metar,0.0,metno_forecast,300,metno_forecast,4.0,metar,,,,,2,metar,1,metno_forecast
2026,7,2,19,36.7,metar,40,metar,0.0,metno_forecast,235,metno_forecast,6.0,metar,,,,,1,metno_forecast,1,metno_forecast
2026,7,2,20,35.6,metar,43,metar,0.3,metno_forecast,150,metar,4.0,metar,,,,,3,metno_forecast,17,metno_forecast
2026,7,2,21,34.4,metar,48,metar,0.0,metno_forecast,154,metno_forecast,4.0,metar,,,,,3,metno_forecast,3,metno_forecast
2026,7,2,22,35.6,metar,43,metar,0.1,metno_forecast,142,metno_forecast,3.0,metar,,,,,2,metno_forecast,17,metno_forecast
2026,7,2,23,35.0,metar,39,metar,0.2,metno_forecast,130,metno_forecast,4.0,metar,,,,,1,metno_forecast,17,metno_forecast
2026,7,3,0,35.0,metar,40,metar,0.0,metno_forecast,280,metar,6.0,metar,,,,,0,metno_forecast,1,metno_forecast
2026,7,3,1,33.3,metar,46,metar,0.0,metno_forecast,153,metno_forecast,4.0,metar,,,,,0,metno_forecast,1,metno_forecast
2026,7,3,2,32.8,metar,50,metar,0.0,metno_forecast,0,metar,0.0,metar,,,,,0,metno_forecast,1,metno_forecast
2026,7,3,3,32.2,metar,54,metar,0.0,metno_forecast,260,metar,4.0,metar,,,,,0,metno_forecast,1,metno_forecast
2026,7,3,4,32.2,metar,54,metar,0.0,metno_forecast,296,metno_forecast,8.6,metno_forecast,,,,,0,metno_forecast,1,metno_forecast
2026,7,3,5,31.7,metar,57,metar,0.0,metno_forecast,300,metar,5.0,metar,,,,,0,metno_forecast,1,metno_forecast
2026,7,3,6,31.1,metar,57,metar,0.0,metno_forecast,291,metno_forecast,9.7,metno_forecast,,,,,0,metno_forecast,1,metno_forecast
2026,7,3,7,30.6,metar,53,metar,0.0,metno_forecast,0,metar,0.0,metar,,,,,0,metno_forecast,1,metno_forecast
2026,7,3,8,30.0,metar,53,metar,0.0,metno_forecast,0,metar,0.0,metar,,,,,0,metno_forecast,1,metno_forecast
2026,7,3,9,29.4,metar,57,metar,0.0,metno_forecast,280,metar,4.0,metar,,,,,0,metno_forecast,1,metno_forecast
2026,7,3,10,29.4,metar,59,metar,0.0,metno_forecast,280,metar,5.0,metar,,,,,0,metno_forecast,1,metno_forecast
2026,7,3,11,29.4,metar,61,metar,0.0,metno_forecast,0,metar,0.0,metar,,,,,0,metno_forecast,1,metno_forecast
2026,7,3,12,31.1,metar,57,metar,0.0,metno_forecast,302,metno_forecast,8.3,metno_forecast,,,,,0,metno_forecast,1,metno_forecast
2026,7,3,13,32.2,metar,56,metar,0.0,metno_forecast,312,metno_forecast,5.0,metar,,,,,0,metno_forecast,1,metno_forecast
2026,7,3,14,33.3,metar,54,metar,0.0,metno_forecast,310,metar,3.0,metar,,,,,0,metno_forecast,1,metno_forecast
2026,7,3,15,35.6,metar,48,metar,0.0,metno_forecast,290,metar,5.0,metar,,,,,0,metno_forecast,1,metno_forecast
2026,7,3,16,36.1,metar,42,metar,0.0,metno_forecast,280,metar,7.0,metar,,,,,0,metno_forecast,1,metno_forecast
2026,7,3,17,36.1,metar,43,metar,0.0,metno_forecast,296,metno_forecast,5.0,metar,,,,,1,metno_forecast,1,metno_forecast
2026,7,3,18,35.6,metar,46,metar,0.0,metno_forecast,280,metar,5.0,metar,,,,,2,metar,1,metno_forecast
2026,7,3,19,35.6,metar,45,metar,0.0,metno_forecast,296,metno_forecast,5.0,metar,,,,,4,metar,1,metno_forecast
2026,7,3,20,36.7,metar,36,metar,0.0,metno_forecast,292,metno_forecast,6.0,metar,,,,,2,metar,2,metno_forecast
2026,7,3,21,35.0,metar,44,metar,0.0,metno_forecast,281,metno_forecast,14.8,metno_forecast,,,,,2,metar,2,metno_forecast
2026,7,3,22,33.9,metar,46,metar,0.5,metno_forecast,325,metno_forecast,5.0,metar,,,,,5,metno_forecast,17,metno_forecast
2026,7,3,23,33.3,metar,47,metar,0.5,metno_forecast,290,metar,8.0,metar,26.0,metar,,,5,metno_forecast,17,metno_forecast
2026,7,4,0,28.3,metar,67,metar,0.0,metar,280,metar,13.0,metar,31.0,metar,,,2,metar,8,metar
2026,7,4,1,22.2,metar,97,metar,0.0,metar,260,metar,6.0,metar,,,,,4,metar,3,metno_forecast
2026,7,4,2,22.8,metar,84,metar,0.0,metar,290,metar,5.0,metar,,,,,0,metno_forecast,1,metno_forecast
2026,7,4,3,24.4,metar,71,metar,0.0,metno_forecast,290,metar,4.0,metar,,,,,0,metno_forecast,1,metno_forecast
2026,7,4,4,25.0,metar,69,metar,0.0,metno_forecast,0,metar,0.0,metar,,,,,2,metar,1,metno_forecast
2026,7,4,5,25.0,metar,71,metar,0.0,metno_forecast,270,metar,3.0,metar,,,,,0,metno_forecast,1,metno_forecast
2026,7,4,6,25.0,metar,74,metar,0.0,metno_forecast,303,metno_forecast,4.0,metar,,,,,0,metno_forecast,1,metno_forecast
2026,7,4,7,25.6,metar,71,metar,0.0,metno_forecast,280,metar,4.0,metar,,,,,0,metno_forecast,1,metno_forecast
2026,7,4,8,25.0,metar,77,metar,0.0,metno_forecast,0,metar,0.0,metar,,,,,0,metno_forecast,1,metno_forecast
2026,7,4,9,25.0,metar,77,metar,0.0,metno_forecast,0,metar,0.0,metar,,,,,3,metno_forecast,1,metno_forecast
2026,7,4,10,25.6,metar,76,metar,0.0,metno_forecast,0,metar,0.0,metar,,,,,0,metno_forecast,2,metno_forecast
2026,7,4,11,27.2,metar,72,metar,0.0,metno_forecast,290,metar,3.0,metar,,,,,0,metno_forecast,1,metno_forecast
2026,7,4,12,27.8,metar,72,metar,0.0,metno_forecast,260,metar,4.0,metar,,,,,0,metno_forecast,1,metno_forecast
2026,7,4,13,30.6,metar,63,metar,0.0,metno_forecast,296,metno_forecast,5.0,metar,,,,,0,metno_forecast,1,metno_forecast
2026,7,4,14,31.7,metar,57,metar,0.0,metno_forecast,298,metno_forecast,11.2,metno_forecast,,,,,0,metno_forecast,1,metno_forecast
2026,7,4,15,32.8,metar,54,metar,0.0,metno_forecast,260,metar,7.0,metar,,,,,2,metar,1,metno_forecast
2026,7,4,16,33.9,metar,47,metar,0.0,metno_forecast,290,metno_forecast,3.0,metar,,,,,0,metno_forecast,1,metno_forecast
2026,7,4,17,33.9,metar,52,metar,0.0,metno_forecast,0,metar,0.0,metar,,,,,4,metar,1,metno_forecast
2026,7,4,18,33.3,metar,52,metar,0.0,metno_forecast,295,metno_forecast,3.0,metar,,,,,4,metar,1,metno_forecast
2026,7,4,19,33.3,metar,49,metar,0.0,metno_forecast,240,metar,7.0,metar,16.0,metar,,,1,metno_forecast,2,metno_forecast
2026,7,4,20,33.3,metar,49,metar,0.0,metno_forecast,285,metno_forecast,5.0,metar,,,,,1,metno_forecast,2,metno_forecast
2026,7,4,21,34.4,metar,41,metar,0.0,metno_forecast,288,metno_forecast,3.0,metar,,,,,1,metno_forecast,1,metno_forecast
2026,7,4,22,33.9,metar,43,metar,0.0,metno_forecast,302,metno_forecast,4.0,metar,,,,,2,metno_forecast,1,metno_forecast
2026,7,4,23,32.2,metar,47,metar,0.8,metno_forecast,338,metno_forecast,4.0,metar,,,,,4,metno_forecast,17,metno_forecast
2026,7,5,0,28.3,metar,59,metar,0.3,metno_forecast,0,metar,0.0,metar,,,,,2,metar,17,metno_forecast
2026,7,5,1,26.7,metar,62,metar,1.1,metno_forecast,292,metno_forecast,5.4,metno_forecast,,,,,8,metno_forecast,9,metno_forecast
2026,7,5,2,25.6,metar,71,metar,0.6,metno_forecast,240,metar,7.0,metar,19.0,metar,,,2,metar,8,metno_forecast
2026,7,5,3,23.9,metar,82,metar,0.0,metar,0,metar,4.0,metar,23.0,metar,,,2,metar,8,metar
2026,7,5,4,22.2,metar,97,metar,0.0,metar,0,metar,0.0,metar,,,,,4,metar,3,metno_forecast
2026,7,5,5,22.2,metar,97,metar,0.0,metar,270,metar,4.0,metar,,,,,7,metno_forecast,3,metno_forecast
2026,7,5,6,22.2,metar,97,metar,0.0,metar,330,metar,3.0,metar,,,,,2,metar,3,metno_forecast
2026,7,5,7,22.2,metar,97,metar,0.0,metno_forecast,0,metar,0.0,metar,,,,,8,metno_forecast,5,metar
2026,7,5,8,22.2,metar,97,metar,0.0,metno_forecast,0,metar,0.0,metar,,,,,6,metar,3,metno_forecast
2026,7,5,9,22.2,metar,97,metar,0.0,metar,0,metar,0.0,metar,,,,,2,metar,3,metno_forecast
2026,7,5,10,22.8,metar,96,metar,0.0,metno_forecast,0,metar,0.0,metar,,,,,4,metno_forecast,5,metar
2026,7,5,11,23.3,metar,94,metar,0.0,metno_forecast,0,metar,0.0,metar,,,,,2,metar,3,metno_forecast
2026,7,5,12,23.9,metar,94,metar,0.0,metno_forecast,40,metar,3.0,metar,,,,,6,metar,3,metno_forecast
2026,7,5,13,24.0,metar,83,metar,0.0,metno_forecast,100,metar,4.0,metar,,,,,6,metar,3,metno_forecast
2026,7,5,14,24.4,metar,85,metar,0.0,metno_forecast,0,metar,0.0,metar,,,,,8,metar,3,metno_forecast
2026,7,5,15,24.4,metar,85,metar,0.0,metno_forecast,60,metar,4.0,metar,,,,,8,metar,3,metno_forecast
2026,7,5,16,25.0,metar,82,metar,0.0,metno_forecast,80,metar,4.0,metar,,,,,4,metar,3,metno_forecast
2026,7,5,17,26.7,metar,76,metar,0.0,metno_forecast,50,metar,6.0,metar,,,,,8,metno_forecast,3,metno_forecast
2026,7,5,18,26.7,metar,76,metar,0.1,metno_forecast,40,metar,6.0,metar,,,,,2,metar,7,metno_forecast
2026,7,5,19,26.7,metar,74,metar,0.2,metno_forecast,101,metno_forecast,3.0,metar,,,,,6,metar,7,metno_forecast
2026,7,5,20,26.7,metar,74,metar,0.9,metno_forecast,60,metar,5.0,metar,,,,,2,metar,8,metno_forecast
2026,7,5,21,26.7,metar,76,metar,1.1,metno_forecast,30,metno_forecast,6.0,metar,,,,,2,metar,9,metno_forecast
2026,7,5,22,26.1,metar,79,metar,0.7,metno_forecast,70,metar,4.0,metar,,,,,4,metar,8,metno_forecast
2026,7,5,23,25.0,metar,79,metar,0.2,metno_forecast,70,metar,4.0,metar,,,,,4,metar,7,metno_forecast
2026,7,6,0,24.4,metar,85,metar,0.3,metno_forecast,0,metar,0.0,metar,,,,,2,metar,8,metno_forecast
2026,7,6,1,23.9,metar,88,metar,0.0,metar,150,metar,3.0,metar,,,,,2,metar,8,metar
2026,7,6,2,22.2,metar,93,metar,0.0,metar,0,metar,0.0,metar,,,,,4,metar,7,metno_forecast
2026,7,6,3,21.7,metar,96,metar,0.0,metar,90,metar,3.0,metar,15.0,metar,,,6,metar,3,metno_forecast
2026,7,6,4,21.7,metar,96,metar,0.0,metar,50,metar,8.0,metar,16.0,metar,,,6,metar,8,metar
2026,7,6,5,20.0,metar,100,metar,0.1,metar,60,metar,6.0,metar,,,,,6,metar,8,metar
2026,7,6,6,20.0,metar,96,metar,0.0,metar,50,metar,7.0,metar,16.0,metar,,,6,metar,8,metar
2026,7,6,7,19.4,metar,100,metar,0.0,metar,60,metar,7.0,metar,19.0,metar,,,4,metar,9,metno_forecast
2026,7,6,8,20.0,metar,100,metar,0.0,metar,80,metar,7.0,metar,15.0,metar,,,8,metar,9,metno_forecast
2026,7,6,9,20.6,metar,100,metar,0.0,metar,60,metno_forecast,4.0,metar,,,,,8,metar,5,metar
2026,7,6,10,20.0,metar,100,metar,0.0,metar,59,metno_forecast,6.0,metar,18.0,metar,,,8,metar,5,metar
2026,7,6,11,20.0,metar,100,metar,0.0,metar,65,metno_forecast,4.0,metar,,,,,8,metar,8,metno_forecast
2026,7,6,12,20.0,metar,100,metar,0.0,metar,50,metar,3.0,metar,15.0,metar,,,8,metar,8,metar
2026,7,6,13,20.0,metar,100,metar,0.0,metar,80,metar,6.0,metar,,,,,8,metar,8,metar
2026,7,6,14,20.6,metar,96,metar,0.0,metar,60,metar,5.0,metar,15.0,metar,,,8,metar,9,metno_forecast
2026,7,6,15,20.0,metar,100,metar,0.0,metar,70,metar,7.0,metar,17.0,metar,,,8,metar,5,metar
2026,7,6,16,21.0,metar,94,metar,0.0,metar,60,metar,9.0,metar,16.0,metar,,,8,metar,8,metar
2026,7,6,17,20.6,metar,96,metar,0.0,metar,60,metar,7.0,metar,18.0,metar,,,8,metar,9,metno_forecast
2026,7,6,18,20.0,metar,100,metar,0.0,metar,60,metar,10.0,metar,19.0,metar,,,8,metar,5,metar
2026,7,6,19,18.9,metar,96,metar,0.0,metar,50,metar,12.0,metar,23.0,metar,,,8,metar,9,metno_forecast
2026,7,6,20,18.9,metar,96,metar,0.0,metar,80,metar,11.0,metar,20.0,metar,,,8,metar,5,metar
2026,7,6,21,18.3,metar,100,metar,0.0,metar,60,metar,12.0,metar,24.0,metar,,,8,metar,7,metno_forecast
2026,7,6,22,18.3,metar,100,metar,0.0,metar,60,metar,10.0,metar,25.0,metar,,,8,metar,3,metno_forecast
2026,7,6,23,18.3,metar,100,metar,0.0,metar,60,metar,9.0,metar,20.0,metar,,,8,metar,7,metno_forecast
2026,7,7,0,18.3,metar,100,metar,0.0,metar,80,metar,8.0,metar,,,,,8,metar,8,metno_forecast
2026,7,7,1,18.3,metar,97,metar,0.0,metar,60,metar,8.0,metar,15.0,metar,,,8,metar,5,metar
2026,7,7,2,17.8,metar,100,metar,0.2,metno_forecast,60,metar,9.0,metar,17.0,metar,,,8,metar,7,metno_forecast
2026,7,7,3,17.8,metar,100,metar,0.6,metno_forecast,70,metar,9.0,metar,15.0,metar,,,8,metar,8,metno_forecast
2026,7,7,4,17.8,metar,96,metar,0.0,metno_forecast,60,metar,15.0,metar,23.0,metar,,,8,metar,3,metno_forecast
2026,7,7,5,17.8,metar,96,metar,0.0,metno_forecast,80,metar,11.0,metar,21.0,metar,,,8,metar,3,metno_forecast
2026,7,7,6,17.8,metar,96,metar,0.0,metar,60,metar,9.0,metar,18.0,metar,,,8,metar,7,metno_forecast
2026,7,7,7,17.8,metar,96,metar,0.0,metar,53,metno_forecast,6.0,metar,17.0,metar,,,8,metar,5,metar
2026,7,7,8,17.2,metar,100,metar,0.3,metno_forecast,30,metar,7.0,metar,,,,,8,metar,5,metar
2026,7,7,9,17.2,metar,100,metar,0.2,metno_forecast,27,metno_forecast,6.0,metar,,,,,8,metar,5,metar
2026,7,7,10,17.2,metar,100,metar,0.1,metno_forecast,50,metar,7.0,metar,,,,,8,metar,7,metno_forecast
2026,7,7,11,17.2,metar,97,metar,0.1,metno_forecast,17,metno_forecast,5.0,metar,,,,,8,metar,7,metno_forecast
2026,7,7,12,17.2,metar,100,metar,0.0,metno_forecast,13,metno_forecast,6.0,metar,,,,,8,metar,3,metno_forecast
2026,7,7,13,17.2,metar,97,metar,0.0,metno_forecast,20,metno_forecast,6.0,metar,,,,,8,metar,3,metno_forecast
2026,7,7,14,17.8,metar,93,metar,0.0,metno_forecast,0,metar,0.0,metar,,,,,8,metar,3,metno_forecast
2026,7,7,15,18.3,metar,93,metar,0.0,metno_forecast,20,metar,7.0,metar,,,,,8,metar,3,metno_forecast
2026,7,7,16,19.4,metar,87,metar,0.0,metno_forecast,28,metno_forecast,5.0,metar,,,,,8,metar,3,metno_forecast
2026,7,7,17,20.6,metar,84,metar,0.0,metno_forecast,29,metno_forecast,6.0,metar,,,,,8,metar,3,metno_forecast
2026,7,7,18,21.1,metar,84,metar,0.1,metno_forecast,50,metar,7.0,metar,,,,,8,metar,7,metno_forecast
2026,7,7,19,20.6,metar,84,metar,0.0,metno_forecast,10,metar,6.0,metar,,,,,8,metar,3,metno_forecast
2026,7,7,20,21.1,metar,87,metar,0.0,metar,25,metno_forecast,4.0,metar,16.0,metar,,,6,metar,3,metno_forecast
2026,7,7,21,20.6,metar,87,metar,0.0,metar,27,metno_forecast,5.0,metar,,,,,6,metar,3,metno_forecast
2026,7,7,22,20.6,metar,87,metar,0.0,metar,30,metar,5.0,metar,,,,,6,metar,3,metno_forecast
2026,7,7,23,20.6,metar,84,metar,0.0,metar,30,metar,8.0,metar,16.0,metar,,,6,metar,3,metno_forecast
2026,7,8,0,21.1,metar,78,metar,0.0,metno_forecast,28,metno_forecast,6.0,metar,,,,,8,metar,3,metno_forecast
2026,7,8,1,19.0,metar,94,metar,0.0,metno_forecast,0,metar,3.0,metar,,,,,2,metar,5,metar
2026,7,8,2,19.4,metar,87,metar,0.0,metno_forecast,35,metno_forecast,6.0,metar,,,,,8,metar,3,metno_forecast
2026,7,8,3,20.0,metar,84,metar,0.0,metno_forecast,28,metno_forecast,4.0,metar,,,,,8,metar,3,metno_forecast
2026,7,8,4,20.0,metar,81,metar,0.0,metno_forecast,19,metno_forecast,5.0,metar,,,,,8,metar,3,metno_forecast
2026,7,8,5,19.4,metar,84,metar,0.0,metno_forecast,12,metno_forecast,5.0,metar,,,,,8,metar,3,metno_forecast
2026,7,8,6,18.9,metar,84,metar,0.0,metno_forecast,50,metar,5.0,metar,,,,,4,metar,3,metno_forecast
2026,7,8,7,18.9,metar,84,metar,0.0,metno_forecast,12,metno_forecast,5.0,metar,,,,,0,metno_forecast,2,metno_forecast
2026,7,8,8,18.3,metar,87,metar,0.0,metno_forecast,2,metno_forecast,3.0,metar,,,,,0,metno_forecast,1,metno_forecast
2026,7,8,9,18.3,metar,87,metar,0.0,metno_forecast,357,metno_forecast,3.0,metar,,,,,0,metno_forecast,1,metno_forecast
2026,7,8,10,18.9,metar,87,metar,0.0,metno_forecast,2,metno_forecast,3.0,metar,,,,,0,metno_forecast,1,metno_forecast
2026,7,8,11,20.6,metar,78,metar,0.0,metno_forecast,30,metar,6.0,metar,,,,,0,metno_forecast,1,metno_forecast
2026,7,8,12,21.7,metar,73,metar,0.0,metno_forecast,358,metno_forecast,3.0,metar,,,,,0,metno_forecast,1,metno_forecast
2026,7,8,13,22.8,metar,71,metar,0.0,metno_forecast,354,metno_forecast,5.0,metno_forecast,,,,,0,metno_forecast,1,metno_forecast
2026,7,8,14,24.4,metar,64,metar,0.0,metno_forecast,0,metar,0.0,metar,,,,,0,metno_forecast,1,metno_forecast
2026,7,8,15,26.1,metar,60,metar,0.0,metno_forecast,0,metar,0.0,metar,,,,,0,metno_forecast,1,metno_forecast
2026,7,8,16,27.2,metar,58,metar,0.0,metno_forecast,12,metno_forecast,3.0,metar,,,,,0,metno_forecast,1,metno_forecast
2026,7,8,17,29.4,metar,46,metar,0.0,metno_forecast,0,metar,0.0,metar,,,,,0,metno_forecast,1,metno_forecast
2026,7,8,18,27.8,metar,53,metar,0.0,metno_forecast,255,metno_forecast,4.0,metar,,,,,0,metno_forecast,1,metno_forecast
2026,7,8,19,28.3,metar,48,metar,0.0,metno_forecast,262,metno_forecast,4.0,metar,,,,,0,metno_forecast,1,metno_forecast
2026,7,8,20,28.3,metar,48,metar,0.0,metno_forecast,230,metno_forecast,6.8,metno_forecast,,,,,0,metno_forecast,1,metno_forecast
2026,7,8,21,28.3,metar,49,metar,0.0,metno_forecast,0,metar,0.0,metar,,,,,1,metno_forecast,1,metno_forecast
2026,7,8,22,26.7,metar,62,metar,0.0,metno_forecast,227,metno_forecast,3.0,metar,,,,,2,metno_forecast,1,metno_forecast
2026,7,8,23,26.1,metar,62,metar,0.0,metno_forecast,184,metno_forecast,11.2,metno_forecast,,,,,1,metno_forecast,2,metno_forecast
2026,7,9,0,24.4,metar,71,metar,0.0,metno_forecast,0,metar,0.0,metar,,,,,0,metno_forecast,1,metno_forecast
2026,7,9,1,23.9,metar,76,metar,0.0,metno_forecast,180,metno_forecast,3.0,metar,,,,,0,metno_forecast,1,metno_forecast
2026,7,9,2,23.9,metar,76,metar,0.0,metno_forecast,189,metno_forecast,4.0,metar,,,,,0,metno_forecast,1,metno_forecast
2026,7,9,3,23.3,metar,79,metar,0.0,metno_forecast,194,metno_forecast,4.0,metar,,,,,1,metno_forecast,1,metno_forecast
2026,7,9,4,22.8,metar,84,metar,0.0,metno_forecast,208,metno_forecast,4.0,metar,,,,,2,metno_forecast,1,metno_forecast
2026,7,9,5,22.8,metar,84,metar,0.0,metno_forecast,225,metno_forecast,4.0,metar,,,,,1,metno_forecast,2,metno_forecast
2026,7,9,6,22.2,metar,87,metar,0.0,metno_forecast,228,metno_forecast,5.0,metar,,,,,4,metno_forecast,1,metno_forecast
2026,7,9,7,22.2,metar,84,metar,0.0,metno_forecast,227,metno_forecast,9.4,metno_forecast,,,,,4,metno_forecast,3,metno_forecast
2026,7,9,8,21.7,metar,87,metar,0.0,metno_forecast,228,metno_forecast,9.4,metno_forecast,,,,,3,metno_forecast,3,metno_forecast
2026,7,9,9,22.2,metar,84,metar,0.0,metno_forecast,226,metno_forecast,9.7,metno_forecast,,,,,4,metno_forecast,2,metno_forecast
2026,7,9,10,22.2,metar,84,metar,0.0,metno_forecast,237,metno_forecast,4.0,metar,,,,,2,metno_forecast,3,metno_forecast
2026,7,9,11,22.8,metar,81,metar,0.0,metno_forecast,220,metar,8.0,metar,,,,,2,metar,2,metno_forecast
2026,7,9,12,24.4,metar,79,metar,0.0,metno_forecast,250,metar,8.0,metar,,,,,7,metno_forecast,3,metno_forecast
2026,7,9,13,26.1,metar,74,metar,0.0,metno_forecast,220,metar,5.0,metar,,,,,3,metno_forecast,3,metno_forecast
2026,7,9,14,27.2,metar,72,metar,0.0,metno_forecast,239,metno_forecast,10.4,metno_forecast,,,,,2,metar,2,metno_forecast
2026,7,9,15,27.2,metar,74,metar,0.0,metno_forecast,233,metno_forecast,4.0,metar,,,,,4,metar,3,metno_forecast
2026,7,9,16,26.1,metar,79,metar,0.0,metno_forecast,239,metno_forecast,5.0,metar,,,,,2,metar,3,metno_forecast
2026,7,9,17,25.0,metar,89,metar,0.0,metar,0,metar,3.0,metar,,,,,6,metar,9,metno_forecast
2026,7,9,18,25.0,metar,88,metar,0.0,metar,210,metar,7.0,metar,,,,,6,metar,9,metno_forecast
2026,7,9,19,25.0,metar,88,metar,0.3,metno_forecast,240,metar,8.0,metar,,,,,4,metar,8,metno_forecast
2026,7,9,20,24.4,metar,88,metar,0.0,metar,228,metno_forecast,4.0,metar,,,,,4,metar,3,metno_forecast
2026,7,9,21,23.3,metar,97,metar,0.0,metar,0,metar,0.0,metar,,,,,2,metar,17,metno_forecast
2026,7,9,22,23.3,metar,97,metar,3.9,metno_forecast,236,metno_forecast,3.0,metar,,,,,8,metno_forecast,18,metno_forecast
2026,7,9,23,23.0,metar,100,metar,0.8,metno_forecast,220,metno_forecast,4.0,metar,,,,,4,metar,8,metno_forecast
2026,7,10,0,23.3,metar,97,metar,1.3,metno_forecast,218,metno_forecast,3.0,metar,,,,,8,metar,18,metno_forecast
2026,7,10,1,23.9,metar,94,metar,0.3,metno_forecast,218,metno_forecast,3.0,metar,,,,,2,metar,8,metno_forecast
2026,7,10,2,23.3,metar,97,metar,0.0,metar,220,metar,5.0,metar,,,,,4,metar,3,metno_forecast
2026,7,10,3,23.3,metar,97,metar,0.0,metar,212,metno_forecast,5.0,metar,,,,,4,metar,3,metno_forecast
2026,7,10,4,23.3,metar,97,metar,0.0,metno_forecast,228,metno_forecast,3.0,metar,,,,,2,metar,2,metno_forecast
2026,7,10,5,24.0,metar,94,metar,0.0,metno_forecast,230,metar,3.0,metar,,,,,6,metar,3,metno_forecast
2026,7,10,6,23.3,metar,97,metar,0.0,metno_forecast,0,metar,4.0,metar,,,,,6,metar,3,metno_forecast
2026,7,10,7,22.8,metar,96,metar,0.0,metno_forecast,0,metar,0.0,metar,,,,,2,metar,5,metar
2026,7,10,8,22.8,metar,96,metar,0.0,metno_forecast,0,metar,0.0,metar,,,,,8,metno_forecast,5,metar
2026,7,10,9,22.8,metar,96,metar,0.0,metno_forecast,270,metar,3.0,metar,,,,,2,metno_forecast,3,metno_forecast
2026,7,10,10,23.3,metar,91,metar,0.0,metno_forecast,275,metno_forecast,3.0,metar,,,,,0,metno_forecast,2,metno_forecast
2026,7,10,11,24.4,metar,79,metar,0.0,metno_forecast,0,metar,0.0,metar,,,,,2,metno_forecast,1,metno_forecast
2026,7,10,12,25.6,metar,74,metar,0.0,metno_forecast,292,metno_forecast,4.0,metar,,,,,2,metno_forecast,2,metno_forecast
2026,7,10,13,26.7,metar,62,metar,0.0,metno_forecast,290,metar,7.0,metar,16.0,metar,,,3,metno_forecast,2,metno_forecast
2026,7,10,14,27.8,metar,65,metar,0.0,metno_forecast,310,metar,4.0,metar,,,,,4,metno_forecast,3,metno_forecast
2026,7,10,15,27.8,metar,60,metar,0.0,metno_forecast,0,metar,0.0,metar,,,,,4,metno_forecast,3,metno_forecast
2026,7,10,16,27.2,metar,67,metar,0.0,metno_forecast,294,metno_forecast,3.0,metar,,,,,6,metno_forecast,3,metno_forecast
2026,7,10,17,27.8,metar,60,metar,0.0,metno_forecast,298,metno_forecast,3.0,metar,,,,,8,metno_forecast,3,metno_forecast
2026,7,10,18,28.9,metar,57,metar,0.0,metno_forecast,291,metno_forecast,4.0,metar,,,,,2,metar,3,metno_forecast
2026,7,10,19,27.8,metar,65,metar,0.0,metno_forecast,300,metar,5.0,metar,,,,,2,metar,3,metno_forecast
2026,7,10,20,27.8,metar,60,metar,0.4,metno_forecast,270,metar,6.0,metar,,,,,8,metno_forecast,8,metno_forecast
2026,7,10,21,27.8,metar,65,metar,2.1,metno_forecast,275,metno_forecast,3.0,metar,,,,,8,metno_forecast,9,metno_forecast
2026,7,10,22,27.8,metar,67,metar,0.0,metno_forecast,260,metno_forecast,7.6,metno_forecast,,,,,8,metno_forecast,3,metno_forecast
2026,7,10,23,27.2,metar,67,metar,0.0,metno_forecast,233,metno_forecast,3.0,metar,,,,,2,metno_forecast,3,metno_forecast
2026,7,11,0,27.2,metar,67,metar,0.0,metno_forecast,252,metno_forecast,4.0,metar,,,,,2,metno_forecast,2,metno_forecast
2026,7,11,1,27.2,metar,72,metar,0.0,metno_forecast,252,metno_forecast,3.0,metar,,,,,4,metar,2,metno_forecast
2026,7,11,2,26.1,metar,77,metar,0.0,metno_forecast,0,metar,0.0,metar,,,,,6,metar,1,metno_forecast
2026,7,11,3,26.1,metar,69,metar,0.0,metno_forecast,0,metar,0.0,metar,,,,,1,metno_forecast,2,metno_forecast
2026,7,11,4,25.0,metar,74,metar,0.0,metno_forecast,270,metar,3.0,metar,,,,,1,metno_forecast,2,metno_forecast
2026,7,11,5,25.0,metar,74,metar,0.0,metno_forecast,290,metar,3.0,metar,,,,,2,metar,1,metno_forecast
2026,7,11,6,25.0,metar,74,metar,0.0,metno_forecast,30,metar,3.0,metar,,,,,2,metar,3,metno_forecast
2026,7,11,7,23.9,metar,79,metar,0.0,metno_forecast,0,metar,0.0,metar,,,,,8,metno_forecast,3,metno_forecast
2026,7,11,8,25.0,metar,69,metar,0.0,metno_forecast,60,metar,9.0,metar,14.0,metar,,,6,metno_forecast,3,metno_forecast
2026,7,11,9,23.9,metar,76,metar,0.0,metno_forecast,70,metar,7.0,metar,,,,,6,metar,3,metno_forecast
2026,7,11,10,23.3,metar,76,metar,0.0,metno_forecast,60,metar,7.0,metar,15.0,metar,,,4,metar,3,metno_forecast
2026,7,11,11,23.9,metar,74,metar,0.0,metno_forecast,50,metar,8.0,metar,,,,,6,metar,3,metno_forecast
2026,7,11,12,23.9,metar,69,metar,0.0,metno_forecast,70,metar,7.0,metar,16.0,metar,,,6,metar,3,metno_forecast
2026,7,11,13,23.3,metar,71,metar,0.0,metno_forecast,70,metar,7.0,metar,15.0,metar,,,2,metar,3,metno_forecast
2026,7,11,14,21.7,metar,87,metar,0.0,metar,42,metno_forecast,5.0,metar,,,,,8,metar,3,metno_forecast
2026,7,11,15,22.8,metar,73,metar,0.0,metar,50,metar,7.0,metar,,,,,6,metar,3,metno_forecast
2026,7,11,16,24.4,metar,62,metar,0.0,metar,75,metno_forecast,6.0,metar,15.0,metar,,,6,metar,3,metno_forecast
2026,7,11,17,24.4,metar,64,metar,0.1,metno_forecast,50,metar,5.0,metar,,,,,8,metar,7,metno_forecast
2026,7,11,18,26.1,metar,65,metar,0.6,metno_forecast,63,metno_forecast,11.9,metno_forecast,,,,,6,metar,8,metno_forecast
2026,7,11,19,27.2,metar,62,metar,2.5,metno_forecast,50,metar,7.0,metar,,,,,8,metno_forecast,9,metno_forecast
2026,7,11,20,26.1,metar,74,metar,0.2,metno_forecast,0,metar,0.0,metar,,,,,2,metar,7,metno_forecast
2026,7,11,21,25.6,metar,69,metar,0.0,metno_forecast,0,metar,0.0,metar,,,,,7,metno_forecast,3,metno_forecast
2026,7,11,22,26.1,metar,65,metar,0.0,metno_forecast,80,metar,4.0,metar,,,,,5,metno_forecast,3,metno_forecast
2026,7,11,23,25.0,metar,64,metar,0.7,metno_forecast,90,metar,3.0,metar,,,,,5,metno_forecast,17,metno_forecast
2026,7,12,0,24.4,metar,56,metar,0.0,metno_forecast,120,metar,5.0,metar,,,,,7,metno_forecast,3,metno_forecast
2026,7,12,1,23.3,metar,60,metar,0.0,metno_forecast,120,metar,3.0,metar,,,,,1,metno_forecast,3,metno_forecast
2026,7,12,2,22.8,metar,55,metar,0.0,metno_forecast,0,metar,0.0,metar,,,,,0,metno_forecast,1,metno_forecast
2026,7,12,3,22.2,metar,59,metar,0.0,metno_forecast,70,metar,3.0,metar,,,,,0,metno_forecast,1,metno_forecast
2026,7,12,4,21.7,metar,61,metar,0.0,metno_forecast,0,metar,0.0,metar,,,,,0,metno_forecast,1,metno_forecast
2026,7,12,5,21.7,metar,63,metar,0.0,metno_forecast,0,metar,0.0,metar,,,,,6,metar,1,metno_forecast
2026,7,12,6,22.2,metar,61,metar,0.0,metno_forecast,0,metar,0.0,metar,,,,,8,metar,1,metno_forecast
2026,7,12,7,22.2,metar,64,metar,0.0,metno_forecast,0,metar,0.0,metar,,,,,8,metar,1,metno_forecast
2026,7,12,8,21.7,metar,66,metar,0.0,metno_forecast,0,metar,0.0,metar,,,,,0,metno_forecast,1,metno_forecast
2026,7,12,9,21.1,metar,71,metar,0.0,metno_forecast,70,metar,3.0,metar,,,,,2,metar,1,metno_forecast
2026,7,12,10,21.1,metar,76,metar,0.0,metno_forecast,29,metno_forecast,4.0,metar,,,,,2,metar,1,metno_forecast
2026,7,12,11,22.2,metar,73,metar,0.0,metno_forecast,0,metar,0.0,metar,,,,,2,metar,1,metno_forecast
2026,7,12,12,23.3,metar,62,metar,0.0,metno_forecast,25,metno_forecast,4.0,metar,,,,,2,metar,1,metno_forecast
2026,7,12,13,24.4,metar,54,metar,0.0,metno_forecast,60,metar,6.0,metar,,,,,0,metno_forecast,1,metno_forecast
2026,7,12,14,26.1,metar,45,metar,0.0,metno_forecast,0,metar,0.0,metar,,,,,0,metno_forecast,1,metno_forecast
2026,7,12,15,27.8,metar,41,metar,0.0,metno_forecast,35,metno_forecast,4.0,metar,,,,,0,metno_forecast,1,metno_forecast
2026,7,12,16,28.3,metar,43,metar,0.0,metno_forecast,0,metar,0.0,metar,,,,,3,metno_forecast,1,metno_forecast
2026,7,12,17,28.3,metar,41,metar,0.2,metno_forecast,0,metar,0.0,metar,,,,,2,metar,17,metno_forecast
2026,7,12,18,27.8,metar,40,metar,0.3,metno_forecast,15,metno_forecast,4.0,metar,,,,,2,metar,17,metno_forecast
2026,7,12,19,27.2,metar,41,metar,0.3,metno_forecast,190,metar,4.0,metar,,,,,2,metar,17,metno_forecast
2026,7,12,20,26.7,metar,41,metar,0.3,metno_forecast,0,metar,0.0,metar,,,,,2,metno_forecast,17,metno_forecast
2026,7,12,21,26.1,metar,42,metar,0.0,metno_forecast,159,metno_forecast,4.0,metar,,,,,2,metar,2,metno_forecast
2026,7,12,22,25.0,metar,48,metar,0.0,metno_forecast,0,metar,0.0,metar,,,,,1,metno_forecast,2,metno_forecast
2026,7,12,23,23.9,metar,52,metar,0.0,metno_forecast,158,metno_forecast,6.0,metar,,,,,0,metno_forecast,1,metno_forecast
2026,7,13,0,23.3,metar,53,metar,0.0,metno_forecast,173,metno_forecast,3.0,metar,,,,,0,metno_forecast,1,metno_forecast
2026,7,13,1,23.3,metar,53,metar,0.0,metno_forecast,0,metar,0.0,metar,,,,,0,metno_forecast,1,metno_forecast
2026,7,13,2,22.8,metar,53,metar,0.0,metno_forecast,200,metar,3.0,metar,,,,,0,metno_forecast,1,metno_forecast
2026,7,13,3,22.8,metar,57,metar,0.0,metno_forecast,199,metno_forecast,4.0,metar,,,,,0,metno_forecast,1,metno_forecast
2026,7,13,4,22.2,metar,61,metar,0.0,metno_forecast,0,metar,0.0,metar,,,,,0,metno_forecast,1,metno_forecast
2026,7,13,5,22.2,metar,64,metar,0.0,metno_forecast,0,metar,0.0,metar,,,,,0,metno_forecast,1,metno_forecast
2026,7,13,6,22.2,metar,64,metar,0.0,metno_forecast,260,metar,4.0,metar,,,,,8,metar,1,metno_forecast
2026,7,13,7,21.1,metar,68,metar,0.0,metno_forecast,0,metar,0.0,metar,,,,,0,metno_forecast,1,metno_forecast
2026,7,13,8,21.7,metar,61,metar,0.0,metno_forecast,240,metar,3.0,metar,,,,,0,metno_forecast,1,metno_forecast
2026,7,13,9,21.1,metar,73,metar,0.0,metno_forecast,230,metar,4.0,metar,,,,,0,metno_forecast,1,metno_forecast
2026,7,13,10,21.1,metar,76,metar,0.0,metno_forecast,220,metno_forecast,3.0,metar,,,,,0,metno_forecast,1,metno_forecast
2026,7,13,11,22.8,metar,68,metar,0.0,metno_forecast,250,metar,4.0,metar,,,,,0,metno_forecast,1,metno_forecast
2026,7,13,12,23.9,metar,66,metar,0.0,metno_forecast,239,metno_forecast,3.0,metar,,,,,1,metno_forecast,1,metno_forecast
2026,7,13,13,24.4,metar,58,metar,0.0,metno_forecast,247,metno_forecast,4.0,metar,,,,,6,metar,1,metno_forecast
2026,7,13,14,25.0,metar,58,metar,0.0,metno_forecast,250,metar,4.0,metar,,,,,4,metar,1,metno_forecast
2026,7,13,15,26.7,metar,51,metar,0.0,metno_forecast,237,metno_forecast,3.0,metar,,,,,2,metno_forecast,2,metno_forecast
2026,7,13,16,27.8,metar,47,metar,0.0,metno_forecast,232,metno_forecast,4.0,metar,,,,,6,metar,2,metno_forecast
2026,7,13,17,28.3,metar,49,metar,0.0,metno_forecast,231,metno_forecast,11.2,metno_forecast,,,,,2,metar,1,metno_forecast
2026,7,13,18,27.8,metar,53,metar,0.0,metno_forecast,0,metar,0.0,metar,,,,,6,metar,1,metno_forecast
2026,7,13,19,27.2,metar,53,metar,0.0,metno_forecast,195,metno_forecast,6.0,metar,,,,,6,metno_forecast,2,metno_forecast
2026,7,13,20,27.2,metar,49,metar,0.0,metno_forecast,176,metno_forecast,4.0,metar,,,,,2,metar,3,metno_forecast
2026,7,13,21,26.7,metar,49,metar,0.0,metno_forecast,177,metno_forecast,5.0,metar,,,,,6,metar,3,metno_forecast
2026,7,13,22,26.1,metar,52,metar,0.0,metno_forecast,179,metno_forecast,15.8,metno_forecast,,,,,3,metno_forecast,1,metno_forecast
2026,7,13,23,25.6,metar,54,metar,0.0,metno_forecast,170,metno_forecast,4.0,metar,,,,,0,metno_forecast,3,metno_forecast
2026,7,14,0,25.0,metar,56,metar,0.0,metno_forecast,170,metno_forecast,3.0,metar,,,,,0,metno_forecast,1,metno_forecast
2026,7,14,1,24.4,metar,60,metar,0.0,metno_forecast,174,metno_forecast,15.1,metno_forecast,,,,,0,metno_forecast,1,metno_forecast
2026,7,14,2,24.4,metar,60,metar,0.0,metno_forecast,198,metno_forecast,4.0,metar,,,,,0,metno_forecast,1,metno_forecast
2026,7,14,3,24.4,metar,60,metar,0.0,metno_forecast,230,metar,5.0,metar,,,,,0,metno_forecast,1,metno_forecast
2026,7,14,4,23.3,metar,66,metar,0.0,metno_forecast,219,metno_forecast,3.0,metar,,,,,0,metno_forecast,1,metno_forecast
2026,7,14,5,22.8,metar,66,metar,0.0,metno_forecast,223,metno_forecast,4.0,metar,,,,,0,metno_forecast,1,metno_forecast
2026,7,14,6,22.8,metar,64,metar,0.0,metno_forecast,232,metno_forecast,4.0,metar,,,,,0,metno_forecast,1,metno_forecast
2026,7,14,7,22.8,metar,61,metar,0.0,metno_forecast,241,metno_forecast,4.0,metar,15.0,metar,,,0,metno_forecast,1,metno_forecast
2026,7,14,8,22.2,metar,66,metar,0.0,metno_forecast,240,metar,7.0,metar,,,,,0,metno_forecast,1,metno_forecast
2026,7,14,9,22.2,metar,66,metar,0.0,metno_forecast,240,metar,5.0,metar,,,,,1,metno_forecast,1,metno_forecast
2026,7,14,10,22.2,metar,66,metar,0.0,metno_forecast,250,metar,7.0,metar,,,,,3,metno_forecast,2,metno_forecast
2026,7,14,11,22.8,metar,66,metar,0.0,metno_forecast,242,metno_forecast,6.0,metar,,,,,2,metno_forecast,3,metno_forecast
2026,7,14,12,23.9,metar,64,metar,0.0,metno_forecast,249,metno_forecast,4.0,metar,,,,,5,metno_forecast,2,metno_forecast
2026,7,14,13,26.1,metar,58,metar,0.0,metno_forecast,253,metno_forecast,9.4,metno_forecast,,,,,1,metno_forecast,3,metno_forecast
2026,7,14,14,27.8,metar,58,metar,0.0,metno_forecast,247,metno_forecast,9.4,metno_forecast,,,,,0,metno_forecast,2,metno_forecast
2026,7,14,15,29.4,metar,55,metar,0.0,metno_forecast,256,metno_forecast,4.0,metar,,,,,1,metno_forecast,1,metno_forecast
2026,7,14,16,30.0,metar,53,metar,0.0,metno_forecast,260,metar,9.0,metar,15.0,metar,,,1,metno_forecast,1,metno_forecast
2026,7,14,17,31.7,metar,50,metar,0.0,metno_forecast,251,metno_forecast,14.0,metno_forecast,,,,,0,metno_forecast,2,metno_forecast
2026,7,14,18,31.1,metar,48,metar,0.0,metno_forecast,254,metno_forecast,16.6,metno_forecast,,,,,4,metno_forecast,1,metno_forecast
2026,7,14,19,31.7,metar,48,metar,0.0,metno_forecast,261,metno_forecast,3.0,metar,,,,,6,metno_forecast,3,metno_forecast
2026,7,14,20,31.1,metar,54,metar,0.0,metno_forecast,230,metar,7.0,metar,14.0,metar,,,1,metno_forecast,3,metno_forecast
2026,7,14,21,31.1,metar,54,metar,0.0,metno_forecast,240,metar,7.0,metar,,,,,0,metno_forecast,1,metno_forecast
2026,7,14,22,31.7,metar,50,metar,0.0,metno_forecast,256,metno_forecast,6.0,metar,20.0,metar,,,0,metno_forecast,1,metno_forecast
2026,7,14,23,31.1,metar,50,metar,0.0,metno_forecast,253,metno_forecast,5.0,metar,19.0,metar,,,2,metno_forecast,1,metno_forecast
2026,7,15,0,30.6,metar,50,metar,0.0,metno_forecast,246,metno_forecast,18.7,metno_forecast,,,,,5,metno_forecast,2,metno_forecast
2026,7,15,1,29.4,metar,55,metar,0.0,metno_forecast,240,metar,7.0,metar,17.0,metar,,,5,metno_forecast,3,metno_forecast
2026,7,15,2,28.9,metar,57,metar,0.0,metno_forecast,240,metar,8.0,metar,,,,,4,metno_forecast,3,metno_forecast
2026,7,15,3,28.3,metar,61,metar,0.0,metno_forecast,248,metno_forecast,4.0,metar,,,,,0,metno_forecast,3,metno_forecast
2026,7,15,4,27.8,metar,63,metar,0.0,metno_forecast,0,metar,0.0,metar,,,,,0,metno_forecast,1,metno_forecast
2026,7,15,5,27.2,metar,67,metar,0.0,metno_forecast,252,metno_forecast,14.8,metno_forecast,,,,,1,metno_forecast,1,metno_forecast
2026,7,15,6,26.7,metar,69,metar,0.0,metno_forecast,253,metno_forecast,13.0,metno_forecast,,,,,2,metno_forecast,1,metno_forecast
2026,7,15,7,26.7,metar,69,metar,0.0,metno_forecast,240,metar,6.0,metar,,,,,1,metno_forecast,2,metno_forecast
2026,7,15,8,26.1,metar,72,metar,0.0,metno_forecast,240,metar,4.0,metar,,,,,0,metno_forecast,1,metno_forecast
2026,7,15,9,25.6,metar,74,metar,0.0,metno_forecast,240,metar,4.0,metar,,,,,3,metno_forecast,1,metno_forecast
2026,7,15,10,25.6,metar,74,metar,0.0,metno_forecast,234,metno_forecast,3.0,metar,,,,,1,metno_forecast,2,metno_forecast
2026,7,15,11,26.7,metar,69,metar,0.0,metno_forecast,230,metno_forecast,3.0,metar,,,,,4,metno_forecast,1,metno_forecast
2026,7,15,12,27.8,metar,67,metar,0.0,metno_forecast,227,metno_forecast,5.0,metar,,,,,4,metno_forecast,3,metno_forecast
2026,7,15,13,29.4,metar,65,metar,0.0,metno_forecast,235,metno_forecast,3.0,metar,,,,,2,metno_forecast,3,metno_forecast
2026,7,15,14,32.2,metar,50,metar,0.0,metno_forecast,280,metar,8.0,metar,,,,,2,metno_forecast,5,metar
2026,7,15,15,33.9,metar,43,metar,0.0,metno_forecast,291,metno_forecast,11.9,metno_forecast,,,,,4,metar,5,metar
2026,7,15,16,35.0,metar,39,metar,0.0,metno_forecast,260,metar,8.0,metar,,,,,2,metar,5,metar
2026,7,15,17,34.4,metar,43,metar,0.0,metno_forecast,291,metno_forecast,6.0,metar,17.0,metar,,,3,metno_forecast,5,metar
2026,7,15,18,34.4,metar,48,metar,0.0,metno_forecast,270,metar,7.0,metar,16.0,metar,,,0,metno_forecast,5,metar
2026,7,15,19,34.4,metar,46,metar,0.0,metno_forecast,290,metno_forecast,20.5,metno_forecast,,,,,2,metar,5,metar
2026,7,15,20,33.3,metar,51,metar,0.0,metno_forecast,40,metar,10.0,metar,22.0,metar,,,6,metar,5,metar
2026,7,15,21,31.1,metar,55,metar,0.1,metar,30,metar,7.0,metar,28.0,metar,,,8,metar,5,metar
2026,7,15,22,25.0,metar,84,metar,0.0,metno_forecast,0,metar,0.0,metar,,,,,8,metar,5,metar
2026,7,15,23,24.4,metar,85,metar,0.0,metno_forecast,0,metar,0.0,metar,,,,,6,metar,5,metar
2026,7,16,0,27.2,metar,61,metar,0.0,metno_forecast,350,metar,6.0,metar,,,,,8,metar,5,metar
2026,7,16,1,27.2,metar,47,metar,0.0,metno_forecast,339,metno_forecast,4.0,metar,,,,,8,metar,5,metar
2026,7,16,2,26.1,metar,52,metar,0.0,metno_forecast,290,metar,3.0,metar,,,,,8,metar,5,metar
2026,7,16,3,26.1,metar,56,metar,0.0,metno_forecast,0,metar,0.0,metar,,,,,8,metar,5,metar
2026,7,16,4,25.0,metar,56,metar,0.0,metno_forecast,280,metar,3.0,metar,,,,,8,metar,5,metar
2026,7,16,5,25.0,metar,54,metar,0.0,metno_forecast,0,metar,0.0,metar,,,,,8,metar,3,metno_forecast
2026,7,16,6,25.0,metar,56,metar,0.0,metno_forecast,0,metar,0.0,metar,,,,,8,metar,3,metno_forecast
2026,7,16,7,24.4,metar,58,metar,0.1,metno_forecast,0,metar,0.0,metar,,,,,8,metar,7,metno_forecast
2026,7,16,8,24.4,metar,56,metar,0.0,metno_forecast,240,metar,3.0,metar,,,,,8,metar,3,metno_forecast
2026,7,16,9,23.9,metar,57,metar,0.0,metno_forecast,0,metar,0.0,metar,,,,,8,metar,3,metno_forecast
2026,7,16,10,24.4,metar,56,metar,0.0,metno_forecast,270,metar,4.0,metar,,,,,8,metar,3,metno_forecast
2026,7,16,11,23.9,metar,60,metar,0.0,metar,293,metno_forecast,4.0,metar,,,,,8,metar,5,metar
2026,7,16,12,23.9,metar,60,metar,0.0,metno_forecast,0,metar,0.0,metar,,,,,8,metar,5,metar
2026,7,16,13,25.6,metar,54,metar,0.0,metno_forecast,270,metar,3.0,metar,,,,,6,metar,3,metno_forecast
2026,7,16,14,26.7,metar,51,metar,0.0,metno_forecast,282,metno_forecast,3.0,metar,,,,,2,metar,3,metno_forecast
2026,7,16,15,26.7,metar,54,metar,0.0,metno_forecast,281,metno_forecast,3.0,metar,,,,,6,metar,3,metno_forecast
2026,7,16,16,27.2,metar,47,metar,0.0,metno_forecast,280,metar,6.0,metar,,,,,8,metar,3,metno_forecast
2026,7,16,17,27.2,metar,62,metar,0.0,metno_forecast,230,metar,5.0,metar,,,,,6,metar,5,metar
2026,7,16,18,28.0,metar,66,metar,0.0,metno_forecast,260,metar,7.0,metar,19.0,metar,,,4,metar,5,metar
2026,7,16,19,28.9,metar,63,metar,0.0,metno_forecast,272,metno_forecast,3.0,metar,,,,,8,metar,5,metar
2026,7,16,20,29.4,metar,55,metar,0.0,metno_forecast,280,metar,8.0,metar,,,,,8,metar,5,metar
2026,7,16,21,29.4,metar,51,metar,0.0,metno_forecast,291,metno_forecast,3.0,metar,,,,,6,metar,5,metar
2026,7,16,22,29.0,metar,43,metar,0.0,metno_forecast,270,metar,5.0,metar,,,,,6,metar,5,metar
2026,7,16,23,28.9,metar,40,metar,0.0,metno_forecast,314,metno_forecast,17.6,metno_forecast,,,,,8,metar,5,metar
2026,7,17,0,27.8,metar,43,metar,0.0,metno_forecast,280,metar,5.0,metar,,,,,8,metar,5,metar
2026,7,17,1,26.7,metar,45,metar,0.0,metno_forecast,340,metno_forecast,3.0,metar,,,,,6,metar,5,metar
2026,7,17,2,27.0,metar,45,metar,0.0,metno_forecast,280,metar,4.0,metar,,,,,8,metar,5,metar
2026,7,17,3,26.1,metar,49,metar,0.0,metno_forecast,333,metno_forecast,3.0,metar,,,,,8,metar,5,metar
2026,7,17,4,25.0,metar,52,metar,0.0,metno_forecast,290,metar,3.0,metar,,,,,8,metar,5,metar
2026,7,17,5,24.4,metar,54,metar,0.0,metno_forecast,328,metno_forecast,3.0,metar,,,,,8,metar,5,metar
2026,7,17,6,23.9,metar,55,metar,0.0,metno_forecast,324,metno_forecast,10.4,metno_forecast,,,,,8,metar,5,metar
2026,7,17,7,22.8,metar,59,metar,0.0,metno_forecast,270,metar,3.0,metar,,,,,8,metar,5,metar
2026,7,17,8,22.8,metar,57,metar,0.0,metno_forecast,327,metno_forecast,3.0,metar,,,,,8,metar,5,metar
2026,7,17,9,22.2,metar,59,metar,0.0,metno_forecast,10,metar,4.0,metar,,,,,8,metar,5,metar
2026,7,17,10,22.2,metar,59,metar,0.0,metno_forecast,0,metar,4.0,metar,,,,,6,metar,5,metar
2026,7,17,11,22.8,metar,59,metar,0.0,metno_forecast,349,metno_forecast,4.0,metar,,,,,7,metno_forecast,5,metar
2026,7,17,12,23.3,metar,53,metar,0.0,metno_forecast,357,metno_forecast,3.0,metar,,,,,7,metno_forecast,5,metar
2026,7,17,13,24.4,metar,58,metar,0.0,metno_forecast,0,metar,0.0,metar,,,,,7,metno_forecast,5,metar
2026,7,17,14,26.1,metar,47,metar,0.0,metno_forecast,338,metno_forecast,5.8,metno_forecast,,,,,4,metno_forecast,5,metar
2026,7,17,15,28.9,metar,36,metar,0.0,metno_forecast,322,metno_forecast,4.0,metar,,,,,6,metno_forecast,3,metno_forecast
2026,7,17,16,29.4,metar,30,metar,0.0,metno_forecast,300,metar,7.0,metar,,,,,7,metno_forecast,3,metno_forecast
2026,7,17,17,29.4,metar,31,metar,0.0,metno_forecast,314,metno_forecast,4.0,metar,,,,,7,metno_forecast,3,metno_forecast
2026,7,17,18,29.4,metar,26,metar,0.0,metno_forecast,313,metno_forecast,11.5,metno_forecast,,,,,6,metno_forecast,3,metno_forecast
2026,7,17,19,29.4,metar,29,metar,0.0,metno_forecast,313,metno_forecast,3.0,metar,,,,,4,metno_forecast,3,metno_forecast
2026,7,17,20,30.0,metar,27,metar,0.0,metno_forecast,310,metno_forecast,3.0,metar,,,,,3,metno_forecast,3,metno_forecast
2026,7,17,21,28.9,metar,29,metar,0.0,metno_forecast,305,metno_forecast,3.0,metar,,,,,3,metno_forecast,2,metno_forecast
2026,7,17,22,28.3,metar,28,metar,0.0,metno_forecast,300,metno_forecast,4.0,metar,,,,,2,metno_forecast,3,metno_forecast
2026,7,17,23,27.2,metar,35,metar,0.0,metno_forecast,340,metar,4.0,metar,,,,,6,metno_forecast,2,metno_forecast
2026,7,18,0,26.1,metar,35,metar,0.0,metno_forecast,0,metar,0.0,metar,,,,,6,metno_forecast,3,metno_forecast
2026,7,18,1,25.0,metar,54,metar,0.0,metno_forecast,0,metar,0.0,metar,,,,,2,metno_forecast,3,metno_forecast
2026,7,18,2,24.4,metar,56,metar,0.0,metno_forecast,0,metar,0.0,metar,,,,,8,metno_forecast,2,metno_forecast
2026,7,18,3,24.4,metar,64,metar,0.0,metno_forecast,0,metar,0.0,metar,,,,,6,metno_forecast,5,metar
2026,7,18,4,23.9,metar,71,metar,0.0,metno_forecast,0,metar,0.0,metar,,,,,8,metno_forecast,5,metar
2026,7,18,5,23.3,metar,74,metar,0.0,metno_forecast,0,metar,0.0,metar,,,,,5,metno_forecast,5,metar
2026,7,18,6,23.3,metar,76,metar,0.0,metno_forecast,0,metar,0.0,metar,,,,,3,metno_forecast,5,metar
2026,7,18,7,22.8,metar,79,metar,0.0,metno_forecast,0,metar,0.0,metar,,,,,0,metno_forecast,5,metar
2026,7,18,8,23.3,metar,71,metar,0.0,metno_forecast,179,metno_forecast,3.0,metar,,,,,6,metno_forecast,5,metar
2026,7,18,9,22.8,metar,76,metar,0.0,metno_forecast,166,metno_forecast,3.0,metar,,,,,8,metno_forecast,5,metar
2026,7,18,10,22.2,metar,79,metar,0.0,metno_forecast,240,metar,4.0,metar,,,,,4,metar,5,metar
2026,7,18,11,23.9,metar,64,metar,0.0,metno_forecast,187,metno_forecast,3.0,metar,,,,,4,metar,5,metar
2026,7,18,12,24.4,metar,62,metar,0.0,metno_forecast,191,metno_forecast,5.0,metar,,,,,2,metar,5,metar
2026,7,18,13,24.4,metar,62,metar,0.0,metno_forecast,0,metar,0.0,metar,,,,,2,metar,5,metar
2026,7,18,14,23.9,metar,69,metar,0.0,metar,190,metar,5.0,metar,,,,,4,metar,5,metar
2026,7,18,15,23.9,metar,71,metar,0.0,metar,0,metar,0.0,metar,17.0,metar,,,6,metar,5,metar
2026,7,18,16,21.7,metar,96,metar,0.1,metar,0,metar,4.0,metar,,,,,2,metar,5,metar
2026,7,18,17,21.1,metar,100,metar,0.0,metar,0,metar,0.0,metar,,,,,2,metar,5,metar
2026,7,18,18,21.7,metar,96,metar,0.0,metar,0,metar,0.0,metar,,,,,2,metar,9,metno_forecast
2026,7,18,19,22.8,metar,96,metar,0.0,metar,0,metar,0.0,metar,,,,,2,metar,5,metar
2026,7,18,20,23.3,metar,97,metar,1.3,metno_forecast,206,metno_forecast,3.0,metar,,,,,4,metar,5,metar
2026,7,18,21,23.3,metar,100,metar,0.7,metno_forecast,0,metar,3.0,metar,,,,,4,metar,5,metar
2026,7,18,22,23.3,metar,100,metar,0.2,metno_forecast,140,metar,3.0,metar,,,,,2,metar,5,metar
2026,7,18,23,23.3,metar,97,metar,0.0,metar,0,metar,0.0,metar,,,,,4,metar,5,metar
2026,7,19,0,22.8,metar,100,metar,0.0,metar,0,metar,3.0,metar,,,,,2,metar,8,metar
2026,7,19,1,22.8,metar,96,metar,0.0,metar,0,metar,0.0,metar,,,,,4,metar,5,metar
2026,7,19,2,22.8,metar,100,metar,0.0,metar,250,metno_forecast,3.0,metar,,,,,2,metar,5,metar
2026,7,19,3,23.3,metar,97,metar,0.0,metno_forecast,251,metno_forecast,4.0,metar,,,,,2,metar,5,metar
2026,7,19,4,23.3,metar,97,metar,0.0,metno_forecast,240,metar,7.0,metar,,,,,7,metno_forecast,5,metar
2026,7,19,5,23.3,metar,97,metar,0.0,metno_forecast,252,metno_forecast,3.0,metar,,,,,5,metno_forecast,3,metno_forecast
2026,7,19,6,22.8,metar,96,metar,0.0,metno_forecast,260,metar,5.0,metar,,,,,7,metno_forecast,3,metno_forecast
2026,7,19,7,22.8,metar,94,metar,0.0,metno_forecast,272,metno_forecast,12.2,metno_forecast,,,,,7,metno_forecast,3,metno_forecast
2026,7,19,8,22.8,metar,84,metar,0.0,metno_forecast,287,metno_forecast,4.0,metar,,,,,2,metar,3,metno_forecast
2026,7,19,9,22.8,metar,79,metar,0.0,metno_forecast,300,metno_forecast,13.3,metno_forecast,,,,,1,metno_forecast,1,metno_forecast
2026,7,19,10,22.2,metar,76,metar,0.0,metno_forecast,300,metno_forecast,11.9,metno_forecast,,,,,0,metno_forecast,1,metno_forecast
2026,7,19,11,22.2,metar,71,metar,0.0,metno_forecast,310,metar,7.0,metar,15.0,metar,,,0,metno_forecast,1,metno_forecast
2026,7,19,12,22.2,metar,66,metar,0.0,metno_forecast,318,metno_forecast,5.0,metar,,,,,2,metar,1,metno_forecast
2026,7,19,13,22.8,metar,51,metar,0.0,metno_forecast,340,metar,8.0,metar,,,,,2,metar,1,metno_forecast
2026,7,19,14,23.9,metar,48,metar,0.0,metno_forecast,332,metno_forecast,5.0,metar,23.0,metar,,,0,metno_forecast,1,metno_forecast
2026,7,19,15,23.9,metar,48,metar,0.0,metno_forecast,300,metar,10.0,metar,17.0,metar,,,2,metar,1,metno_forecast
2026,7,19,16,23.9,metar,46,metar,0.0,metno_forecast,300,metar,10.0,metar,23.0,metar,,,2,metar,1,metno_forecast
2026,7,19,17,24.4,metar,47,metar,0.0,metno_forecast,290,metar,7.0,metar,16.0,metar,,,2,metar,1,metno_forecast
2026,7,19,18,25.6,metar,42,metar,0.0,metno_forecast,300,metar,7.0,metar,15.0,metar,,,0,metno_forecast,1,metno_forecast
2026,7,19,19,26.1,metar,39,metar,0.0,metno_forecast,310,metar,11.0,metar,19.0,metar,,,0,metno_forecast,1,metno_forecast
2026,7,19,20,26.1,metar,39,metar,0.0,metno_forecast,320,metno_forecast,11.9,metno_forecast,,,,,0,metno_forecast,1,metno_forecast
2026,7,19,21,25.6,metar,42,metar,0.0,metno_forecast,324,metno_forecast,4.0,metar,16.0,metar,,,0,metno_forecast,1,metno_forecast
2026,7,19,22,25.0,metar,39,metar,0.0,metno_forecast,0,metar,0.0,metar,,,,,0,metno_forecast,1,metno_forecast
2026,7,19,23,24.4,metar,40,metar,0.0,metno_forecast,290,metar,4.0,metar,,,,,0,metno_forecast,1,metno_forecast
2026,7,20,0,24.4,metar,39,metar,0.0,metno_forecast,315,metno_forecast,3.0,metar,,,,,0,metno_forecast,1,metno_forecast
2026,7,20,1,23.3,metar,43,metar,0.0,metno_forecast,0,metar,0.0,metar,,,,,0,metno_forecast,1,metno_forecast
2026,7,20,2,22.8,metar,48,metar,0.0,metno_forecast,0,metar,0.0,metar,,,,,0,metno_forecast,1,metno_forecast
2026,7,20,3,21.1,metar,51,metar,0.0,metno_forecast,0,metar,0.0,metar,,,,,0,metno_forecast,1,metno_forecast
2026,7,20,4,20.6,metar,53,metar,0.0,metno_forecast,0,metar,0.0,metar,,,,,0,metno_forecast,1,metno_forecast
2026,7,20,5,20.0,metar,55,metar,0.0,metno_forecast,300,metar,4.0,metar,,,,,0,metno_forecast,1,metno_forecast
2026,7,20,6,18.9,metar,59,metar,0.0,metno_forecast,0,metar,0.0,metar,,,,,0,metno_forecast,1,metno_forecast
2026,7,20,7,18.3,metar,58,metar,0.0,metno_forecast,0,metar,0.0,metar,,,,,1,metno_forecast,1,metno_forecast
2026,7,20,8,17.8,metar,63,metar,0.0,metno_forecast,0,metar,0.0,metar,,,,,0,metno_forecast,2,metno_forecast
2026,7,20,9,17.2,metar,65,metar,0.0,metno_forecast,0,metar,0.0,metar,,,,,0,metno_forecast,1,metno_forecast
2026,7,20,10,17.8,metar,70,metar,0.0,metno_forecast,0,metar,0.0,metar,,,,,0,metno_forecast,1,metno_forecast
2026,7,20,11,18.9,metar,65,metar,0.0,metno_forecast,353,metno_forecast,4.0,metar,,,,,0,metno_forecast,1,metno_forecast
2026,7,20,12,20.6,metar,59,metar,0.0,metno_forecast,0,metar,0.0,metar,,,,,0,metno_forecast,1,metno_forecast
2026,7,20,13,22.8,metar,50,metar,0.0,metno_forecast,1,metno_forecast,3.0,metar,,,,,0,metno_forecast,1,metno_forecast
2026,7,20,14,23.9,metar,41,metar,0.0,metno_forecast,70,metar,6.0,metar,,,,,0,metno_forecast,1,metno_forecast
2026,7,20,15,23.9,metar,43,metar,0.0,metno_forecast,7,metno_forecast,3.0,metar,,,,,0,metno_forecast,1,metno_forecast
2026,7,20,16,26.1,metar,36,metar,0.0,metno_forecast,279,metno_forecast,4.0,metar,,,,,0,metno_forecast,1,metno_forecast
2026,7,20,17,26.1,metar,34,metar,0.0,metno_forecast,272,metno_forecast,3.0,metar,,,,,0,metno_forecast,1,metno_forecast
2026,7,20,18,26.7,metar,38,metar,0.0,metno_forecast,262,metno_forecast,3.0,metar,,,,,0,metno_forecast,1,metno_forecast
2026,7,20,19,26.1,metar,38,metar,0.0,metno_forecast,239,metno_forecast,3.0,metar,,,,,0,metno_forecast,1,metno_forecast
2026,7,20,20,26.1,metar,39,metar,0.0,metno_forecast,0,metar,0.0,metar,,,,,0,metno_forecast,1,metno_forecast
2026,7,20,21,25.6,metar,45,metar,0.0,metno_forecast,201,metno_forecast,3.0,metar,,,,,0,metno_forecast,1,metno_forecast
2026,7,20,22,23.9,metar,48,metar,0.0,metno_forecast,140,metar,5.0,metar,,,,,0,metno_forecast,1,metno_forecast
2026,7,20,23,23.3,metar,50,metar,0.0,metno_forecast,0,metar,0.0,metar,,,,,0,metno_forecast,1,metno_forecast
2026,7,21,0,22.2,metar,55,metar,0.0,metno_forecast,180,metno_forecast,12.6,metno_forecast,,,,,0,metno_forecast,1,metno_forecast
2026,7,21,1,22.2,metar,61,metar,0.0,metno_forecast,179,metno_forecast,4.0,metar,,,,,6,metno_forecast,1,metno_forecast
2026,7,21,2,22.2,metar,66,metar,0.0,metno_forecast,168,metno_forecast,5.0,metar,,,,,8,metno_forecast,3,metno_forecast
2026,7,21,3,22.8,metar,68,metar,0.0,metno_forecast,170,metno_forecast,4.0,metar,,,,,8,metno_forecast,3,metno_forecast
2026,7,21,4,22.2,metar,73,metar,0.0,metno_forecast,174,metno_forecast,4.0,metar,,,,,8,metno_forecast,3,metno_forecast
2026,7,21,5,22.2,metar,76,metar,0.0,metno_forecast,182,metno_forecast,3.0,metar,,,,,7,metno_forecast,3,metno_forecast
2026,7,21,6,22.8,metar,79,metar,0.0,metno_forecast,0,metar,0.0,metar,,,,,4,metar,3,metno_forecast
2026,7,21,7,22.8,metar,84,metar,0.0,metno_forecast,186,metno_forecast,3.0,metar,,,,,6,metar,3,metno_forecast
2026,7,21,8,22.8,metar,81,metar,0.0,metno_forecast,177,metno_forecast,4.0,metar,,,,,6,metno_forecast,3,metno_forecast
2026,7,21,9,22.2,metar,84,metar,0.0,metno_forecast,163,metno_forecast,3.0,metar,,,,,8,metno_forecast,3,metno_forecast
2026,7,21,10,22.8,metar,84,metar,0.0,metno_forecast,159,metno_forecast,3.0,metar,,,,,2,metar,3,metno_forecast
2026,7,21,11,23.3,metar,82,metar,0.0,metno_forecast,154,metno_forecast,5.0,metar,,,,,2,metar,3,metno_forecast
2026,7,21,12,23.9,metar,82,metar,0.0,metno_forecast,158,metno_forecast,4.0,metar,,,,,2,metar,3,metno_forecast
2026,7,21,13,23.9,metar,82,metar,0.0,metno_forecast,160,metar,4.0,metar,,,,,6,metar,3,metno_forecast
2026,7,21,14,23.9,metar,88,metar,0.0,metno_forecast,166,metno_forecast,6.0,metar,,,,,8,metar,3,metno_forecast
2026,7,21,15,25.6,metar,85,metar,0.6,metno_forecast,168,metno_forecast,21.6,metno_forecast,,,,,6,metar,17,metno_forecast
2026,7,21,16,26.1,metar,85,metar,1.6,metno_forecast,168,metno_forecast,3.0,metar,,,,,6,metar,9,metno_forecast
2026,7,21,17,26.7,metar,82,metar,0.0,metar,175,metno_forecast,6.0,metar,,,,,2,metar,8,metar
2026,7,21,18,25.0,metar,94,metar,0.0,metar,0,metar,3.0,metar,,,,,2,metar,9,metno_forecast
2026,7,21,19,24.4,metar,100,metar,0.0,metar,120,metar,3.0,metar,,,,,4,metar,5,metar
2026,7,21,20,23.9,metar,96,metar,0.0,metar,290,metar,7.0,metar,17.0,metar,,,4,metar,5,metar
2026,7,21,21,22.8,metar,100,metar,0.0,metar,0,metar,0.0,metar,,,,,4,metar,8,metar
2026,7,21,22,22.2,metar,100,metar,0.0,metar,130,metar,4.0,metar,,,,,2,metar,5,metar
2026,7,21,23,23.3,metar,97,metar,0.0,metno_forecast,0,metar,4.0,metar,,,,,2,metar,5,metar
2026,7,22,0,22.8,metar,100,metar,0.6,metno_forecast,0,metar,0.0,metar,,,,,2,metar,5,metar
2026,7,22,1,22.8,metar,100,metar,0.0,metno_forecast,186,metno_forecast,13.3,metno_forecast,,,,,8,metno_forecast,5,metar
2026,7,22,2,21.7,metar,96,metar,0.0,metno_forecast,199,metno_forecast,13.0,metno_forecast,,,,,7,metno_forecast,3,metno_forecast
2026,7,22,3,22.2,metar,93,metar,0.3,metno_forecast,237,metno_forecast,3.0,metar,,,,,8,metno_forecast,8,metno_forecast
2026,7,22,4,22.8,metar,87,metar,1.3,metno_forecast,230,metar,7.0,metar,,,,,8,metno_forecast,9,metno_forecast
2026,7,22,5,22.8,metar,90,metar,0.4,metno_forecast,230,metar,3.0,metar,,,,,6,metar,8,metno_forecast
2026,7,22,6,22.8,metar,90,metar,0.7,metno_forecast,233,metno_forecast,6.0,metar,,,,,2,metar,8,metno_forecast
2026,7,22,7,22.8,metar,90,metar,0.0,metno_forecast,242,metno_forecast,4.0,metar,,,,,2,metar,3,metno_forecast
2026,7,22,8,22.8,metar,90,metar,0.0,metno_forecast,250,metar,6.0,metar,,,,,8,metar,3,metno_forecast
2026,7,22,9,22.8,metar,87,metar,0.0,metno_forecast,243,metno_forecast,13.0,metno_forecast,,,,,6,metar,3,metno_forecast
2026,7,22,10,22.8,metar,90,metar,0.0,metno_forecast,235,metno_forecast,10.4,metno_forecast,,,,,8,metar,3,metno_forecast
2026,7,22,11,23.3,metar,87,metar,0.0,metno_forecast,250,metar,8.0,metar,,,,,8,metar,3,metno_forecast
2026,7,22,12,24.0,metar,83,metar,0.0,metno_forecast,230,metar,5.0,metar,17.0,metar,,,4,metar,3,metno_forecast
2026,7,22,13,24.4,metar,79,metar,0.0,metno_forecast,259,metno_forecast,4.0,metar,,,,,2,metar,2,metno_forecast
2026,7,22,14,26.1,metar,72,metar,0.0,metno_forecast,290,metar,8.0,metar,,,,,3,metno_forecast,2,metno_forecast
2026,7,22,15,27.8,metar,58,metar,0.0,metno_forecast,270,metar,9.0,metar,21.0,metar,,,2,metar,3,metno_forecast
2026,7,22,16,28.9,metar,55,metar,0.0,metno_forecast,249,metno_forecast,13.3,metno_forecast,,,,,2,metar,2,metno_forecast
2026,7,22,17,29.4,metar,51,metar,0.1,metno_forecast,251,metno_forecast,15.5,metno_forecast,,,,,2,metno_forecast,17,metno_forecast
2026,7,22,18,29.4,metar,50,metar,0.0,metno_forecast,230,metar,7.0,metar,15.0,metar,,,2,metno_forecast,2,metno_forecast
2026,7,22,19,28.9,metar,53,metar,0.0,metno_forecast,240,metar,5.0,metar,,,,,2,metar,2,metno_forecast
2026,7,22,20,29.4,metar,46,metar,0.0,metno_forecast,259,metno_forecast,16.6,metno_forecast,,,,,2,metar,2,metno_forecast
2026,7,22,21,28.3,metar,49,metar,0.0,metno_forecast,263,metno_forecast,5.0,metar,,,,,1,metno_forecast,1,metno_forecast
2026,7,22,22,28.3,metar,48,metar,0.0,metno_forecast,271,metno_forecast,5.0,metar,,,,,6,metar,1,metno_forecast
2026,7,22,23,26.7,metar,47,metar,0.0,metno_forecast,300,metar,9.0,metar,19.0,metar,,,0,metno_forecast,2,metno_forecast
2026,7,23,0,26.1,metar,47,metar,0.0,metno_forecast,285,metno_forecast,3.0,metar,,,,,1,metno_forecast,1,metno_forecast
2026,7,23,1,25.0,metar,47,metar,0.0,metno_forecast,360,metar,6.0,metar,,,,,4,metno_forecast,1,metno_forecast
2026,7,23,2,23.9,metar,48,metar,0.0,metno_forecast,309,metno_forecast,4.0,metar,,,,,2,metno_forecast,3,metno_forecast
2026,7,23,3,22.8,metar,51,metar,0.0,metno_forecast,350,metar,7.0,metar,,,,,3,metno_forecast,2,metno_forecast
2026,7,23,4,22.2,metar,51,metar,0.0,metno_forecast,353,metno_forecast,4.0,metar,,,,,4,metno_forecast,3,metno_forecast
2026,7,23,5,21.7,metar,49,metar,0.0,metno_forecast,357,metno_forecast,3.0,metar,,,,,6,metar,3,metno_forecast
2026,7,23,6,21.1,metar,51,metar,0.0,metno_forecast,2,metno_forecast,6.0,metar,,,,,8,metar,2,metno_forecast
2026,7,23,7,20.0,metar,57,metar,0.0,metno_forecast,0,metar,0.0,metar,,,,,6,metar,3,metno_forecast
2026,7,23,8,18.9,metar,61,metar,0.0,metno_forecast,12,metno_forecast,3.0,metar,,,,,8,metno_forecast,3,metno_forecast
2026,7,23,9,18.3,metar,63,metar,0.0,metno_forecast,0,metar,0.0,metar,,,,,1,metno_forecast,3,metno_forecast
2026,7,23,10,18.3,metar,63,metar,0.0,metno_forecast,353,metno_forecast,3.0,metar,,,,,0,metno_forecast,1,metno_forecast
2026,7,23,11,18.9,metar,63,metar,0.0,metno_forecast,346,metno_forecast,3.0,metar,,,,,0,metno_forecast,1,metno_forecast
2026,7,23,12,20.0,metar,59,metar,0.0,metno_forecast,60,metar,5.0,metar,,,,,0,metno_forecast,1,metno_forecast
2026,7,23,13,21.7,metar,49,metar,0.0,metno_forecast,356,metno_forecast,3.0,metar,,,,,0,metno_forecast,1,metno_forecast
2026,7,23,14,22.8,metar,44,metar,0.0,metno_forecast,359,metno_forecast,7.9,metno_forecast,,,,,0,metno_forecast,1,metno_forecast
2026,7,23,15,23.9,metar,40,metar,0.0,metno_forecast,50,metar,4.0,metar,,,,,0,metno_forecast,1,metno_forecast
2026,7,23,16,25.6,metar,37,metar,0.0,metno_forecast,344,metno_forecast,4.0,metar,,,,,0,metno_forecast,1,metno_forecast
2026,7,23,17,25.0,metar,35,metar,0.0,metno_forecast,325,metno_forecast,4.0,metar,,,,,0,metno_forecast,1,metno_forecast
2026,7,23,18,26.1,metar,36,metar,0.0,metno_forecast,60,metar,6.0,metar,,,,,0,metno_forecast,1,metno_forecast
2026,7,23,19,25.6,metar,40,metar,0.0,metno_forecast,290,metar,3.0,metar,,,,,0,metno_forecast,1,metno_forecast
2026,7,23,20,25.6,metar,37,metar,0.0,metno_forecast,315,metno_forecast,3.0,metar,,,,,0,metno_forecast,1,metno_forecast
2026,7,23,21,25.6,metar,33,metar,0.0,metno_forecast,315,metno_forecast,3.0,metar,,,,,1,metno_forecast,1,metno_forecast
2026,7,23,22,24.4,metar,45,metar,0.0,metno_forecast,337,metno_forecast,3.0,metar,,,,,4,metno_forecast,1,metno_forecast
2026,7,23,23,22.8,metar,53,metar,0.0,metno_forecast,160,metno_forecast,3.0,metar,,,,,1,metno_forecast,3,metno_forecast
2026,7,24,0,21.7,metar,55,metar,0.0,metno_forecast,164,metno_forecast,12.2,metno_forecast,,,,,0,metno_forecast,1,metno_forecast
2026,7,24,1,21.1,metar,53,metar,0.0,metno_forecast,166,metno_forecast,3.0,metar,,,,,0,metno_forecast,1,metno_forecast
2026,7,24,2,20.6,metar,59,metar,0.0,metno_forecast,0,metar,0.0,metar,,,,,0,metno_forecast,1,metno_forecast
2026,7,24,3,20.6,metar,53,metar,0.0,metno_forecast,0,metar,0.0,metar,,,,,0,metno_forecast,1,metno_forecast
2026,7,24,4,20.6,metar,53,metar,0.0,metno_forecast,0,metar,0.0,metar,,,,,0,metno_forecast,1,metno_forecast
2026,7,24,5,20.0,metar,65,metar,0.0,metno_forecast,290,metar,3.0,metar,,,,,0,metno_forecast,1,metno_forecast
2026,7,24,6,20.0,metar,63,metar,0.0,metno_forecast,290,metar,3.0,metar,,,,,0,metno_forecast,1,metno_forecast
2026,7,24,7,19.4,metar,66,metar,0.0,metno_forecast,0,metar,0.0,metar,,,,,0,metno_forecast,1,metno_forecast
2026,7,24,8,18.9,metar,65,metar,0.0,metno_forecast,0,metar,0.0,metar,,,,,0,metno_forecast,1,metno_forecast
2026,7,24,9,18.9,metar,65,metar,0.0,metno_forecast,290,metar,3.0,metar,,,,,0,metno_forecast,1,metno_forecast
2026,7,24,10,18.9,metar,68,metar,0.0,metno_forecast,0,metar,0.0,metar,,,,,0,metno_forecast,1,metno_forecast
2026,7,24,11,20.6,metar,59,metar,0.0,metno_forecast,0,metar,0.0,metar,,,,,0,metno_forecast,1,metno_forecast
2026,7,24,12,22.2,metar,49,metar,0.0,metno_forecast,0,metar,0.0,metar,,,,,0,metno_forecast,1,metno_forecast
2026,7,24,13,23.9,metar,48,metar,0.0,metno_forecast,50,metar,4.0,metar,,,,,0,metno_forecast,1,metno_forecast
2026,7,24,14,25.0,metar,45,metar,0.0,metno_forecast,0,metar,0.0,metar,,,,,2,metar,1,metno_forecast
2026,7,24,15,26.7,metar,39,metar,0.0,metno_forecast,70,metar,4.0,metar,,,,,0,metno_forecast,1,metno_forecast
2026,7,24,16,27.2,metar,37,metar,0.0,metno_forecast,70,metar,8.0,metar,,,,,0,metno_forecast,1,metno_forecast
2026,7,24,17,27.2,metar,38,metar,0.0,metno_forecast,50,metar,9.0,metar,,,,,0,metno_forecast,1,metno_forecast
2026,7,24,18,27.2,metar,37,metar,0.0,metno_forecast,160,metno_forecast,5.0,metar,,,,,3,metno_forecast,1,metno_forecast
2026,7,24,19,25.6,metar,48,metar,0.0,metno_forecast,0,metar,0.0,metar,,,,,2,metno_forecast,2,metno_forecast
2026,7,24,20,25.6,metar,45,metar,0.0,metno_forecast,168,metno_forecast,14.8,metno_forecast,,,,,6,metno_forecast,2,metno_forecast
2026,7,24,21,24.4,metar,47,metar,0.0,metno_forecast,140,metar,4.0,metar,,,,,5,metno_forecast,3,metno_forecast
2026,7,24,22,23.3,metar,50,metar,0.0,metno_forecast,156,metno_forecast,13.7,metno_forecast,,,,,3,metno_forecast,3,metno_forecast
2026,7,24,23,22.8,metar,55,metar,0.0,metno_forecast,0,metar,0.0,metar,,,,,5,metno_forecast,2,metno_forecast
2026,7,25,0,22.2,metar,53,metar,0.0,metno_forecast,163,metno_forecast,14.0,metno_forecast,,,,,8,metno_forecast,3,metno_forecast
2026,7,25,1,21.7,metar,55,metar,0.0,metno_forecast,0,metar,0.0,metar,,,,,8,metno_forecast,3,metno_forecast
2026,7,25,2,21.1,metar,61,metar,0.0,metno_forecast,163,metno_forecast,3.0,metar,,,,,8,metno_forecast,3,metno_forecast
2026,7,25,3,20.6,metar,65,metar,0.0,metno_forecast,0,metar,0.0,metar,,,,,8,metno_forecast,3,metno_forecast
2026,7,25,4,20.6,metar,65,metar,0.0,metno_forecast,0,metar,0.0,metar,,,,,8,metno_forecast,3,metno_forecast
2026,7,25,5,20.0,metar,68,metar,0.0,metno_forecast,0,metar,0.0,metar,,,,,8,metno_forecast,3,metno_forecast
2026,7,25,6,20.0,metar,63,metar,0.0,metno_forecast,0,metar,0.0,metar,,,,,3,metno_forecast,3,metno_forecast
2026,7,25,7,19.4,metar,73,metar,0.0,metno_forecast,0,metar,0.0,metar,,,,,0,metno_forecast,3,metno_forecast
2026,7,25,8,18.9,metar,75,metar,0.0,metno_forecast,0,metar,0.0,metar,,,,,0,metno_forecast,1,metno_forecast
2026,7,25,9,18.9,metar,78,metar,0.0,metno_forecast,30,metar,4.0,metar,,,,,0,metno_forecast,1,metno_forecast
2026,7,25,10,19.4,metar,81,metar,0.0,metno_forecast,20,metar,3.0,metar,,,,,0,metno_forecast,1,metno_forecast
2026,7,25,11,20.6,metar,73,metar,0.0,metno_forecast,356,metno_forecast,4.0,metar,,,,,0,metno_forecast,1,metno_forecast
2026,7,25,12,22.2,metar,57,metar,0.0,metno_forecast,60,metar,6.0,metar,,,,,0,metno_forecast,1,metno_forecast
2026,7,25,13,23.3,metar,46,metar,0.0,metno_forecast,60,metar,10.0,metar,,,,,0,metno_forecast,1,metno_forecast
2026,7,25,14,24.4,metar,47,metar,0.0,metno_forecast,55,metno_forecast,6.0,metar,,,,,0,metno_forecast,1,metno_forecast
2026,7,25,15,25.6,metar,45,metar,0.0,metno_forecast,90,metar,7.0,metar,,,,,0,metno_forecast,1,metno_forecast
2026,7,25,16,26.7,metar,44,metar,0.0,metno_forecast,60,metar,7.0,metar,,,,,0,metno_forecast,1,metno_forecast
2026,7,25,17,26.7,metar,41,metar,0.0,metno_forecast,130,metar,7.0,metar,15.0,metar,,,0,metno_forecast,1,metno_forecast
2026,7,25,18,26.7,metar,36,metar,0.0,metno_forecast,90,metar,7.0,metar,,,,,0,metno_forecast,1,metno_forecast
2026,7,25,19,26.1,metar,42,metar,0.0,metno_forecast,159,metno_forecast,6.0,metar,,,,,0,metno_forecast,1,metno_forecast
2026,7,25,20,26.1,metar,42,metar,0.0,metno_forecast,162,metno_forecast,6.0,metar,,,,,1,metno_forecast,1,metno_forecast
2026,7,25,21,25.0,metar,45,metar,0.0,metno_forecast,164,metno_forecast,3.0,metar,,,,,0,metno_forecast,1,metno_forecast
2026,7,25,22,23.3,metar,52,metar,0.0,metno_forecast,190,metar,3.0,metar,,,,,0,metno_forecast,1,metno_forecast
2026,7,25,23,22.2,metar,51,metar,0.0,metno_forecast,0,metar,0.0,metar,,,,,0,metno_forecast,1,metno_forecast
2026,7,26,0,21.1,metar,53,metar,0.0,metno_forecast,0,metar,0.0,metar,,,,,0,metno_forecast,1,metno_forecast
2026,7,26,1,20.6,metar,59,metar,0.0,metno_forecast,0,metar,0.0,metar,,,,,0,metno_forecast,1,metno_forecast
2026,7,26,2,20.0,metar,63,metar,0.0,metno_forecast,0,metar,0.0,metar,,,,,0,metno_forecast,1,metno_forecast
2026,7,26,3,19.4,metar,66,metar,0.0,metno_forecast,0,metar,0.0,metar,,,,,0,metno_forecast,1,metno_forecast
2026,7,26,4,19.4,metar,66,metar,0.0,metno_forecast,0,metar,0.0,metar,,,,,4,metno_forecast,1,metno_forecast
2026,7,26,5,19.4,metar,63,metar,0.0,metno_forecast,0,metar,0.0,metar,,,,,4,metno_forecast,3,metno_forecast
2026,7,26,6,18.9,metar,70,metar,0.0,metno_forecast,300,metar,4.0,metar,,,,,7,metno_forecast,3,metno_forecast
2026,7,26,7,18.3,metar,73,metar,0.0,metno_forecast,0,metar,0.0,metar,,,,,1,metno_forecast,3,metno_forecast
2026,7,26,8,18.3,metar,73,metar,0.0,metno_forecast,300,metar,3.0,metar,,,,,0,metno_forecast,1,metno_forecast
2026,7,26,9,18.3,metar,73,metar,0.0,metno_forecast,0,metar,0.0,metar,,,,,0,metno_forecast,1,metno_forecast
2026,7,26,10,18.9,metar,75,metar,0.0,metno_forecast,0,metar,0.0,metar,,,,,0,metno_forecast,1,metno_forecast
2026,7,26,11,20.0,metar,61,metar,0.0,metno_forecast,0,metar,0.0,metar,,,,,0,metno_forecast,1,metno_forecast
2026,7,26,12,21.1,metar,61,metar,0.0,metno_forecast,0,metar,0.0,metar,,,,,0,metno_forecast,1,metno_forecast
2026,7,26,13,23.3,metar,53,metar,0.0,metno_forecast,40,metar,3.0,metar,,,,,0,metno_forecast,1,metno_forecast
2026,7,26,14,24.4,metar,50,metar,0.0,metno_forecast,320,metar,3.0,metar,,,,,0,metno_forecast,1,metno_forecast
2026,7,26,15,26.1,metar,44,metar,0.0,metno_forecast,0,metar,0.0,metar,,,,,0,metno_forecast,1,metno_forecast
2026,7,26,16,28.3,metar,38,metar,0.0,metno_forecast,1,metno_forecast,4.7,metno_forecast,,,,,0,metno_forecast,1,metno_forecast
2026,7,26,17,27.8,metar,40,metar,0.0,metno_forecast,300,metar,6.0,metar,,,,,0,metno_forecast,1,metno_forecast
2026,7,26,18,28.3,metar,37,metar,0.0,metno_forecast,353,metno_forecast,4.0,metar,,,,,0,metno_forecast,1,metno_forecast
2026,7,26,19,28.9,metar,37,metar,0.0,metno_forecast,357,metno_forecast,5.0,metar,,,,,4,metar,1,metno_forecast
2026,7,26,20,26.7,metar,47,metar,0.0,metno_forecast,0,metar,0.0,metar,,,,,6,metar,1,metno_forecast
2026,7,26,21,26.1,metar,50,metar,0.0,metno_forecast,0,metar,0.0,metar,,,,,2,metar,3,metno_forecast
2026,7,26,22,25.0,metar,58,metar,0.0,metno_forecast,0,metar,0.0,metar,,,,,1,metno_forecast,2,metno_forecast
2026,7,26,23,23.9,metar,60,metar,0.0,metno_forecast,161,metno_forecast,15.8,metno_forecast,,,,,1,metno_forecast,2,metno_forecast
2026,7,27,0,22.8,metar,66,metar,0.0,metno_forecast,0,metar,0.0,metar,,,,,1,metno_forecast,1,metno_forecast
2026,7,27,1,22.2,metar,71,metar,0.0,metno_forecast,0,metar,0.0,metar,,,,,2,metno_forecast,2,metno_forecast
2026,7,27,2,22.2,metar,64,metar,0.0,metno_forecast,0,metar,0.0,metar,,,,,4,metar,2,metno_forecast
2026,7,27,3,22.8,metar,61,metar,0.0,metno_forecast,0,metar,0.0,metar,,,,,4,metar,3,metno_forecast
2026,7,27,4,22.2,metar,66,metar,0.0,metno_forecast,178,metno_forecast,3.0,metar,,,,,6,metar,1,metno_forecast
2026,7,27,5,22.2,metar,68,metar,0.0,metno_forecast,0,metar,0.0,metar,,,,,2,metar,3,metno_forecast
2026,7,27,6,22.2,metar,68,metar,0.0,metno_forecast,0,metar,0.0,metar,,,,,2,metar,3,metno_forecast
2026,7,27,7,22.2,metar,68,metar,0.0,metno_forecast,223,metno_forecast,3.0,metar,,,,,1,metno_forecast,3,metno_forecast
2026,7,27,8,21.7,metar,70,metar,0.0,metno_forecast,0,metar,0.0,metar,,,,,1,metno_forecast,2,metno_forecast
2026,7,27,9,21.1,metar,76,metar,0.0,metno_forecast,0,metar,0.0,metar,,,,,0,metno_forecast,1,metno_forecast
2026,7,27,10,22.2,metar,73,metar,0.0,metno_forecast,0,metar,0.0,metar,,,,,1,metno_forecast,1,metno_forecast
2026,7,27,11,23.3,metar,71,metar,0.0,metno_forecast,0,metar,0.0,metar,,,,,2,metar,1,metno_forecast
2026,7,27,12,24.4,metar,69,metar,0.0,metno_forecast,0,metar,0.0,metar,,,,,0,metno_forecast,2,metno_forecast
2026,7,27,13,25.6,metar,64,metar,0.0,metno_forecast,0,metar,0.0,metar,,,,,0,metno_forecast,1,metno_forecast
2026,7,27,14,27.2,metar,58,metar,0.0,metno_forecast,60,metar,3.0,metar,,,,,0,metno_forecast,1,metno_forecast
2026,7,27,15,28.3,metar,59,metar,0.0,metno_forecast,212,metno_forecast,3.0,metar,,,,,4,metar,1,metno_forecast
2026,7,27,16,27.8,metar,58,metar,0.0,metno_forecast,231,metno_forecast,3.0,metar,,,,,6,metar,1,metno_forecast
2026,7,27,17,28.3,metar,59,metar,0.0,metno_forecast,120,metar,3.0,metar,,,,,8,metno_forecast,3,metno_forecast
2026,7,27,18,26.7,metar,62,metar,0.4,metno_forecast,0,metar,0.0,metar,,,,,2,metar,8,metno_forecast
2026,7,27,19,27.8,metar,63,metar,1.2,metno_forecast,182,metno_forecast,4.0,metar,,,,,2,metno_forecast,9,metno_forecast
2026,7,27,20,27.2,metar,62,metar,0.5,metno_forecast,167,metno_forecast,12.2,metno_forecast,,,,,5,metno_forecast,17,metno_forecast
2026,7,27,21,26.7,metar,64,metar,0.3,metno_forecast,179,metno_forecast,5.0,metar,,,,,2,metno_forecast,17,metno_forecast
2026,7,27,22,26.1,metar,65,metar,0.0,metno_forecast,187,metno_forecast,9.7,metno_forecast,,,,,2,metar,2,metno_forecast
2026,7,27,23,23.3,metar,69,metar,0.0,metno_forecast,0,metar,0.0,metar,,,,,6,metar,2,metno_forecast
2026,7,28,0,20.0,metar,96,metar,0.3,metar,40,metar,3.0,metar,,,,,6,metar,3,metno_forecast
2026,7,28,1,21.1,metar,97,metar,0.0,metar,240,metar,4.0,metar,,,,,1,metno_forecast,2,metno_forecast
2026,7,28,2,21.1,metar,97,metar,0.0,metno_forecast,0,metar,0.0,metar,,,,,0,metno_forecast,5,metar
2026,7,28,3,21.1,metar,97,metar,0.0,metno_forecast,0,metar,0.0,metar,,,,,1,metno_forecast,5,metar
2026,7,28,4,21.1,metar,93,metar,0.0,metno_forecast,0,metar,0.0,metar,,,,,4,metno_forecast,1,metno_forecast
2026,7,28,5,20.6,metar,93,metar,0.0,metno_forecast,0,metar,0.0,metar,,,,,7,metno_forecast,3,metno_forecast
2026,7,28,6,21.1,metar,90,metar,0.0,metno_forecast,0,metar,0.0,metar,,,,,8,metno_forecast,3,metno_forecast
2026,7,28,7,21.1,metar,90,metar,0.0,metno_forecast,0,metar,0.0,metar,,,,,7,metno_forecast,3,metno_forecast
2026,7,28,8,21.1,metar,93,metar,0.0,metno_forecast,0,metar,0.0,metar,,,,,1,metno_forecast,3,metno_forecast
2026,7,28,9,21.1,metar,97,metar,0.0,metno_forecast,230,metar,3.0,metar,,,,,2,metar,1,metno_forecast
2026,7,28,10,22.2,metar,93,metar,0.0,metno_forecast,0,metar,0.0,metar,,,,,4,metar,5,metar
2026,7,28,11,23.0,metar,94,metar,0.2,metno_forecast,0,metar,0.0,metar,,,,,4,metar,5,metar
2026,7,28,12,22.8,metar,96,metar,0.1,metno_forecast,0,metar,0.0,metar,,,,,6,metar,5,metar
2026,7,28,13,22.8,metar,90,metar,0.0,metno_forecast,0,metar,0.0,metar,,,,,8,metar,5,metar
2026,7,28,14,25.6,metar,79,metar,0.0,metno_forecast,0,metar,0.0,metar,,,,,4,metar,3,metno_forecast
2026,7,28,15,25.0,metar,82,metar,0.0,metno_forecast,0,metar,0.0,metar,,,,,2,metar,3,metno_forecast
2026,7,28,16,24.4,metar,85,metar,0.0,metno_forecast,0,metar,3.0,metar,,,,,6,metar,3,metno_forecast
2026,7,28,17,25.0,metar,82,metar,0.9,metno_forecast,141,metno_forecast,3.0,metar,,,,,8,metno_forecast,8,metno_forecast
2026,7,28,18,24.4,metar,85,metar,1.5,metno_forecast,193,metno_forecast,4.0,metar,,,,,8,metno_forecast,18,metno_forecast
2026,7,28,19,24.4,metar,85,metar,2.4,metno_forecast,193,metno_forecast,5.0,metar,,,,,2,metar,9,metno_forecast
2026,7,28,20,23.3,metar,94,metar,0.0,metar,140,metar,3.0,metar,,,,,2,metar,9,metno_forecast
2026,7,28,21,22.8,metar,96,metar,0.0,metar,140,metar,6.0,metar,,,,,6,metar,5,metar
2026,7,28,22,22.8,metar,96,metar,0.0,metar,150,metar,8.0,metar,,,,,8,metar,9,metno_forecast
2026,7,28,23,22.8,metar,96,metar,0.0,metar,172,metno_forecast,3.0,metar,,,,,6,metar,9,metno_forecast
2026,7,29,0,22.8,metar,96,metar,0.0,metar,162,metno_forecast,15.5,metno_forecast,,,,,6,metar,9,metno_forecast
2026,7,29,1,22.8,metar,96,metar,0.0,metar,170,metno_forecast,3.0,metar,,,,,8,metar,9,metno_forecast
2026,7,29,2,22.8,metar,96,metar,0.0,metar,160,metno_forecast,5.0,metar,,,,,6,metar,9,metno_forecast
2026,7,29,3,22.2,metar,100,metar,0.0,metar,156,metno_forecast,5.0,metar,,,,,6,metar,8,metar
2026,7,29,4,22.2,metar,100,metar,0.0,metar,159,metno_forecast,6.0,metar,19.0,metar,,,6,metar,8,metar
2026,7,29,5,22.2,metar,100,metar,0.0,metar,161,metno_forecast,3.0,metar,,,,,6,metar,8,metar
2026,7,29,6,21.1,metar,97,metar,0.0,metar,0,metar,0.0,metar,,,,,2,metar,8,metar
2026,7,29,7,20.6,metar,100,metar,0.1,metar,0,metar,0.0,metar,,,,,2,metar,8,metar
2026,7,29,8,20.6,metar,100,metar,0.0,metar,0,metar,0.0,metar,,,,,6,metar,9,metno_forecast
2026,7,29,9,20.6,metar,96,metar,0.0,metar,0,metar,0.0,metar,,,,,4,metar,8,metno_forecast
2026,7,29,10,20.6,metar,100,metar,0.0,metar,0,metar,0.0,metar,,,,,4,metar,5,metar
2026,7,29,11,20.6,metar,100,metar,0.0,metno_forecast,0,metar,0.0,metar,,,,,6,metar,5,metar
2026,7,29,12,20.6,metar,100,metar,0.0,metno_forecast,326,metno_forecast,4.0,metar,,,,,4,metar,3,metno_forecast
2026,7,29,13,20.6,metar,100,metar,0.0,metno_forecast,300,metar,4.0,metar,,,,,6,metar,3,metno_forecast
2026,7,29,14,21.7,metar,93,metar,0.0,metar,290,metar,4.0,metar,,,,,6,metar,3,metno_forecast
2026,7,29,15,22.2,metar,91,metar,0.0,metno_forecast,319,metno_forecast,3.0,metar,,,,,2,metar,3,metno_forecast
2026,7,29,16,25.6,metar,71,metar,0.0,metno_forecast,0,metar,0.0,metar,,,,,4,metar,3,metno_forecast
2026,7,29,17,25.6,metar,67,metar,0.0,metno_forecast,323,metno_forecast,3.0,metar,,,,,6,metar,3,metno_forecast
2026,7,29,18,26.1,metar,69,metar,0.3,metno_forecast,334,metno_forecast,3.0,metar,,,,,2,metar,17,metno_forecast
2026,7,29,19,25.6,metar,64,metar,1.0,metno_forecast,300,metar,9.0,metar,15.0,metar,,,6,metar,18,metno_forecast
2026,7,29,20,25.6,metar,64,metar,0.1,metno_forecast,312,metno_forecast,3.0,metar,,,,,2,metar,17,metno_forecast
2026,7,29,21,25.6,metar,62,metar,0.0,metno_forecast,310,metno_forecast,3.0,metar,,,,,8,metar,3,metno_forecast
2026,7,29,22,26.1,metar,60,metar,0.0,metno_forecast,280,metar,4.0,metar,,,,,2,metar,2,metno_forecast
2026,7,29,23,25.0,metar,62,metar,0.3,metno_forecast,0,metar,0.0,metar,,,,,2,metar,17,metno_forecast
2026,7,30,0,23.9,metar,69,metar,0.0,metno_forecast,208,metno_forecast,5.0,metar,,,,,2,metar,3,metno_forecast
2026,7,30,1,23.3,metar,71,metar,0.0,metno_forecast,0,metar,0.0,metar,,,,,2,metno_forecast,3,metno_forecast
2026,7,30,2,22.8,metar,71,metar,0.0,metno_forecast,278,metno_forecast,4.0,metar,15.0,metar,,,1,metno_forecast,2,metno_forecast
2026,7,30,3,21.1,metar,87,metar,0.0,metar,279,metno_forecast,5.0,metar,,,,,6,metar,2,metno_forecast
2026,7,30,4,21.1,metar,84,metar,0.0,metno_forecast,281,metno_forecast,3.0,metar,,,,,6,metar,2,metno_forecast
2026,7,30,5,21.1,metar,84,metar,0.0,metno_forecast,274,metno_forecast,8.3,metno_forecast,,,,,2,metar,3,metno_forecast
2026,7,30,6,20.6,metar,87,metar,0.0,metar,250,metar,4.0,metar,,,,,2,metar,3,metno_forecast
2026,7,30,7,20.6,metar,87,metar,0.0,metno_forecast,280,metar,4.0,metar,,,,,4,metar,3,metno_forecast
2026,7,30,8,20.6,metar,84,metar,0.0,metno_forecast,254,metno_forecast,6.0,metar,,,,,6,metar,2,metno_forecast
2026,7,30,9,20.0,metar,87,metar,0.0,metno_forecast,280,metar,5.0,metar,,,,,4,metar,5,metar
2026,7,30,10,19.4,metar,93,metar,0.0,metno_forecast,0,metar,0.0,metar,,,,,6,metar,3,metno_forecast
2026,7,30,11,19.4,metar,93,metar,0.0,metno_forecast,0,metar,0.0,metar,,,,,8,metar,3,metno_forecast
2026,7,30,12,20.6,metar,90,metar,0.1,metno_forecast,330,metar,4.0,metar,,,,,6,metar,17,metno_forecast
2026,7,30,13,21.7,metar,87,metar,0.0,metar,37,metno_forecast,12.2,metno_forecast,,,,,8,metar,17,metno_forecast
2026,7,30,14,21.1,metar,87,metar,0.0,metar,360,metar,9.0,metar,,,,,8,metar,3,metno_forecast
2026,7,30,15,21.7,metar,84,metar,0.2,metno_forecast,10,metar,6.0,metar,17.0,metar,,,8,metar,7,metno_forecast
2026,7,30,16,22.2,metar,84,metar,0.4,metno_forecast,30,metar,7.0,metar,,,,,4,metar,8,metno_forecast
2026,7,30,17,21.1,metar,90,metar,0.0,metar,70,metar,6.0,metar,17.0,metar,,,6,metar,8,metar
2026,7,30,18,21.1,metar,93,metar,0.0,metar,60,metar,4.0,metar,,,,,6,metar,3,metno_forecast
2026,7,30,19,21.1,metar,97,metar,0.0,metar,0,metar,5.0,metar,,,,,4,metar,8,metar
2026,7,30,20,22.8,metar,84,metar,0.3,metno_forecast,0,metar,0.0,metar,,,,,4,metar,17,metno_forecast
2026,7,30,21,22.8,metar,90,metar,1.9,metno_forecast,0,metar,0.0,metar,,,,,6,metar,9,metno_forecast
2026,7,30,22,23.0,metar,83,metar,0.2,metno_forecast,29,metno_forecast,3.0,metar,,,,,6,metar,17,metno_forecast
2026,7,30,23,22.8,metar,87,metar,0.0,metar,0,metar,0.0,metar,,,,,4,metar,2,metno_forecast
2026,7,31,0,22.2,metar,87,metar,0.0,metar,0,metar,0.0,metar,,,,,2,metar,2,metno_forecast
2026,7,31,1,21.7,metar,96,metar,0.0,metar,0,metar,0.0,metar,,,,,8,metar,2,metno_forecast
2026,7,31,2,21.1,metar,97,metar,0.0,metar,0,metar,0.0,metar,,,,,6,metar,2,metno_forecast
2026,7,31,3,21.1,metar,93,metar,0.0,metno_forecast,280,metar,3.0,metar,,,,,0,metno_forecast,1,metno_forecast
2026,7,31,4,20.6,metar,93,metar,0.0,metno_forecast,310,metar,3.0,metar,,,,,0,metno_forecast,1,metno_forecast
2026,7,31,5,20.0,metar,96,metar,0.0,metno_forecast,0,metar,0.0,metar,,,,,0,metno_forecast,1,metno_forecast
2026,7,31,6,20.6,metar,93,metar,0.0,metno_forecast,0,metar,0.0,metar,,,,,0,metno_forecast,1,metno_forecast
2026,7,31,7,20.0,metar,93,metar,0.0,metno_forecast,270,metar,3.0,metar,,,,,0,metno_forecast,1,metno_forecast
2026,7,31,8,19.4,metar,97,metar,0.0,metno_forecast,280,metar,3.0,metar,,,,,0,metno_forecast,1,metno_forecast
2026,7,31,9,20.0,metar,93,metar,0.0,metno_forecast,280,metar,3.0,metar,,,,,0,metno_forecast,1,metno_forecast
2026,7,31,10,20.0,metar,93,metar,0.0,metno_forecast,300,metar,4.0,metar,,,,,1,metno_forecast,1,metno_forecast
2026,7,31,11,21.1,metar,87,metar,0.0,metno_forecast,300,metar,3.0,metar,,,,,0,metno_forecast,1,metno_forecast
2026,7,31,12,22.2,metar,82,metar,0.0,metno_forecast,330,metno_forecast,3.0,metar,,,,,0,metno_forecast,1,metno_forecast
2026,7,31,13,23.9,metar,74,metar,0.0,metno_forecast,0,metar,0.0,metar,,,,,0,metno_forecast,1,metno_forecast
2026,7,31,14,25.6,metar,69,metar,0.0,metno_forecast,0,metar,0.0,metar,,,,,0,metno_forecast,1,metno_forecast
2026,7,31,15,27.2,metar,58,metar,0.0,metno_forecast,337,metno_forecast,3.0,metar,,,,,0,metno_forecast,1,metno_forecast
2026,7,31,16,28.3,metar,53,metar,0.0,metno_forecast,0,metar,0.0,metar,,,,,4,metar,1,metno_forecast
2026,7,31,17,28.3,metar,57,metar,0.0,metno_forecast,321,metno_forecast,3.0,metar,,,,,2,metar,2,metno_forecast
2026,7,31,18,27.2,metar,56,metar,0.0,metno_forecast,0,metar,0.0,metar,,,,,6,metar,2,metno_forecast
2026,7,31,19,28.3,metar,55,metar,0.0,metno_forecast,348,metno_forecast,3.6,metno_forecast,,,,,2,metar,2,metno_forecast
2026,7,31,20,27.8,metar,63,metar,0.0,metno_forecast,330,metno_forecast,3.0,metar,,,,,4,metar,2,metno_forecast
2026,7,31,21,27.2,metar,62,metar,0.1,metno_forecast,0,metar,0.0,metar,,,,,6,metar,17,metno_forecast
2026,7,31,22,22.8,metar,90,metar,0.0,metar,0,metar,0.0,metar,,,,,6,metar,17,metno_forecast
2026,7,31,23,25.0,metar,71,metar,0.2,metno_forecast,0,metar,0.0,metar,,,,,2,metar,17,metno_forecast
2026,8,1,0,23.9,metar,82,metar,0.0,metar,0,metar,0.0,metar,,,,,6,metar,2,metno_forecast
2026,8,1,1,23.9,metar,84,metar,0.0,metar,0,metar,0.0,metar,,,,,0,metno_forecast,1,metno_forecast
2026,8,1,2,23.9,metar,84,metar,0.0,metno_forecast,0,metar,0.0,metar,,,,,0,metno_forecast,1,metno_forecast
2026,8,1,3,23.9,metar,82,metar,0.0,metno_forecast,0,metar,0.0,metar,,,,,0,metno_forecast,1,metno_forecast
2026,8,1,4,23.9,metar,82,metar,0.0,metno_forecast,0,metar,0.0,metar,,,,,0,metno_forecast,1,metno_forecast
2026,8,1,5,23.3,metar,85,metar,0.0,metno_forecast,230,metar,4.0,metar,,,,,0,metno_forecast,1,metno_forecast
2026,8,1,6,22.8,metar,87,metar,0.0,metno_forecast,234,metno_forecast,4.0,metar,,,,,0,metno_forecast,1,metno_forecast
2026,8,1,7,22.8,metar,84,metar,0.0,metno_forecast,238,metno_forecast,4.0,metar,,,,,0,metno_forecast,1,metno_forecast
2026,8,1,8,22.8,metar,84,metar,0.0,metno_forecast,240,metar,3.0,metar,,,,,0,metno_forecast,1,metno_forecast
2026,8,1,9,22.2,metar,87,metar,0.0,metno_forecast,222,metno_forecast,4.0,metar,,,,,0,metno_forecast,1,metno_forecast
2026,8,1,10,22.8,metar,81,metar,0.0,metno_forecast,0,metar,0.0,metar,,,,,4,metno_forecast,1,metno_forecast
2026,8,1,11,23.3,metar,79,metar,0.0,metno_forecast,300,metar,3.0,metar,,,,,8,metno_forecast,3,metno_forecast
2026,8,1,12,25.0,metar,71,metar,0.0,metno_forecast,270,metar,3.0,metar,,,,,7,metno_forecast,3,metno_forecast
2026,8,1,13,26.1,metar,69,metar,0.0,metno_forecast,260,metar,3.0,metar,,,,,7,metno_forecast,3,metno_forecast
2026,8,1,14,27.8,metar,63,metar,0.0,metno_forecast,0,metar,0.0,metar,,,,,8,metno_forecast,3,metno_forecast
2026,8,1,15,28.3,metar,59,metar,0.0,metno_forecast,230,metar,4.0,metar,,,,,2,metar,3,metno_forecast
2026,8,1,16,28.9,metar,59,metar,0.0,metno_forecast,198,metno_forecast,9.0,metno_forecast,,,,,2,metar,3,metno_forecast
2026,8,1,17,29.4,metar,53,metar,0.3,metno_forecast,198,metno_forecast,5.0,metar,,,,,3,metno_forecast,8,metno_forecast
2026,8,1,18,28.3,metar,57,metar,0.5,metno_forecast,182,metno_forecast,6.0,metar,,,,,2,metar,17,metno_forecast
2026,8,1,19,28.3,metar,57,metar,1.0,metno_forecast,164,metno_forecast,4.0,metar,,,,,8,metno_forecast,9,metno_forecast
2026,8,1,20,27.8,metar,55,metar,0.2,metno_forecast,150,metar,3.0,metar,,,,,8,metno_forecast,7,metno_forecast
2026,8,1,21,26.7,metar,64,metar,0.3,metno_forecast,163,metno_forecast,13.3,metno_forecast,,,,,2,metar,8,metno_forecast
2026,8,1,22,26.1,metar,69,metar,0.0,metno_forecast,159,metno_forecast,13.0,metno_forecast,,,,,4,metno_forecast,3,metno_forecast
2026,8,1,23,25.6,metar,74,metar,0.0,metno_forecast,155,metno_forecast,12.2,metno_forecast,,,,,5,metno_forecast,3,metno_forecast
2026,8,2,0,25.0,metar,79,metar,0.0,metno_forecast,157,metno_forecast,12.6,metno_forecast,,,,,3,metno_forecast,3,metno_forecast
2026,8,2,1,25.0,metar,82,metar,0.0,metno_forecast,154,metno_forecast,13.3,metno_forecast,,,,,2,metno_forecast,2,metno_forecast
2026,8,2,2,24.4,metar,85,metar,0.0,metno_forecast,166,metno_forecast,3.0,metar,,,,,7,metno_forecast,2,metno_forecast
2026,8,2,3,24.4,metar,85,metar,0.0,metno_forecast,175,metno_forecast,3.0,metar,,,,,8,metno_forecast,3,metno_forecast
2026,8,2,4,24.4,metar,82,metar,0.0,metno_forecast,178,metno_forecast,9.0,metno_forecast,,,,,2,metno_forecast,3,metno_forecast
2026,8,2,5,24.4,metar,79,metar,0.0,metno_forecast,0,metar,0.0,metar,,,,,2,metar,2,metno_forecast
2026,8,2,6,23.9,metar,82,metar,0.0,metno_forecast,0,metar,0.0,metar,,,,,6,metar,3,metno_forecast
2026,8,2,7,23.9,metar,84,metar,0.0,metno_forecast,0,metar,0.0,metar,,,,,8,metno_forecast,3,metno_forecast
2026,8,2,8,23.9,metar,82,metar,0.0,metno_forecast,183,metno_forecast,3.0,metar,,,,,7,metno_forecast,3,metno_forecast
2026,8,2,9,24.4,metar,79,metar,0.0,metno_forecast,172,metno_forecast,4.0,metar,,,,,8,metno_forecast,3,metno_forecast
2026,8,2,10,23.9,metar,82,metar,0.0,metno_forecast,165,metno_forecast,4.0,metar,,,,,8,metno_forecast,3,metno_forecast
2026,8,2,11,24.4,metar,82,metar,0.0,metno_forecast,175,metno_forecast,3.0,metar,,,,,8,metno_forecast,3,metno_forecast
2026,8,2,12,25.0,metar,82,metar,0.0,metno_forecast,170,metno_forecast,4.0,metar,,,,,8,metno_forecast,3,metno_forecast
2026,8,2,13,25.6,metar,85,metar,0.0,metno_forecast,160,metno_forecast,11.2,metno_forecast,,,,,8,metno_forecast,3,metno_forecast
2026,8,2,14,26.7,metar,76,metar,0.0,metno_forecast,163,metno_forecast,14.0,metno_forecast,,,,,4,metar,3,metno_forecast
2026,8,2,15,26.7,metar,76,metar,0.3,metno_forecast,0,metar,0.0,metar,,,,,4,metar,8,metno_forecast
2026,8,2,16,26.7,metar,76,metar,0.0,metno_forecast,180,metar,5.0,metar,,,,,6,metar,3,metno_forecast
2026,8,2,17,26.7,metar,76,metar,0.0,metno_forecast,150,metar,5.0,metar,,,,,6,metar,3,metno_forecast
2026,8,2,18,27.2,metar,72,metar,0.1,metno_forecast,130,metar,8.0,metar,,,,,6,metar,17,metno_forecast
2026,8,2,19,27.2,metar,69,metar,0.3,metno_forecast,150,metar,8.0,metar,,,,,2,metar,17,metno_forecast
2026,8,2,20,26.7,metar,71,metar,0.2,metno_forecast,161,metno_forecast,5.0,metar,,,,,6,metar,7,metno_forecast
2026,8,2,21,26.1,metar,79,metar,0.0,metno_forecast,155,metno_forecast,6.0,metar,,,,,2,metar,3,metno_forecast
2026,8,2,22,25.6,metar,85,metar,0.0,metno_forecast,154,metno_forecast,3.0,metar,,,,,6,metar,3,metno_forecast
2026,8,2,23,25.0,metar,88,metar,0.0,metno_forecast,120,metar,7.0,metar,,,,,6,metar,3,metno_forecast
2026,8,3,0,25.0,metar,88,metar,0.0,metar,0,metar,4.0,metar,,,,,4,metar,3,metno_forecast
2026,8,3,1,25.0,metar,90,metar,0.0,metar,0,metar,5.0,metar,,,,,8,metar,3,metno_forecast
2026,8,3,2,25.0,metar,90,metar,0.0,metar,0,metar,5.0,metar,,,,,8,metar,3,metno_forecast
2026,8,3,3,24.4,metar,100,metar,0.0,metar,156,metno_forecast,3.0,metar,,,,,6,metar,3,metno_forecast
2026,8,3,4,24.4,metar,100,metar,0.0,metar,0,metar,0.0,metar,,,,,8,metar,3,metno_forecast
2026,8,3,5,24.4,metar,100,metar,0.0,metar,186,metno_forecast,3.0,metar,,,,,6,metar,5,metar
2026,8,3,6,24.0,metar,100,metar,0.0,metar,192,metno_forecast,3.0,metar,,,,,6,metar,8,metar
2026,8,3,7,23.3,metar,100,metar,0.0,metar,0,metar,0.0,metar,,,,,4,metar,5,metar
2026,8,3,8,24.4,metar,97,metar,0.0,metar,180,metno_forecast,14.4,metno_forecast,,,,,8,metar,9,metno_forecast
2026,8,3,9,22.8,metar,100,metar,0.3,metar,230,metar,12.0,metar,19.0,metar,,,6,metar,8,metar
2026,8,3,10,22.8,metar,100,metar,0.0,metar,210,metar,3.0,metar,,,,,4,metar,8,metar
2026,8,3,11,22.8,metar,100,metar,0.3,metar,200,metar,4.0,metar,,,,,6,metar,8,metar
2026,8,3,12,23.3,metar,100,metar,0.0,metar,170,metar,5.0,metar,,,,,4,metar,8,metar
2026,8,3,13,24.4,metar,97,metar,0.0,metar,206,metno_forecast,4.0,metar,,,,,6,metar,9,metno_forecast
2026,8,3,14,23.9,metar,100,metar,0.0,metar,199,metno_forecast,6.0,metar,,,,,4,metar,8,metar
2026,8,3,15,22.8,metar,100,metar,0.1,metar,200,metar,7.0,metar,15.0,metar,,,2,metar,9,metno_forecast
2026,8,3,16,23.9,metar,96,metar,0.0,metar,220,metar,8.0,metar,,,,,6,metar,8,metno_forecast
2026,8,3,17,24.4,metar,97,metar,0.0,metar,220,metar,4.0,metar,15.0,metar,,,4,metar,5,metar
2026,8,3,18,22.8,metar,100,metar,0.2,metar,200,metar,3.0,metar,,,,,4,metar,8,metar
2026,8,3,19,25.6,metar,90,metar,0.0,metar,0,metar,0.0,metar,,,,,2,metar,3,metno_forecast
2026,8,3,20,26.1,metar,79,metar,1.2,metno_forecast,225,metno_forecast,13.3,metno_forecast,,,,,6,metar,9,metno_forecast
2026,8,3,21,26.7,metar,60,metar,0.1,metno_forecast,256,metno_forecast,11.9,metno_forecast,,,,,2,metar,17,metno_forecast
2026,8,3,22,26.1,metar,58,metar,0.3,metno_forecast,300,metar,5.0,metar,17.0,metar,,,1,metno_forecast,17,metno_forecast
2026,8,3,23,25.6,metar,56,metar,0.0,metno_forecast,314,metno_forecast,6.0,metar,,,,,0,metno_forecast,1,metno_forecast
2026,8,4,0,25.0,metar,60,metar,0.0,metno_forecast,301,metno_forecast,6.0,metar,,,,,0,metno_forecast,1,metno_forecast
2026,8,4,1,23.3,metar,62,metar,0.0,metno_forecast,291,metno_forecast,3.0,metar,,,,,0,metno_forecast,1,metno_forecast
2026,8,4,2,22.8,metar,61,metar,0.0,metno_forecast,297,metno_forecast,7.2,metno_forecast,,,,,0,metno_forecast,1,metno_forecast
2026,8,4,3,22.2,metar,66,metar,0.0,metno_forecast,312,metno_forecast,3.0,metar,,,,,0,metno_forecast,1,metno_forecast
2026,8,4,4,21.7,metar,68,metar,0.0,metno_forecast,330,metar,5.0,metar,,,,,0,metno_forecast,1,metno_forecast
2026,8,4,5,21.7,metar,68,metar,0.0,metno_forecast,329,metno_forecast,3.0,metar,,,,,0,metno_forecast,1,metno_forecast
2026,8,4,6,21.1,metar,71,metar,0.0,metno_forecast,335,metno_forecast,4.0,metar,,,,,0,metno_forecast,1,metno_forecast
2026,8,4,7,20.0,metar,78,metar,0.0,metno_forecast,0,metar,0.0,metar,,,,,0,metno_forecast,1,metno_forecast
2026,8,4,8,19.4,metar,81,metar,0.0,metno_forecast,0,metar,0.0,metar,,,,,0,metno_forecast,1,metno_forecast
2026,8,4,9,18.9,metar,87,metar,0.0,metno_forecast,0,metar,0.0,metar,,,,,4,metno_forecast,1,metno_forecast
2026,8,4,10,19.4,metar,84,metar,0.0,metno_forecast,0,metar,0.0,metar,,,,,1,metno_forecast,3,metno_forecast
2026,8,4,11,21.1,metar,76,metar,0.0,metno_forecast,0,metar,0.0,metar,,,,,5,metno_forecast,2,metno_forecast
2026,8,4,12,23.3,metar,69,metar,0.0,metno_forecast,0,metar,0.0,metar,,,,,8,metno_forecast,3,metno_forecast
2026,8,4,13,25.0,metar,62,metar,0.0,metno_forecast,15,metno_forecast,3.0,metar,,,,,5,metno_forecast,3,metno_forecast
2026,8,4,14,26.1,metar,56,metar,0.0,metno_forecast,34,metno_forecast,5.8,metno_forecast,,,,,0,metno_forecast,3,metno_forecast
2026,8,4,15,27.2,metar,47,metar,0.0,metno_forecast,60,metar,6.0,metar,,,,,6,metno_forecast,1,metno_forecast
2026,8,4,16,28.3,metar,48,metar,0.0,metno_forecast,64,metno_forecast,6.0,metar,,,,,8,metno_forecast,3,metno_forecast
2026,8,4,17,28.9,metar,43,metar,0.0,metno_forecast,70,metar,3.0,metar,,,,,7,metno_forecast,3,metno_forecast
2026,8,4,18,27.8,metar,46,metar,0.0,metno_forecast,41,metno_forecast,4.0,metar,,,,,6,metno_forecast,3,metno_forecast
2026,8,4,19,27.2,metar,49,metar,0.0,metno_forecast,65,metno_forecast,5.4,metno_forecast,,,,,7,metno_forecast,3,metno_forecast
2026,8,4,20,27.2,metar,47,metar,0.0,metno_forecast,124,metno_forecast,8.3,metno_forecast,,,,,7,metno_forecast,3,metno_forecast
2026,8,4,21,26.1,metar,52,metar,0.0,metno_forecast,0,metar,0.0,metar,,,,,7,metno_forecast,3,metno_forecast
2026,8,4,22,25.0,metar,56,metar,0.0,metno_forecast,173,metno_forecast,4.0,metar,,,,,7,metno_forecast,3,metno_forecast
2026,8,4,23,23.9,metar,57,metar,0.0,metno_forecast,181,metno_forecast,3.0,metar,,,,,8,metno_forecast,3,metno_forecast
2026,8,5,0,23.3,metar,57,metar,0.0,metno_forecast,0,metar,0.0,metar,,,,,8,metno_forecast,3,metno_forecast
2026,8,5,1,22.8,metar,57,metar,0.0,metno_forecast,0,metar,0.0,metar,,,,,8,metno_forecast,3,metno_forecast
2026,8,5,2,22.8,metar,59,metar,0.0,metno_forecast,0,metar,0.0,metar,,,,,8,metno_forecast,3,metno_forecast
2026,8,5,3,22.2,metar,64,metar,0.0,metno_forecast,0,metar,0.0,metar,,,,,3,metno_forecast,3,metno_forecast
2026,8,5,4,22.2,metar,64,metar,0.0,metno_forecast,0,metar,0.0,metar,,,,,1,metno_forecast,2,metno_forecast
2026,8,5,5,22.8,metar,66,metar,0.0,metno_forecast,0,metar,0.0,metar,,,,,5,metno_forecast,2,metno_forecast
2026,8,5,6,22.2,metar,73,metar,0.0,metno_forecast,0,metar,0.0,metar,,,,,8,metno_forecast,3,metno_forecast
2026,8,5,7,21.7,metar,70,metar,0.0,metno_forecast,0,metar,0.0,metar,,,,,5,metno_forecast,3,metno_forecast
2026,8,5,8,21.1,metar,73,metar,0.0,metno_forecast,290,metar,3.0,metar,,,,,6,metno_forecast,3,metno_forecast
2026,8,5,9,21.7,metar,70,metar,0.0,metno_forecast,0,metar,0.0,metar,,,,,6,metno_forecast,3,metno_forecast
2026,8,5,10,22.8,metar,71,metar,0.0,metno_forecast,0,metar,0.0,metar,,,,,3,metno_forecast,3,metno_forecast
2026,8,5,11,22.8,metar,79,metar,0.0,metno_forecast,0,metar,0.0,metar,,,,,2,metno_forecast,2,metno_forecast
2026,8,5,12,23.9,metar,69,metar,0.0,metno_forecast,0,metar,0.0,metar,,,,,8,metno_forecast,2,metno_forecast
2026,8,5,13,25.6,metar,64,metar,0.0,metno_forecast,0,metar,0.0,metar,,,,,5,metno_forecast,3,metno_forecast
2026,8,5,14,26.1,metar,58,metar,0.0,metno_forecast,0,metar,0.0,metar,,,,,8,metar,3,metno_forecast
2026,8,5,15,27.2,metar,53,metar,0.0,metno_forecast,0,metar,0.0,metar,,,,,8,metar,2,metno_forecast
2026,8,5,16,27.2,metar,56,metar,0.0,metno_forecast,0,metar,0.0,metar,,,,,8,metar,2,metno_forecast
2026,8,5,17,26.7,metar,60,metar,0.0,metno_forecast,141,metno_forecast,3.0,metar,,,,,8,metar,3,metno_forecast
2026,8,5,18,27.8,metar,67,metar,0.0,metno_forecast,148,metno_forecast,9.4,metno_forecast,,,,,2,metar,3,metno_forecast
2026,8,5,19,26.1,metar,79,metar,0.0,metno_forecast,178,metno_forecast,3.0,metar,,,,,4,metar,3,metno_forecast
2026,8,5,20,25.0,metar,90,metar,0.0,metar,0,metar,0.0,metar,,,,,4,metar,9,metno_forecast
2026,8,5,21,25.0,metar,90,metar,0.0,metar,0,metar,0.0,metar,,,,,2,metar,18,metno_forecast
2026,8,5,22,24.4,metar,94,metar,0.0,metar,110,metar,3.0,metar,,,,,6,metar,17,metno_forecast
2026,8,5,23,24.4,metar,97,metar,0.0,metar,120,metno_forecast,5.0,metar,,,,,8,metar,7,metno_forecast
2026,8,6,0,24.4,metar,97,metar,0.0,metar,131,metno_forecast,4.0,metar,,,,,8,metar,5,metar
2026,8,6,1,24.4,metar,97,metar,0.0,metar,0,metar,0.0,metar,,,,,8,metar,5,metar
2026,8,6,2,24.4,metar,100,metar,0.0,metar,0,metar,0.0,metar,,,,,2,metar,5,metar
2026,8,6,3,24.0,metar,100,metar,0.0,metar,0,metar,0.0,metar,,,,,4,metar,5,metar
2026,8,6,4,24.4,metar,100,metar,0.1,metno_forecast,0,metar,0.0,metar,,,,,2,metar,5,metar
2026,8,6,5,24.4,metar,100,metar,0.2,metno_forecast,199,metno_forecast,5.0,metno_forecast,,,,,4,metar,5,metar
2026,8,6,6,23.5,metno_forecast,96,metno_forecast,0.0,metno_forecast,216,metno_forecast,5.8,metno_forecast,,,1019.6,metno_forecast,4,metno_forecast,2,metno_forecast
2026,8,6,7,24.4,metar,100,metar,0.0,metar,0,metar,0.0,metar,,,,,2,metar,5,metar
2026,8,6,8,24.4,metar,100,metar,0.0,metno_forecast,230,metar,3.0,metar,,,,,2,metar,5,metar
2026,8,6,9,24.4,metar,100,metar,0.0,metno_forecast,230,metar,3.0,metar,,,,,6,metar,5,metar
2026,8,6,10,24.4,metar,100,metar,0.0,metno_forecast,213,metno_forecast,5.8,metno_forecast,,,,,2,metar,5,metar
2026,8,6,11,24.4,metar,100,metar,0.0,metno_forecast,250,metar,4.0,metar,,,,,6,metar,5,metar
2026,8,6,12,25.0,metar,96,metar,0.0,metno_forecast,0,metar,4.0,metar,,,,,6,metar,5,metar
2026,8,6,13,26.1,metar,90,metar,0.0,metno_forecast,0,metar,0.0,metar,,,,,6,metar,3,metno_forecast
2026,8,6,14,26.7,metar,90,metar,0.0,metno_forecast,240,metno_forecast,3.0,metar,,,,,2,metar,3,metno_forecast
2026,8,6,15,27.8,metar,82,metar,0.1,metno_forecast,235,metno_forecast,4.0,metar,,,,,6,metar,7,metno_forecast
2026,8,6,16,30.0,metar,77,metar,0.1,metno_forecast,0,metar,0.0,metar,,,,,2,metar,17,metno_forecast
2026,8,6,17,30.6,metar,72,metar,0.2,metno_forecast,224,metno_forecast,12.6,metno_forecast,,,,,2,metar,17,metno_forecast
2026,8,6,18,27.8,metar,82,metar,0.0,metar,220,metar,7.0,metar,16.0,metar,,,2,metar,8,metar
2026,8,6,19,28.3,metar,88,metar,0.0,metar,0,metar,0.0,metar,,,,,6,metar,17,metno_forecast
2026,8,6,20,29.4,metar,77,metar,0.1,metno_forecast,80,metar,3.0,metar,,,,,6,metar,17,metno_forecast
2026,8,6,21,29.4,metar,75,metar,0.0,metno_forecast,140,metar,3.0,metar,,,,,2,metar,2,metno_forecast
2026,8,6,22,30.0,metar,72,metar,0.0,metno_forecast,0,metar,0.0,metar,,,,,2,metar,2,metno_forecast
2026,8,6,23,29.4,metar,70,metar,0.0,metno_forecast,215,metno_forecast,3.0,metar,,,,,2,metar,2,metno_forecast
2026,8,7,0,29.4,metar,70,metar,0.0,metno_forecast,0,metar,0.0,metar,,,,,1,metno_forecast,1,metno_forecast
2026,8,7,1,29.4,metar,70,metar,0.0,metno_forecast,234,metno_forecast,3.0,metar,,,,,4,metar,1,metno_forecast
2026,8,7,2,28.9,metar,72,metar,0.0,metar,1,metno_forecast,4.0,metar,,,,,2,metar,17,metno_forecast
2026,8,7,3,27.8,metar,77,metar,0.0,metar,237,metno_forecast,3.0,metar,,,,,0,metno_forecast,17,metno_forecast
2026,8,7,4,27.8,metar,77,metar,0.0,metno_forecast,246,metno_forecast,3.0,metar,,,,,0,metno_forecast,1,metno_forecast
2026,8,7,5,27.2,metar,79,metar,0.0,metno_forecast,248,metno_forecast,3.0,metar,,,,,0,metno_forecast,1,metno_forecast
2026,8,7,6,27.2,metar,79,metar,0.0,metno_forecast,258,metno_forecast,5.0,metar,,,,,0,metno_forecast,1,metno_forecast
2026,8,7,7,26.1,metar,85,metar,0.0,metno_forecast,250,metno_forecast,3.0,metar,,,,,0,metno_forecast,1,metno_forecast
2026,8,7,8,25.6,metar,85,metar,0.0,metno_forecast,0,metar,0.0,metar,,,,,0,metno_forecast,1,metno_forecast
2026,8,7,9,25.6,metar,85,metar,0.0,metno_forecast,280,metar,3.0,metar,,,,,0,metno_forecast,1,metno_forecast
2026,8,7,10,25.6,metar,85,metar,0.0,metno_forecast,0,metar,0.0,metar,,,,,0,metno_forecast,1,metno_forecast
2026,8,7,11,26.1,metar,85,metar,0.0,metno_forecast,0,metar,0.0,metar,,,,,0,metno_forecast,1,metno_forecast
2026,8,7,12,27.2,metar,77,metar,0.0,metno_forecast,290,metar,4.0,metar,,,,,2,metar,1,metno_forecast
2026,8,7,13,28.9,metar,65,metar,0.0,metno_forecast,0,metar,0.0,metar,,,,,0,metno_forecast,1,metno_forecast
2026,8,7,14,30.0,metar,63,metar,0.0,metno_forecast,0,metar,0.0,metar,,,,,0,metno_forecast,1,metno_forecast
2026,8,7,15,30.6,metar,65,metar,0.0,metno_forecast,0,metar,0.0,metar,,,,,1,metno_forecast,1,metno_forecast
2026,8,7,16,31.7,metar,61,metar,0.3,metno_forecast,251,metno_forecast,3.0,metar,,,,,3,metno_forecast,17,metno_forecast
2026,8,7,17,31.1,metar,61,metar,0.4,metno_forecast,0,metar,0.0,metar,,,,,6,metar,17,metno_forecast
2026,8,7,18,31.1,metar,63,metar,1.6,metno_forecast,0,metar,0.0,metar,,,,,2,metar,18,metno_forecast
2026,8,7,19,31.7,metar,63,metar,0.5,metno_forecast,273,metno_forecast,8.6,metno_forecast,,,,,2,metar,8,metno_forecast
2026,8,7,20,29.4,metar,72,metar,2.3,metno_forecast,296,metno_forecast,3.0,metar,,,,,7,metno_forecast,9,metno_forecast
2026,8,7,21,28.3,metar,77,metar,0.4,metno_forecast,217,metno_forecast,7.9,metno_forecast,,,,,8,metno_forecast,17,metno_forecast
2026,8,7,22,25.0,metar,84,metar,0.0,metar,270,metar,16.0,metar,29.0,metar,,,2,metar,8,metar
2026,8,7,23,22.8,metar,100,metar,0.1,metar,0,metar,0.0,metar,,,,,6,metar,3,metno_forecast
2026,8,8,0,23.3,metar,100,metar,0.0,metar,50,metar,3.0,metar,,,,,8,metno_forecast,3,metno_forecast
2026,8,8,1,23.3,metar,100,metar,0.0,metno_forecast,0,metar,0.0,metar,,,,,7,metno_forecast,5,metar
2026,8,8,2,23.3,metar,97,metar,0.0,metno_forecast,0,metar,0.0,metar,,,,,8,metno_forecast,3,metno_forecast
2026,8,8,3,23.3,metar,97,metar,0.7,metno_forecast,270,metar,3.0,metar,,,,,2,metar,5,metar
2026,8,8,4,22.8,metar,100,metar,1.4,metno_forecast,280,metar,3.0,metar,,,,,3,metno_forecast,5,metar
2026,8,8,5,22.8,metar,96,metar,0.0,metno_forecast,0,metar,3.0,metar,,,,,0,metno_forecast,5,metar
2026,8,8,6,22.2,metar,97,metar,0.0,metno_forecast,240,metar,3.0,metar,,,,,2,metno_forecast,1,metno_forecast
2026,8,8,7,21.7,metar,100,metar,0.0,metno_forecast,0,metar,0.0,metar,,,,,0,metno_forecast,2,metno_forecast
2026,8,8,8,21.7,metar,100,metar,0.0,metno_forecast,0,metar,0.0,metar,,,,,0,metno_forecast,1,metno_forecast
2026,8,8,9,22.2,metar,97,metar,0.0,metno_forecast,237,metno_forecast,8.6,metno_forecast,,,,,3,metno_forecast,5,metar
2026,8,8,10,22.2,metar,97,metar,0.0,metno_forecast,248,metno_forecast,4.0,metar,,,,,6,metno_forecast,5,metar
2026,8,8,11,22.8,metar,96,metar,0.0,metno_forecast,256,metno_forecast,3.0,metar,,,,,4,metno_forecast,3,metno_forecast
2026,8,8,12,23.3,metar,94,metar,0.0,metno_forecast,265,metno_forecast,4.0,metar,,,,,5,metno_forecast,3,metno_forecast
2026,8,8,13,25.0,metar,84,metar,0.0,metno_forecast,261,metno_forecast,4.0,metar,,,,,4,metno_forecast,3,metno_forecast
2026,8,8,14,26.7,metar,76,metar,0.0,metno_forecast,258,metno_forecast,4.0,metar,,,,,2,metno_forecast,3,metno_forecast
2026,8,8,15,27.8,metar,74,metar,0.0,metno_forecast,0,metar,0.0,metar,,,,,3,metno_forecast,2,metno_forecast
2026,8,8,16,29.4,metar,63,metar,0.0,metno_forecast,0,metar,0.0,metar,,,,,7,metno_forecast,3,metno_forecast
2026,8,8,17,28.9,metar,70,metar,0.0,metno_forecast,252,metno_forecast,4.0,metar,,,,,4,metar,3,metno_forecast
2026,8,8,18,30.6,metar,63,metar,0.0,metno_forecast,255,metno_forecast,6.0,metar,,,,,4,metar,3,metno_forecast
2026,8,8,19,28.3,metar,72,metar,0.0,metno_forecast,260,metno_forecast,4.0,metar,,,,,4,metar,1,metno_forecast
2026,8,8,20,27.8,metar,74,metar,0.0,metno_forecast,0,metar,0.0,metar,,,,,2,metar,1,metno_forecast
2026,8,8,21,28.3,metar,72,metar,2.9,metno_forecast,250,metno_forecast,14.8,metno_forecast,,,,,8,metno_forecast,18,metno_forecast
2026,8,8,22,27.2,metar,67,metar,0.7,metno_forecast,260,metar,3.0,metar,,,,,7,metno_forecast,17,metno_forecast
2026,8,8,23,27.2,metar,62,metar,0.0,metno_forecast,250,metno_forecast,15.1,metno_forecast,,,,,8,metno_forecast,3,metno_forecast
2026,8,9,0,26.7,metar,69,metar,0.3,metno_forecast,0,metar,0.0,metar,,,,,1,metno_forecast,17,metno_forecast
2026,8,9,1,26.1,metar,72,metar,0.0,metno_forecast,240,metar,4.0,metar,,,,,1,metno_forecast,1,metno_forecast
2026,8,9,2,25.6,metar,74,metar,0.0,metno_forecast,240,metar,7.0,metar,,,,,0,metno_forecast,1,metno_forecast
2026,8,9,3,26.1,metar,74,metar,0.0,metno_forecast,248,metno_forecast,5.0,metar,,,,,0,metno_forecast,1,metno_forecast
2026,8,9,4,25.6,metar,76,metar,0.0,metno_forecast,250,metno_forecast,5.0,metar,,,,,0,metno_forecast,1,metno_forecast
2026,8,9,5,25.6,metar,76,metar,0.0,metno_forecast,0,metar,0.0,metar,,,,,0,metno_forecast,1,metno_forecast
2026,8,9,6,25.0,metar,79,metar,0.0,metno_forecast,230,metar,4.0,metar,,,,,0,metno_forecast,1,metno_forecast
2026,8,9,7,25.0,metar,82,metar,0.0,metno_forecast,250,metar,3.0,metar,,,,,2,metno_forecast,1,metno_forecast
2026,8,9,8,25.0,metar,82,metar,0.0,metno_forecast,0,metar,0.0,metar,,,,,7,metno_forecast,2,metno_forecast
2026,8,9,9,24.4,metar,85,metar,0.0,metno_forecast,237,metno_forecast,3.0,metar,,,,,7,metno_forecast,3,metno_forecast
2026,8,9,10,24.4,metar,88,metar,0.0,metno_forecast,240,metar,6.0,metar,,,,,8,metno_forecast,3,metno_forecast
2026,8,9,11,24.4,metar,88,metar,0.0,metno_forecast,250,metar,6.0,metar,,,,,7,metno_forecast,3,metno_forecast
2026,8,9,12,25.6,metar,85,metar,0.0,metno_forecast,271,metno_forecast,4.0,metar,,,,,6,metno_forecast,3,metno_forecast
2026,8,9,13,27.8,metar,69,metar,0.0,metno_forecast,278,metno_forecast,6.8,metno_forecast,,,,,4,metno_forecast,3,metno_forecast
2026,8,9,14,28.3,metar,65,metar,0.0,metno_forecast,292,metno_forecast,4.0,metar,,,,,1,metno_forecast,3,metno_forecast
2026,8,9,15,29.4,metar,61,metar,0.0,metno_forecast,288,metno_forecast,7.2,metno_forecast,,,,,0,metno_forecast,1,metno_forecast
2026,8,9,16,30.6,metar,59,metar,0.0,metno_forecast,285,metno_forecast,4.0,metar,,,,,4,metar,1,metno_forecast
2026,8,9,17,30.6,metar,50,metar,0.0,metno_forecast,289,metno_forecast,4.0,metar,,,,,2,metar,1,metno_forecast
2026,8,9,18,30.6,metar,51,metar,0.0,metno_forecast,0,metar,0.0,metar,,,,,2,metar,2,metno_forecast
2026,8,9,19,30.6,metar,50,metar,0.0,metno_forecast,288,metno_forecast,13.0,metno_forecast,,,,,2,metar,2,metno_forecast
2026,8,9,20,30.6,metar,48,metar,0.0,metno_forecast,310,metar,6.0,metar,,,,,2,metar,1,metno_forecast
2026,8,9,21,29.4,metar,51,metar,0.0,metno_forecast,295,metno_forecast,13.0,metno_forecast,,,,,0,metno_forecast,1,metno_forecast
2026,8,9,22,30.0,metar,46,metar,0.0,metno_forecast,298,metno_forecast,5.0,metar,,,,,0,metno_forecast,1,metno_forecast
2026,8,9,23,29.4,metar,48,metar,0.0,metno_forecast,308,metno_forecast,3.0,metar,,,,,2,metar,1,metno_forecast
2026,8,10,0,28.3,metar,53,metar,0.0,metno_forecast,0,metar,0.0,metar,,,,,0,metno_forecast,1,metno_forecast
2026,8,10,1,28.3,metar,51,metar,0.0,metno_forecast,0,metar,0.0,metar,,,,,0,metno_forecast,1,metno_forecast
2026,8,10,2,27.2,metar,56,metar,0.0,metno_forecast,311,metno_forecast,3.0,metar,,,,,0,metno_forecast,1,metno_forecast
2026,8,10,3,26.7,metar,54,metar,0.0,metno_forecast,0,metar,0.0,metar,,,,,0,metno_forecast,1,metno_forecast
2026,8,10,4,25.0,metar,58,metar,0.0,metno_forecast,0,metar,0.0,metar,,,,,0,metno_forecast,1,metno_forecast
2026,8,10,5,24.4,metar,60,metar,0.0,metno_forecast,20,metar,3.0,metar,,,,,0,metno_forecast,1,metno_forecast
2026,8,10,6,24.4,metar,62,metar,0.0,metno_forecast,20,metar,3.0,metar,,,,,0,metno_forecast,1,metno_forecast
2026,8,10,7,23.3,metar,69,metar,0.0,metno_forecast,40,metar,3.0,metar,,,,,0,metno_forecast,1,metno_forecast
2026,8,10,8,22.8,metar,66,metar,0.0,metno_forecast,70,metar,3.0,metar,,,,,5,metno_forecast,1,metno_forecast
2026,8,10,9,22.8,metar,64,metar,0.0,metno_forecast,0,metar,0.0,metar,,,,,2,metar,3,metno_forecast
2026,8,10,10,22.8,metar,64,metar,0.0,metno_forecast,0,metar,0.0,metar,,,,,2,metar,1,metno_forecast
2026,8,10,11,23.9,metar,64,metar,0.0,metno_forecast,0,metar,0.0,metar,,,,,2,metar,1,metno_forecast
2026,8,10,12,25.0,metar,62,metar,0.0,metno_forecast,80,metar,3.0,metar,,,,,4,metno_forecast,1,metno_forecast
2026,8,10,13,26.7,metar,58,metar,0.0,metno_forecast,0,metar,0.0,metar,,,,,1,metno_forecast,3,metno_forecast
2026,8,10,14,27.8,metar,56,metar,0.0,metno_forecast,163,metno_forecast,4.0,metar,,,,,0,metno_forecast,1,metno_forecast
2026,8,10,15,27.2,metar,62,metar,0.0,metno_forecast,0,metar,0.0,metar,,,,,4,metno_forecast,1,metno_forecast
2026,8,10,16,27.2,metar,62,metar,0.0,metno_forecast,211,metno_forecast,6.0,metar,,,,,5,metno_forecast,3,metno_forecast
2026,8,10,17,28.9,metar,61,metar,0.0,metno_forecast,217,metno_forecast,10.1,metno_forecast,,,,,0,metno_forecast,3,metno_forecast
2026,8,10,18,29.4,metar,55,metar,0.0,metno_forecast,213,metno_forecast,4.0,metar,,,,,2,metar,1,metno_forecast
2026,8,10,19,28.9,metar,59,metar,0.0,metno_forecast,223,metno_forecast,5.0,metar,,,,,1,metno_forecast,1,metno_forecast
2026,8,10,20,28.3,metar,63,metar,0.3,metno_forecast,210,metar,6.0,metar,,,,,2,metar,17,metno_forecast
2026,8,10,21,26.7,metar,71,metar,0.0,metar,202,metno_forecast,5.0,metar,20.0,metar,,,4,metar,17,metno_forecast
2026,8,10,22,22.8,metar,90,metar,0.0,metar,244,metno_forecast,4.0,metar,17.0,metar,,,2,metar,5,metar
2026,8,10,23,22.8,metar,96,metar,0.2,metno_forecast,0,metar,0.0,metar,,,,,7,metno_forecast,17,metno_forecast
2026,8,11,0,22.8,metar,90,metar,0.7,metno_forecast,270,metar,3.0,metar,,,,,8,metno_forecast,17,metno_forecast
2026,8,11,1,22.8,metar,90,metar,2.3,metno_forecast,269,metno_forecast,3.0,metar,,,,,2,metar,9,metno_forecast
2026,8,11,2,23.9,metar,84,metar,0.4,metno_forecast,0,metar,0.0,metar,,,,,4,metar,8,metno_forecast
2026,8,11,3,23.9,metar,84,metar,0.0,metno_forecast,288,metno_forecast,4.0,metar,,,,,7,metno_forecast,3,metno_forecast
2026,8,11,4,23.3,metar,87,metar,0.0,metno_forecast,244,metno_forecast,4.0,metar,,,,,6,metno_forecast,3,metno_forecast
2026,8,11,5,22.8,metar,94,metar,0.0,metno_forecast,242,metno_forecast,3.0,metar,,,,,5,metno_forecast,3,metno_forecast
2026,8,11,6,22.8,metar,90,metar,0.0,metno_forecast,255,metno_forecast,3.0,metar,,,,,8,metno_forecast,3,metno_forecast
2026,8,11,7,22.8,metar,90,metar,0.0,metno_forecast,0,metar,0.0,metar,,,,,4,metno_forecast,3,metno_forecast
2026,8,11,8,22.8,metar,90,metar,0.0,metno_forecast,274,metno_forecast,3.0,metar,,,,,2,metno_forecast,3,metno_forecast
2026,8,11,9,22.2,metar,91,metar,0.0,metno_forecast,250,metar,5.0,metar,,,,,1,metno_forecast,2,metno_forecast
2026,8,11,10,22.2,metar,93,metar,0.0,metno_forecast,297,metno_forecast,3.0,metar,,,,,2,metno_forecast,2,metno_forecast
2026,8,11,11,23.3,metar,87,metar,0.0,metno_forecast,0,metar,0.0,metar,,,,,4,metno_forecast,2,metno_forecast
2026,8,11,12,23.9,metar,82,metar,0.0,metno_forecast,326,metno_forecast,5.0,metar,,,,,6,metar,3,metno_forecast
2026,8,11,13,25.6,metar,76,metar,0.0,metno_forecast,280,metar,4.0,metar,,,,,2,metar,2,metno_forecast
2026,8,11,14,26.1,metar,72,metar,0.0,metno_forecast,329,metno_forecast,5.0,metar,,,,,5,metno_forecast,1,metno_forecast
2026,8,11,15,27.2,metar,65,metar,0.0,metno_forecast,302,metno_forecast,9.4,metno_forecast,,,,,5,metno_forecast,3,metno_forecast
2026,8,11,16,27.8,metar,63,metar,0.0,metno_forecast,279,metno_forecast,3.0,metar,,,,,4,metno_forecast,3,metno_forecast
2026,8,11,17,28.3,metar,59,metar,0.0,metno_forecast,20,metar,3.0,metar,,,,,2,metar,3,metno_forecast
2026,8,11,18,28.3,metar,59,metar,0.0,metno_forecast,0,metar,0.0,metar,,,,,6,metar,2,metno_forecast
2026,8,11,19,27.8,metar,67,metar,0.0,metno_forecast,0,metar,0.0,metar,,,,,4,metar,2,metno_forecast
2026,8,11,20,27.8,metar,60,metar,0.0,metno_forecast,289,metno_forecast,4.0,metar,,,,,7,metno_forecast,3,metno_forecast
2026,8,11,21,28.3,metar,67,metar,0.0,metno_forecast,0,metar,0.0,metar,,,,,2,metar,3,metno_forecast
2026,8,11,22,27.2,metar,65,metar,2.2,metno_forecast,290,metar,3.0,metar,,,,,2,metar,9,metno_forecast
2026,8,11,23,27.2,metar,65,metar,1.3,metno_forecast,261,metno_forecast,5.0,metar,,,,,4,metar,9,metno_forecast
2026,8,12,0,26.7,metar,69,metar,1.2,metno_forecast,0,metar,0.0,metar,,,,,8,metno_forecast,9,metno_forecast
2026,8,12,1,26.1,metar,74,metar,0.0,metno_forecast,0,metar,0.0,metar,,,,,8,metno_forecast,3,metno_forecast
2026,8,12,2,26.1,metar,72,metar,0.0,metno_forecast,290,metar,5.0,metar,,,,,8,metno_forecast,3,metno_forecast
2026,8,12,3,25.0,metar,74,metar,0.0,metno_forecast,300,metar,5.0,metar,,,,,7,metno_forecast,3,metno_forecast
2026,8,12,4,23.9,metar,79,metar,0.0,metno_forecast,0,metar,0.0,metar,,,,,8,metno_forecast,3,metno_forecast
2026,8,12,5,23.9,metar,74,metar,0.0,metno_forecast,280,metar,4.0,metar,,,,,8,metno_forecast,3,metno_forecast
2026,8,12,6,23.9,metar,64,metar,0.0,metno_forecast,0,metar,0.0,metar,,,,,1,metno_forecast,3,metno_forecast
2026,8,12,7,23.3,metar,66,metar,0.0,metno_forecast,0,metar,0.0,metar,,,,,0,metno_forecast,1,metno_forecast
2026,8,12,8,22.8,metar,66,metar,0.0,metno_forecast,0,metar,0.0,metar,,,,,4,metno_forecast,1,metno_forecast
2026,8,12,9,22.2,metar,66,metar,0.0,metno_forecast,341,metno_forecast,4.0,metar,15.0,metar,,,5,metno_forecast,3,metno_forecast
2026,8,12,10,21.7,metar,68,metar,0.0,metno_forecast,320,metno_forecast,4.0,metar,,,,,7,metno_forecast,3,metno_forecast
2026,8,12,11,21.7,metar,68,metar,0.0,metno_forecast,323,metno_forecast,3.0,metar,,,,,3,metno_forecast,3,metno_forecast
2026,8,12,12,22.2,metar,64,metar,0.0,metno_forecast,290,metar,5.0,metar,,,,,0,metno_forecast,3,metno_forecast
2026,8,12,13,23.9,metar,60,metar,0.0,metno_forecast,338,metno_forecast,3.0,metar,,,,,0,metno_forecast,1,metno_forecast
2026,8,12,14,25.6,metar,54,metar,0.0,metno_forecast,0,metar,0.0,metar,,,,,0,metno_forecast,1,metno_forecast
2026,8,12,15,26.7,metar,49,metar,0.0,metno_forecast,0,metar,0.0,metar,,,,,6,metno_forecast,1,metno_forecast
2026,8,12,16,27.2,metar,47,metar,0.0,metno_forecast,346,metno_forecast,5.0,metar,,,,,0,metno_forecast,3,metno_forecast
2026,8,12,17,28.3,metar,40,metar,0.0,metno_forecast,341,metno_forecast,3.0,metar,,,,,0,metno_forecast,1,metno_forecast
2026,8,12,18,28.3,metar,40,metar,0.0,metno_forecast,50,metar,5.0,metar,,,,,0,metno_forecast,1,metno_forecast
2026,8,12,19,28.3,metar,37,metar,0.0,metno_forecast,305,metno_forecast,4.0,metar,,,,,2,metno_forecast,1,metno_forecast
2026,8,12,20,28.3,metar,43,metar,0.0,metno_forecast,0,metar,0.0,metar,,,,,2,metno_forecast,2,metno_forecast
2026,8,12,21,27.8,metar,47,metar,0.0,metno_forecast,0,metar,0.0,metar,,,,,3,metno_forecast,2,metno_forecast
2026,8,12,22,27.2,metar,51,metar,0.1,metno_forecast,280,metar,6.0,metar,,,,,3,metno_forecast,17,metno_forecast
2026,8,12,23,26.7,metar,52,metar,0.0,metno_forecast,161,metno_forecast,3.0,metar,,,,,2,metno_forecast,3,metno_forecast
2026,8,13,0,26.1,metar,58,metar,0.0,metno_forecast,0,metar,0.0,metar,,,,,1,metno_forecast,2,metno_forecast
2026,8,13,1,25.0,metar,62,metar,0.0,metno_forecast,158,metno_forecast,9.4,metno_forecast,,,,,1,metno_forecast,2,metno_forecast
2026,8,13,2,24.4,metar,64,metar,0.0,metno_forecast,154,metno_forecast,7.9,metno_forecast,,,,,0,metno_forecast,2,metno_forecast
2026,8,13,3,25.0,metar,60,metar,0.0,metno_forecast,165,metno_forecast,5.0,metar,,,,,2,metar,1,metno_forecast
2026,8,13,4,25.0,metar,64,metar,0.0,metno_forecast,220,metar,4.0,metar,,,,,2,metar,1,metno_forecast
2026,8,13,5,25.0,metar,66,metar,0.2,metno_forecast,261,metno_forecast,10.4,metno_forecast,,,,,6,metno_forecast,17,metno_forecast
2026,8,13,6,21.7,metar,90,metar,0.0,metar,230,metar,4.0,metar,,,,,4,metar,17,metno_forecast
2026,8,13,7,21.7,metar,93,metar,0.1,metar,0,metar,4.0,metar,,,,,2,metar,17,metno_forecast
2026,8,13,8,21.7,metar,93,metar,0.0,metno_forecast,280,metar,3.0,metar,,,,,4,metar,3,metno_forecast
2026,8,13,9,22.8,metar,84,metar,0.0,metno_forecast,122,metno_forecast,4.0,metar,,,,,6,metar,2,metno_forecast
2026,8,13,10,22.2,metar,91,metar,0.0,metno_forecast,0,metar,0.0,metar,,,,,1,metno_forecast,1,metno_forecast
2026,8,13,11,22.8,metar,84,metar,0.0,metno_forecast,207,metno_forecast,5.8,metno_forecast,,,,,2,metno_forecast,2,metno_forecast
2026,8,13,12,23.9,metar,76,metar,0.0,metno_forecast,218,metno_forecast,7.2,metno_forecast,,,,,2,metno_forecast,2,metno_forecast
2026,8,13,13,25.0,metar,74,metar,0.0,metno_forecast,307,metno_forecast,4.0,metar,,,,,2,metno_forecast,2,metno_forecast
2026,8,13,14,26.1,metar,67,metar,0.0,metno_forecast,313,metno_forecast,9.0,metno_forecast,,,,,2,metar,2,metno_forecast
2026,8,13,15,27.8,metar,60,metar,0.0,metno_forecast,315,metno_forecast,10.8,metno_forecast,,,,,2,metar,3,metno_forecast
2026,8,13,16,27.8,metar,63,metar,0.0,metno_forecast,321,metno_forecast,5.0,metar,,,,,2,metar,3,metno_forecast
2026,8,13,17,28.3,metar,55,metar,0.0,metno_forecast,313,metno_forecast,11.9,metno_forecast,,,,,4,metar,3,metno_forecast
2026,8,13,18,27.8,metar,51,metar,0.0,metno_forecast,300,metar,5.0,metar,,,,,2,metar,3,metno_forecast
2026,8,13,19,28.9,metar,46,metar,0.0,metno_forecast,300,metno_forecast,11.2,metno_forecast,,,,,2,metar,3,metno_forecast
2026,8,13,20,28.3,metar,51,metar,0.0,metno_forecast,300,metno_forecast,5.0,metar,,,,,4,metar,2,metno_forecast
2026,8,13,21,27.8,metar,53,metar,0.0,metno_forecast,297,metno_forecast,4.0,metar,,,,,7,metno_forecast,3,metno_forecast
2026,8,13,22,28.3,metar,48,metar,0.0,metno_forecast,293,metno_forecast,3.0,metar,,,,,5,metno_forecast,3,metno_forecast
2026,8,13,23,27.2,metar,51,metar,0.0,metno_forecast,270,metar,4.0,metar,,,,,2,metar,3,metno_forecast
2026,8,14,0,27.2,metar,53,metar,0.0,metno_forecast,0,metar,0.0,metar,,,,,4,metar,3,metno_forecast
2026,8,14,1,26.7,metar,54,metar,0.0,metno_forecast,300,metno_forecast,4.0,metar,,,,,6,metar,3,metno_forecast
2026,8,14,2,26.1,metar,56,metar,0.0,metno_forecast,316,metno_forecast,5.0,metar,,,,,7,metno_forecast,3,metno_forecast
2026,8,14,3,25.6,metar,58,metar,0.0,metno_forecast,280,metar,3.0,metar,,,,,7,metno_forecast,3,metno_forecast
2026,8,14,4,25.0,metar,58,metar,0.0,metno_forecast,0,metar,0.0,metar,,,,,7,metno_forecast,3,metno_forecast
2026,8,14,5,23.9,metar,64,metar,0.0,metno_forecast,0,metar,0.0,metar,,,,,7,metno_forecast,3,metno_forecast
2026,8,14,6,22.8,metar,64,metar,0.0,metno_forecast,0,metar,0.0,metar,,,,,5,metno_forecast,3,metno_forecast
2026,8,14,7,22.8,metar,66,metar,0.0,metno_forecast,0,metar,0.0,metar,,,,,6,metno_forecast,3,metno_forecast
2026,8,14,8,22.2,metar,68,metar,0.0,metno_forecast,360,metar,3.0,metar,,,,,3,metno_forecast,3,metno_forecast
2026,8,14,9,22.2,metar,68,metar,0.0,metno_forecast,320,metar,4.0,metar,,,,,1,metno_forecast,2,metno_forecast
2026,8,14,10,22.2,metar,68,metar,0.0,metno_forecast,309,metno_forecast,3.0,metar,,,,,2,metno_forecast,2,metno_forecast
2026,8,14,11,22.2,metar,68,metar,0.0,metno_forecast,300,metar,3.0,metar,,,,,4,metno_forecast,2,metno_forecast
2026,8,14,12,23.3,metar,64,metar,0.0,metno_forecast,0,metar,0.0,metar,,,,,6,metno_forecast,3,metno_forecast
2026,8,14,13,25.0,metar,58,metar,0.0,metno_forecast,0,metar,0.0,metar,,,,,7,metno_forecast,3,metno_forecast
2026,8,14,14,26.7,metar,51,metar,0.0,metno_forecast,0,metar,0.0,metar,,,,,3,metno_forecast,3,metno_forecast
2026,8,14,15,27.8,metar,47,metar,0.0,metno_forecast,50,metar,4.0,metar,,,,,3,metno_forecast,2,metno_forecast
2026,8,14,16,27.8,metar,49,metar,0.0,metno_forecast,0,metar,0.0,metar,,,,,2,metno_forecast,3,metno_forecast
2026,8,14,17,28.9,metar,44,metar,0.0,metno_forecast,309,metno_forecast,3.0,metar,,,,,3,metno_forecast,2,metno_forecast
2026,8,14,18,27.8,metar,55,metar,0.0,metno_forecast,294,metno_forecast,6.1,metno_forecast,,,,,6,metar,3,metno_forecast
2026,8,14,19,28.3,metar,49,metar,0.0,metno_forecast,280,metar,6.0,metar,,,,,6,metar,3,metno_forecast
2026,8,14,20,28.3,metar,49,metar,0.0,metno_forecast,312,metno_forecast,8.3,metno_forecast,,,,,4,metar,2,metno_forecast
2026,8,14,21,27.8,metar,53,metar,0.0,metno_forecast,301,metno_forecast,3.0,metar,,,,,4,metar,2,metno_forecast
2026,8,14,22,26.7,metar,58,metar,0.0,metno_forecast,252,metno_forecast,3.0,metar,,,,,4,metno_forecast,2,metno_forecast
2026,8,14,23,25.6,metar,62,metar,0.1,metno_forecast,186,metno_forecast,3.0,metar,,,,,6,metar,17,metno_forecast
2026,8,15,0,25.6,metar,64,metar,0.0,metno_forecast,177,metno_forecast,4.0,metar,,,,,3,metno_forecast,3,metno_forecast
2026,8,15,1,26.1,metar,62,metar,0.0,metno_forecast,25,metno_forecast,4.0,metar,,,,,1,metno_forecast,2,metno_forecast
2026,8,15,2,24.4,metar,74,metar,0.0,metno_forecast,50,metar,5.0,metar,,,,,0,metno_forecast,2,metno_forecast
2026,8,15,3,23.9,metar,74,metar,0.0,metno_forecast,14,metno_forecast,5.0,metar,,,,,0,metno_forecast,1,metno_forecast
2026,8,15,4,23.3,metar,74,metar,0.0,metno_forecast,22,metno_forecast,4.0,metar,,,,,0,metno_forecast,1,metno_forecast
2026,8,15,5,22.8,metar,66,metar,0.0,metno_forecast,0,metar,0.0,metar,,,,,0,metno_forecast,1,metno_forecast
2026,8,15,6,21.7,metar,73,metar,0.0,metno_forecast,30,metar,3.0,metar,,,,,0,metno_forecast,1,metno_forecast
2026,8,15,7,21.7,metar,76,metar,0.0,metno_forecast,40,metar,5.0,metar,,,,,0,metno_forecast,1,metno_forecast
2026,8,15,8,21.1,metar,68,metar,0.0,metno_forecast,17,metno_forecast,3.0,metar,,,,,2,metno_forecast,1,metno_forecast
2026,8,15,9,20.6,metar,70,metar,0.0,metno_forecast,6,metno_forecast,6.0,metar,,,,,0,metno_forecast,2,metno_forecast
2026,8,15,10,20.0,metar,76,metar,0.0,metno_forecast,360,metar,4.0,metar,,,,,0,metno_forecast,1,metno_forecast
2026,8,15,11,21.1,metar,63,metar,0.0,metno_forecast,2,metno_forecast,4.0,metar,,,,,0,metno_forecast,1,metno_forecast
2026,8,15,12,22.2,metar,59,metar,0.0,metno_forecast,13,metno_forecast,5.0,metar,,,,,0,metno_forecast,1,metno_forecast
2026,8,15,13,23.3,metar,52,metar,0.0,metno_forecast,60,metar,9.0,metar,,,,,1,metno_forecast,1,metno_forecast
2026,8,15,14,25.0,metar,47,metar,0.0,metno_forecast,35,metno_forecast,5.0,metar,,,,,3,metno_forecast,2,metno_forecast
2026,8,15,15,26.1,metar,44,metar,0.0,metno_forecast,38,metno_forecast,3.0,metar,,,,,1,metno_forecast,3,metno_forecast
2026,8,15,16,26.7,metar,44,metar,0.0,metno_forecast,0,metar,0.0,metar,,,,,0,metno_forecast,1,metno_forecast
2026,8,15,17,27.2,metar,41,metar,0.0,metno_forecast,7,metno_forecast,4.0,metar,,,,,2,metar,1,metno_forecast
2026,8,15,18,28.3,metar,38,metar,0.0,metno_forecast,50,metar,8.0,metar,,,,,0,metno_forecast,1,metno_forecast
2026,8,15,19,27.8,metar,37,metar,0.0,metno_forecast,344,metno_forecast,3.0,metar,,,,,2,metar,1,metno_forecast
2026,8,15,20,27.2,metar,39,metar,0.0,metno_forecast,0,metar,0.0,metar,,,,,1,metno_forecast,2,metno_forecast
2026,8,15,21,27.2,metar,39,metar,0.0,metno_forecast,0,metar,0.0,metar,,,,,1,metno_forecast,1,metno_forecast
2026,8,15,22,26.7,metar,45,metar,0.0,metno_forecast,0,metar,0.0,metar,,,,,2,metar,1,metno_forecast
2026,8,15,23,25.0,metar,50,metar,0.0,metno_forecast,0,metar,0.0,metar,,,,,1,metno_forecast,2,metno_forecast
2026,8,16,0,23.3,metar,64,metar,0.0,metno_forecast,0,metar,0.0,metar,,,,,2,metar,2,metno_forecast
2026,8,16,1,23.3,metar,64,metar,0.0,metno_forecast,140,metar,3.0,metar,,,,,3,metno_forecast,2,metno_forecast
2026,8,16,2,22.8,metar,68,metar,0.0,metno_forecast,0,metar,0.0,metar,,,,,1,metno_forecast,2,metno_forecast
2026,8,16,3,22.8,metar,71,metar,0.0,metno_forecast,0,metar,0.0,metar,,,,,0,metno_forecast,2,metno_forecast
2026,8,16,4,22.2,metar,73,metar,0.0,metno_forecast,0,metar,0.0,metar,,,,,0,metno_forecast,1,metno_forecast
2026,8,16,5,22.2,metar,73,metar,0.0,metno_forecast,289,metno_forecast,3.0,metar,,,,,0,metno_forecast,1,metno_forecast
2026,8,16,6,22.2,metar,76,metar,0.0,metno_forecast,0,metar,0.0,metar,,,,,0,metno_forecast,1,metno_forecast
2026,8,16,7,21.7,metar,79,metar,0.0,metno_forecast,0,metar,0.0,metar,,,,,2,metar,1,metno_forecast
2026,8,16,8,22.2,metar,76,metar,0.0,metno_forecast,0,metar,0.0,metar,,,,,6,metar,1,metno_forecast
2026,8,16,9,21.7,metar,79,metar,0.0,metno_forecast,240,metar,4.0,metar,,,,,4,metar,2,metno_forecast
2026,8,16,10,22.8,metar,76,metar,0.0,metno_forecast,0,metar,0.0,metar,,,,,6,metar,3,metno_forecast
2026,8,16,11,22.8,metar,81,metar,0.0,metno_forecast,70,metno_forecast,3.0,metar,,,,,4,metar,3,metno_forecast
2026,8,16,12,23.9,metar,74,metar,0.0,metno_forecast,60,metar,3.0,metar,,,,,6,metar,3,metno_forecast
2026,8,16,13,25.0,metar,66,metar,0.0,metno_forecast,121,metno_forecast,5.8,metno_forecast,,,,,6,metar,3,metno_forecast
2026,8,16,14,26.1,metar,58,metar,0.0,metno_forecast,167,metno_forecast,5.0,metar,,,,,2,metar,2,metno_forecast
2026,8,16,15,26.1,metar,60,metar,0.0,metno_forecast,171,metno_forecast,6.0,metar,,,,,4,metar,3,metno_forecast
2026,8,16,16,25.6,metar,60,metar,0.0,metno_forecast,171,metno_forecast,15.1,metno_forecast,,,,,2,metar,3,metno_forecast
2026,8,16,17,25.0,metar,60,metar,0.0,metno_forecast,165,metno_forecast,5.0,metar,,,,,2,metar,3,metno_forecast
2026,8,16,18,24.4,metar,60,metar,0.0,metno_forecast,163,metno_forecast,20.2,metno_forecast,,,,,8,metar,3,metno_forecast
2026,8,16,19,24.4,metar,62,metar,0.0,metar,160,metno_forecast,21.2,metno_forecast,,,,,8,metar,3,metno_forecast
2026,8,16,20,23.9,metar,66,metar,0.0,metar,161,metno_forecast,4.0,metar,,,,,2,metar,3,metno_forecast
2026,8,16,21,22.8,metar,73,metar,0.0,metar,200,metar,8.0,metar,,,,,4,metar,3,metno_forecast
2026,8,16,22,22.8,metar,73,metar,0.0,metar,174,metno_forecast,4.0,metar,,,,,4,metar,3,metno_forecast
2026,8,16,23,22.2,metar,79,metar,0.0,metar,230,metar,7.0,metar,21.0,metar,,,2,metar,8,metno_forecast
2026,8,17,0,20.0,metar,90,metar,0.0,metar,0,metar,0.0,metar,,,,,4,metar,7,metno_forecast
2026,8,17,1,20.0,metar,93,metar,0.0,metar,181,metno_forecast,4.0,metar,,,,,4,metar,3,metno_forecast
2026,8,17,2,19.0,metar,100,metar,0.0,metar,0,metar,4.0,metar,,,,,6,metar,3,metno_forecast
2026,8,17,3,20.0,metar,96,metar,0.6,metno_forecast,166,metno_forecast,16.6,metno_forecast,,,,,2,metar,8,metno_forecast
2026,8,17,4,20.0,metar,96,metar,0.0,metar,161,metno_forecast,3.0,metar,,,,,6,metar,9,metno_forecast
2026,8,17,5,20.6,metar,96,metar,0.0,metar,162,metno_forecast,5.0,metar,,,,,6,metar,9,metno_forecast
2026,8,17,6,20.6,metar,96,metar,0.0,metar,130,metar,5.0,metar,,,,,8,metar,8,metar
2026,8,17,7,20.6,metar,100,metar,0.1,metar,151,metno_forecast,4.0,metar,,,,,4,metar,9,metno_forecast
2026,8,17,8,21.1,metar,97,metar,0.0,metar,142,metno_forecast,3.0,metar,,,,,4,metar,9,metno_forecast
2026,8,17,9,21.1,metar,100,metar,0.0,metar,0,metar,0.0,metar,,,,,4,metar,9,metno_forecast
2026,8,17,10,21.7,metar,100,metar,0.0,metar,0,metar,0.0,metar,,,,,8,metar,8,metno_forecast
2026,8,17,11,21.7,metar,100,metar,0.0,metar,70,metar,5.0,metar,,,,,6,metar,5,metar
2026,8,17,12,21.7,metar,96,metar,0.0,metno_forecast,316,metno_forecast,5.0,metar,,,,,8,metar,5,metar
2026,8,17,13,21.7,metar,96,metar,0.0,metno_forecast,333,metno_forecast,6.0,metar,,,,,8,metar,5,metar
2026,8,17,14,21.7,metar,100,metar,0.0,metno_forecast,342,metno_forecast,4.0,metar,,,,,8,metar,3,metno_forecast
2026,8,17,15,22.2,metar,97,metar,0.0,metno_forecast,346,metno_forecast,3.0,metar,,,,,8,metar,3,metno_forecast
2026,8,17,16,22.2,metar,97,metar,0.0,metno_forecast,70,metar,3.0,metar,,,,,8,metar,3,metno_forecast
2026,8,17,17,23.9,metar,88,metar,0.0,metno_forecast,343,metno_forecast,5.0,metar,,,,,6,metar,3,metno_forecast
2026,8,17,18,25.6,metar,79,metar,0.0,metno_forecast,60,metar,7.0,metar,,,,,4,metar,3,metno_forecast
2026,8,17,19,26.7,metar,74,metar,0.0,metno_forecast,6,metno_forecast,3.0,metar,,,,,6,metar,3,metno_forecast
2026,8,17,20,26.7,metar,71,metar,0.0,metno_forecast,9,metno_forecast,4.0,metar,,,,,4,metar,3,metno_forecast
2026,8,17,21,26.7,metar,74,metar,0.0,metno_forecast,60,metar,4.0,metar,,,,,3,metno_forecast,3,metno_forecast
2026,8,17,22,25.0,metar,84,metar,0.0,metno_forecast,0,metar,0.0,metar,,,,,6,metno_forecast,3,metno_forecast
2026,8,17,23,24.4,metar,82,metar,0.0,metno_forecast,60,metno_forecast,3.0,metar,,,,,8,metno_forecast,3,metno_forecast
2026,8,18,0,23.3,metar,91,metar,0.0,metno_forecast,71,metno_forecast,3.0,metar,,,,,8,metno_forecast,3,metno_forecast
2026,8,18,1,23.3,metar,91,metar,0.0,metno_forecast,120,metno_forecast,3.0,metar,,,,,8,metar,3,metno_forecast
2026,8,18,2,23.3,metar,91,metar,0.0,metno_forecast,60,metar,3.0,metar,,,,,6,metar,3,metno_forecast
2026,8,18,3,22.8,metar,90,metar,0.0,metno_forecast,102,metno_forecast,3.2,metno_forecast,,,,,2,metar,3,metno_forecast
2026,8,18,4,22.8,metar,90,metar,0.0,metno_forecast,140,metno_forecast,3.0,metar,,,,,2,metar,3,metno_forecast
2026,8,18,5,22.8,metar,90,metar,0.0,metno_forecast,0,metar,0.0,metar,,,,,4,metar,3,metno_forecast
2026,8,18,6,22.8,metar,90,metar,0.0,metno_forecast,0,metar,0.0,metar,,,,,6,metar,3,metno_forecast
2026,8,18,7,22.8,metar,90,metar,0.0,metno_forecast,60,metar,3.0,metar,,,,,4,metar,3,metno_forecast
2026,8,18,8,22.8,metar,90,metar,0.0,metno_forecast,60,metar,3.0,metar,,,,,6,metar,3,metno_forecast
2026,8,18,9,22.2,metar,97,metar,0.0,metar,40,metar,3.0,metar,,,,,8,metar,2,metno_forecast
2026,8,18,10,22.2,metar,97,metar,0.1,metar,0,metar,0.0,metar,,,,,4,metar,3,metno_forecast
2026,8,18,11,22.2,metar,97,metar,0.0,metar,0,metar,0.0,metar,,,,,2,metar,5,metar
2026,8,18,12,22.8,metar,96,metar,0.0,metar,300,metar,3.0,metar,,,,,6,metar,5,metar
2026,8,18,13,22.8,metar,100,metar,0.0,metno_forecast,0,metar,0.0,metar,,,,,2,metar,5,metar
2026,8,18,14,25.0,metar,84,metar,0.0,metno_forecast,0,metar,0.0,metar,,,,,2,metar,3,metno_forecast
2026,8,18,15,26.7,metar,71,metar,0.1,metno_forecast,296,metno_forecast,3.0,metar,,,,,2,metar,7,metno_forecast
2026,8,18,16,28.3,metar,61,metar,0.2,metno_forecast,0,metar,0.0,metar,,,,,2,metno_forecast,17,metno_forecast
2026,8,18,17,29.4,metar,59,metar,0.5,metno_forecast,318,metno_forecast,5.8,metno_forecast,,,,,6,metar,17,metno_forecast
2026,8,18,18,27.8,metar,63,metar,0.3,metno_forecast,320,metar,4.0,metar,,,,,4,metar,17,metno_forecast
2026,8,18,19,27.2,metar,67,metar,0.2,metno_forecast,308,metno_forecast,4.0,metar,,,,,2,metar,7,metno_forecast
2026,8,18,20,27.8,metar,60,metar,0.3,metno_forecast,287,metno_forecast,4.0,metar,,,,,8,metar,17,metno_forecast
2026,8,18,21,27.8,metar,55,metar,0.2,metno_forecast,310,metar,5.0,metar,,,,,8,metar,17,metno_forecast
2026,8,18,22,27.8,metar,56,metar,0.2,metno_forecast,310,metar,4.0,metar,,,,,8,metar,17,metno_forecast
2026,8,18,23,26.7,metar,56,metar,0.0,metno_forecast,300,metar,4.0,metar,,,,,6,metar,2,metno_forecast
2026,8,19,0,26.7,metar,56,metar,0.0,metno_forecast,310,metar,5.0,metar,,,,,8,metar,2,metno_forecast
2026,8,19,1,25.6,metar,56,metar,0.0,metno_forecast,0,metar,0.0,metar,,,,,6,metar,2,metno_forecast
2026,8,19,2,25.0,metar,58,metar,0.0,metno_forecast,0,metar,0.0,metar,,,,,4,metar,3,metno_forecast
2026,8,19,3,23.9,metar,57,metar,0.0,metno_forecast,0,metar,0.0,metar,,,,,7,metno_forecast,3,metno_forecast
2026,8,19,4,23.9,metar,55,metar,0.0,metno_forecast,0,metar,0.0,metar,,,,,0,metno_forecast,3,metno_forecast
2026,8,19,5,23.9,metar,55,metar,0.0,metno_forecast,0,metar,0.0,metar,,,,,4,metar,1,metno_forecast
2026,8,19,6,23.3,metar,57,metar,0.0,metno_forecast,345,metno_forecast,4.0,metar,,,,,4,metar,2,metno_forecast
2026,8,19,7,23.3,metar,57,metar,0.0,metno_forecast,0,metar,0.0,metar,,,,,8,metar,2,metno_forecast
2026,8,19,8,22.2,metar,64,metar,0.0,metno_forecast,0,metar,0.0,metar,,,,,8,metar,2,metno_forecast
2026,8,19,9,20.6,metar,70,metar,0.0,metno_forecast,0,metar,0.0,metar,,,,,0,metno_forecast,2,metno_forecast
2026,8,19,10,21.1,metar,73,metar,0.0,metno_forecast,0,metar,0.0,metar,,,,,2,metar,1,metno_forecast
2026,8,19,11,22.8,metar,66,metar,0.0,metno_forecast,0,metar,0.0,metar,,,,,0,metno_forecast,1,metno_forecast
2026,8,19,12,24.4,metar,58,metar,0.0,metno_forecast,0,metar,0.0,metar,,,,,2,metar,1,metno_forecast
2026,8,19,13,26.1,metar,54,metar,0.0,metno_forecast,290,metar,4.0,metar,,,,,0,metno_forecast,1,metno_forecast
2026,8,19,14,27.2,metar,45,metar,0.0,metno_forecast,0,metar,0.0,metar,,,,,0,metno_forecast,1,metno_forecast
2026,8,19,15,27.8,metar,49,metar,0.0,metno_forecast,229,metno_forecast,4.0,metar,,,,,0,metno_forecast,1,metno_forecast
2026,8,19,16,29.4,metar,43,metar,0.0,metno_forecast,260,metno_forecast,6.8,metno_forecast,,,,,4,metar,1,metno_forecast
2026,8,19,17,28.3,metar,49,metar,0.0,metno_forecast,261,metno_forecast,4.0,metar,,,,,4,metar,1,metno_forecast
2026,8,19,18,28.9,metar,43,metar,0.0,metno_forecast,264,metno_forecast,10.1,metno_forecast,,,,,8,metno_forecast,2,metno_forecast
2026,8,19,19,28.3,metar,44,metar,0.0,metno_forecast,290,metar,6.0,metar,15.0,metar,,,7,metno_forecast,3,metno_forecast
2026,8,19,20,28.3,metar,46,metar,0.0,metno_forecast,230,metar,8.0,metar,,,,metar,5,metno_forecast,3,metno_forecast
2026,8,19,21,27.8,metar,47,metar,0.0,metno_forecast,259,metno_forecast,3.0,metar,,,,metar,3,metno_forecast,3,metno_forecast
2026,8,19,22,27.2,metar,51,metar,0.0,metno_forecast,0,metar,0.0,metar,,,,metar,7,metno_forecast,2,metno_forecast
2026,8,19,23,27.2,metar,49,metar,0.0,metno_forecast,290,metar,3.0,metar,,,,metar,7,metno_forecast,3,metno_forecast
2026,8,20,0,26.7,metar,52,metar,0.0,metno_forecast,240,metar,4.0,metar,,,,metar,4,metno_forecast,3,metno_forecast
2026,8,20,1,26.1,metar,56,metar,0.0,metno_forecast,240,metar,4.0,metar,,,,metar,1,metno_forecast,3,metno_forecast
2026,8,20,2,26.7,metar,54,metar,0.0,metno_forecast,199,metno_forecast,3.0,metar,,,,metar,1,metno_forecast,1,metno_forecast
2026,8,20,3,25.6,metar,60,metar,0.0,metno_forecast,270,metar,6.0,metar,,,,metar,0,metno_forecast,2,metno_forecast
2026,8,20,4,24.4,metar,67,metar,0.0,metno_forecast,208,metno_forecast,3.0,metar,,,,metar,0,metno_forecast,1,metno_forecast
2026,8,20,5,23.9,metar,69,metar,0.0,metno_forecast,0,metar,0.0,metar,,,,metar,0,metno_forecast,1,metno_forecast
2026,8,20,6,23.3,metar,71,metar,0.0,metno_forecast,0,metar,0.0,metar,,,,metar,4,metno_forecast,1,metno_forecast
2026,8,20,7,22.8,metar,73,metar,0.0,metno_forecast,0,metar,0.0,metar,,,,metar,2,metno_forecast,3,metno_forecast
2026,8,20,8,22.8,metar,73,metar,0.0,metno_forecast,290,metar,3.0,metar,,,,metar,1,metno_forecast,2,metno_forecast
2026,8,20,9,22.2,metar,79,metar,0.0,metno_forecast,0,metar,0.0,metar,,,,metar,0,metno_forecast,1,metno_forecast
2026,8,20,10,22.2,metar,79,metar,0.0,metno_forecast,0,metar,0.0,metar,,,,metar,0,metno_forecast,1,metno_forecast
2026,8,20,11,23.3,metar,74,metar,0.0,metno_forecast,0,metar,0.0,metar,,,,metar,0,metno_forecast,1,metno_forecast
2026,8,20,12,24.4,metar,71,metar,0.0,metno_forecast,0,metar,0.0,metar,,,,metar,1,metno_forecast,1,metno_forecast
2026,8,20,13,27.2,metar,61,metar,0.0,metno_forecast,0,metar,0.0,metar,,,,metar,3,metno_forecast,2,metno_forecast
2026,8,20,14,27.8,metar,56,metar,0.0,metno_forecast,0,metar,0.0,metar,,,,metar,2,metar,2,metno_forecast
2026,8,20,15,28.9,metar,55,metar,0.0,metno_forecast,110,metar,3.0,metar,,,,metar,2,metar,3,metno_forecast
2026,8,20,16,26.1,metar,60,metar,0.0,metno_forecast,6,metno_forecast,3.0,metar,,,,metar,8,metar,3,metno_forecast
2026,8,20,17,26.1,metar,65,metar,0.0,metar,359,metno_forecast,3.0,metar,,,,metar,2,metar,8,metno_forecast
2026,8,20,18,24.4,metar,76,metar,0.0,metar,220,metar,4.0,metar,,,,metar,2,metar,9,metno_forecast
2026,8,20,19,23.9,metar,84,metar,0.0,metar,70,metar,3.0,metar,,,,metar,6,metar,9,metno_forecast
2026,8,20,20,24.3,metno_forecast,80,metno_forecast,5.7,metno_forecast,180,metno_forecast,8.3,metno_forecast,,,1013.9,metno_forecast,8,metno_forecast,9,metno_forecast
2026,8,20,21,23.3,metno_forecast,91,metno_forecast,3.2,metno_forecast,106,metno_forecast,10.4,metno_forecast,,,1013.0,metno_forecast,8,metno_forecast,9,metno_forecast
2026,8,20,22,23.1,metno_forecast,93,metno_forecast,3.7,metno_forecast,76,metno_forecast,9.0,metno_forecast,,,1013.4,metno_forecast,8,metno_forecast,9,metno_forecast
2026,8,20,23,22.3,metno_forecast,95,metno_forecast,3.7,metno_forecast,87,metno_forecast,11.5,metno_forecast,,,1012.7,metno_forecast,8,metno_forecast,9,metno_forecast
2026,8,21,0,22.0,metno_forecast,97,metno_forecast,4.5,metno_forecast,106,metno_forecast,13.3,metno_forecast,,,1012.1,metno_forecast,8,metno_forecast,9,metno_forecast
2026,8,21,1,22.0,metno_forecast,98,metno_forecast,4.3,metno_forecast,20,metno_forecast,18.4,metno_forecast,,,1013.1,metno_forecast,8,metno_forecast,9,metno_forecast
2026,8,21,2,20.5,metno_forecast,94,metno_forecast,15.7,metno_forecast,37,metno_forecast,21.6,metno_forecast,,,1013.1,metno_forecast,8,metno_forecast,9,metno_forecast
2026,8,21,3,19.5,metno_forecast,93,metno_forecast,19.3,metno_forecast,29,metno_forecast,26.3,metno_forecast,,,1013.2,metno_forecast,8,metno_forecast,9,metno_forecast
2026,8,21,4,18.7,metno_forecast,93,metno_forecast,12.3,metno_forecast,13,metno_forecast,22.7,metno_forecast,,,1013.1,metno_forecast,7,metno_forecast,9,metno_forecast
2026,8,21,5,18.3,metno_forecast,92,metno_forecast,2.0,metno_forecast,357,metno_forecast,23.4,metno_forecast,,,1013.7,metno_forecast,3,metno_forecast,18,metno_forecast
2026,8,21,6,17.8,metno_forecast,87,metno_forecast,0.0,metno_forecast,357,metno_forecast,20.5,metno_forecast,,,1014.0,metno_forecast,2,metno_forecast,2,metno_forecast
2026,8,21,7,17.9,metno_forecast,81,metno_forecast,0.0,metno_forecast,352,metno_forecast,19.1,metno_forecast,,,1014.3,metno_forecast,7,metno_forecast,2,metno_forecast
2026,8,21,8,18.1,metno_forecast,76,metno_forecast,0.0,metno_forecast,351,metno_forecast,17.3,metno_forecast,,,1015.0,metno_forecast,8,metno_forecast,3,metno_forecast
2026,8,21,9,17.9,metno_forecast,74,metno_forecast,0.0,metno_forecast,352,metno_forecast,15.8,metno_forecast,,,1015.4,metno_forecast,8,metno_forecast,3,metno_forecast
2026,8,21,10,17.9,metno_forecast,74,metno_forecast,0.0,metno_forecast,355,metno_forecast,15.1,metno_forecast,,,1015.7,metno_forecast,3,metno_forecast,3,metno_forecast
2026,8,21,11,17.9,metno_forecast,77,metno_forecast,0.0,metno_forecast,359,metno_forecast,14.0,metno_forecast,,,1016.4,metno_forecast,1,metno_forecast,3,metno_forecast
2026,8,21,12,18.5,metno_forecast,78,metno_forecast,0.0,metno_forecast,346,metno_forecast,11.2,metno_forecast,,,1016.9,metno_forecast,2,metno_forecast,2,metno_forecast
2026,8,21,13,19.8,metno_forecast,77,metno_forecast,0.0,metno_forecast,344,metno_forecast,10.8,metno_forecast,,,1017.2,metno_forecast,1,metno_forecast,2,metno_forecast
2026,8,21,14,21.4,metno_forecast,71,metno_forecast,0.0,metno_forecast,349,metno_forecast,11.5,metno_forecast,,,1017.5,metno_forecast,1,metno_forecast,1,metno_forecast
2026,8,21,15,22.8,metno_forecast,68,metno_forecast,0.0,metno_forecast,357,metno_forecast,11.5,metno_forecast,,,1017.5,metno_forecast,0,metno_forecast,1,metno_forecast
2026,8,21,16,24.1,metno_forecast,66,metno_forecast,0.0,metno_forecast,7,metno_forecast,10.8,metno_forecast,,,1017.5,metno_forecast,1,metno_forecast,1,metno_forecast
2026,8,21,17,25.2,metno_forecast,65,metno_forecast,0.0,metno_forecast,19,metno_forecast,10.8,metno_forecast,,,1017.0,metno_forecast,8,metno_forecast,1,metno_forecast
2026,8,21,18,25.5,metno_forecast,64,metno_forecast,0.0,metno_forecast,14,metno_forecast,8.6,metno_forecast,,,1017.1,metno_forecast,7,metno_forecast,3,metno_forecast
2026,8,21,19,26.0,metno_forecast,63,metno_forecast,0.0,metno_forecast,11,metno_forecast,7.9,metno_forecast,,,1016.9,metno_forecast,4,metno_forecast,3,metno_forecast
2026,8,21,20,25.8,metno_forecast,64,metno_forecast,0.0,metno_forecast,24,metno_forecast,8.3,metno_forecast,,,1016.5,metno_forecast,5,metno_forecast,3,metno_forecast
2026,8,21,21,25.2,metno_forecast,68,metno_forecast,0.0,metno_forecast,37,metno_forecast,8.6,metno_forecast,,,1016.2,metno_forecast,4,metno_forecast,3,metno_forecast
2026,8,21,22,24.7,metno_forecast,70,metno_forecast,0.2,metno_forecast,38,metno_forecast,8.3,metno_forecast,,,1016.5,metno_forecast,1,metno_forecast,17,metno_forecast
2026,8,21,23,24.0,metno_forecast,76,metno_forecast,0.0,metno_forecast,22,metno_forecast,5.0,metno_forecast,,,1016.6,metno_forecast,2,metno_forecast,2,metno_forecast
2026,8,22,0,23.2,metno_forecast,81,metno_forecast,0.0,metno_forecast,336,metno_forecast,2.5,metno_forecast,,,1016.9,metno_forecast,3,metno_forecast,2,metno_forecast
2026,8,22,1,22.7,metno_forecast,83,metno_forecast,0.0,metno_forecast,22,metno_forecast,2.5,metno_forecast,,,1017.6,metno_forecast,3,metno_forecast,2,metno_forecast
2026,8,22,2,22.1,metno_forecast,86,metno_forecast,0.0,metno_forecast,33,metno_forecast,2.9,metno_forecast,,,1017.8,metno_forecast,2,metno_forecast,2,metno_forecast
2026,8,22,3,21.5,metno_forecast,88,metno_forecast,0.0,metno_forecast,14,metno_forecast,3.6,metno_forecast,,,1017.6,metno_forecast,2,metno_forecast,2,metno_forecast
2026,8,22,4,21.1,metno_forecast,91,metno_forecast,0.0,metno_forecast,21,metno_forecast,4.7,metno_forecast,,,1017.4,metno_forecast,3,metno_forecast,2,metno_forecast
2026,8,22,5,20.7,metno_forecast,92,metno_forecast,0.0,metno_forecast,27,metno_forecast,4.0,metno_forecast,,,1017.4,metno_forecast,6,metno_forecast,2,metno_forecast
2026,8,22,6,20.4,metno_forecast,93,metno_forecast,0.0,metno_forecast,3,metno_forecast,3.6,metno_forecast,,,1017.2,metno_forecast,6,metno_forecast,3,metno_forecast
2026,8,22,7,20.2,metno_forecast,94,metno_forecast,0.0,metno_forecast,9,metno_forecast,4.7,metno_forecast,,,1016.9,metno_forecast,7,metno_forecast,3,metno_forecast
2026,8,22,8,19.8,metno_forecast,96,metno_forecast,0.0,metno_forecast,31,metno_forecast,5.4,metno_forecast,,,1016.5,metno_forecast,7,metno_forecast,3,metno_forecast
2026,8,22,9,19.6,metno_forecast,96,metno_forecast,0.0,metno_forecast,41,metno_forecast,5.0,metno_forecast,,,1016.6,metno_forecast,8,metno_forecast,3,metno_forecast
2026,8,22,10,19.5,metno_forecast,97,metno_forecast,0.0,metno_forecast,46,metno_forecast,6.1,metno_forecast,,,1016.6,metno_forecast,8,metno_forecast,3,metno_forecast
2026,8,22,11,19.8,metno_forecast,96,metno_forecast,0.0,metno_forecast,46,metno_forecast,5.8,metno_forecast,,,1017.2,metno_forecast,8,metno_forecast,3,metno_forecast
2026,8,22,12,20.6,metno_forecast,92,metno_forecast,0.0,metno_forecast,32,metno_forecast,4.7,metno_forecast,,,1017.6,metno_forecast,8,metno_forecast,3,metno_forecast
2026,8,22,13,21.0,metno_forecast,89,metno_forecast,0.0,metno_forecast,39,metno_forecast,6.5,metno_forecast,,,1017.2,metno_forecast,8,metno_forecast,3,metno_forecast
2026,8,22,14,20.9,metno_forecast,89,metno_forecast,0.3,metno_forecast,56,metno_forecast,6.1,metno_forecast,,,1017.2,metno_forecast,8,metno_forecast,8,metno_forecast
2026,8,22,15,20.8,metno_forecast,90,metno_forecast,0.5,metno_forecast,48,metno_forecast,7.6,metno_forecast,,,1017.2,metno_forecast,8,metno_forecast,8,metno_forecast
2026,8,22,16,21.1,metno_forecast,90,metno_forecast,0.6,metno_forecast,60,metno_forecast,8.6,metno_forecast,,,1016.6,metno_forecast,8,metno_forecast,8,metno_forecast
2026,8,22,17,22.4,metno_forecast,82,metno_forecast,0.4,metno_forecast,84,metno_forecast,8.3,metno_forecast,,,1016.3,metno_forecast,8,metno_forecast,8,metno_forecast
2026,8,22,18,23.0,metno_forecast,79,metno_forecast,0.3,metno_forecast,98,metno_forecast,9.0,metno_forecast,,,1015.6,metno_forecast,8,metno_forecast,8,metno_forecast
2026,8,22,19,23.6,metno_forecast,75,metno_forecast,0.2,metno_forecast,115,metno_forecast,10.4,metno_forecast,,,1015.0,metno_forecast,8,metno_forecast,7,metno_forecast
2026,8,22,20,23.9,metno_forecast,72,metno_forecast,0.0,metno_forecast,121,metno_forecast,10.4,metno_forecast,,,1014.2,metno_forecast,8,metno_forecast,3,metno_forecast
2026,8,22,21,23.1,metno_forecast,77,metno_forecast,0.4,metno_forecast,139,metno_forecast,9.0,metno_forecast,,,1014.2,metno_forecast,8,metno_forecast,8,metno_forecast
2026,8,22,22,21.9,metno_forecast,89,metno_forecast,1.5,metno_forecast,156,metno_forecast,6.5,metno_forecast,,,1013.9,metno_forecast,8,metno_forecast,9,metno_forecast
2026,8,22,23,21.3,metno_forecast,94,metno_forecast,1.9,metno_forecast,111,metno_forecast,6.8,metno_forecast,,,1013.3,metno_forecast,8,metno_forecast,9,metno_forecast
2026,8,23,0,21.1,metno_forecast,94,metno_forecast,1.3,metno_forecast,85,metno_forecast,7.2,metno_forecast,,,1013.0,metno_forecast,8,metno_forecast,9,metno_forecast
2026,8,23,1,21.0,metno_forecast,95,metno_forecast,0.8,metno_forecast,96,metno_forecast,7.9,metno_forecast,,,1013.3,metno_forecast,8,metno_forecast,8,metno_forecast
2026,8,23,2,20.6,metno_forecast,96,metno_forecast,0.7,metno_forecast,79,metno_forecast,9.0,metno_forecast,,,1013.4,metno_forecast,8,metno_forecast,8,metno_forecast
2026,8,23,3,20.6,metno_forecast,96,metno_forecast,0.9,metno_forecast,74,metno_forecast,8.3,metno_forecast,,,1012.7,metno_forecast,8,metno_forecast,8,metno_forecast
2026,8,23,4,20.4,metno_forecast,97,metno_forecast,4.2,metno_forecast,71,metno_forecast,9.7,metno_forecast,,,1012.0,metno_forecast,8,metno_forecast,9,metno_forecast
2026,8,23,5,20.5,metno_forecast,97,metno_forecast,1.4,metno_forecast,61,metno_forecast,11.9,metno_forecast,,,1011.2,metno_forecast,8,metno_forecast,9,metno_forecast
2026,8,23,6,20.5,metno_forecast,97,metno_forecast,0.1,metno_forecast,67,metno_forecast,11.5,metno_forecast,,,1009.9,metno_forecast,5,metno_forecast,7,metno_forecast
2026,8,23,7,20.3,metno_forecast,98,metno_forecast,0.0,metno_forecast,55,metno_forecast,7.6,metno_forecast,,,1009.6,metno_forecast,8,metno_forecast,3,metno_forecast
2026,8,23,8,20.7,metno_forecast,98,metno_forecast,0.0,metno_forecast,23,metno_forecast,6.1,metno_forecast,,,1009.1,metno_forecast,8,metno_forecast,3,metno_forecast
2026,8,23,9,20.7,metno_forecast,99,metno_forecast,0.0,metno_forecast,340,metno_forecast,8.3,metno_forecast,,,1009.1,metno_forecast,8,metno_forecast,3,metno_forecast
2026,8,23,10,20.7,metno_forecast,98,metno_forecast,0.0,metno_forecast,345,metno_forecast,7.2,metno_forecast,,,1008.9,metno_forecast,8,metno_forecast,3,metno_forecast
2026,8,23,11,20.8,metno_forecast,98,metno_forecast,0.0,metno_forecast,325,metno_forecast,6.1,metno_forecast,,,1009.4,metno_forecast,8,metno_forecast,3,metno_forecast
2026,8,23,12,21.2,metno_forecast,95,metno_forecast,0.0,metno_forecast,306,metno_forecast,6.5,metno_forecast,,,1009.9,metno_forecast,8,metno_forecast,3,metno_forecast
2026,8,23,18,27.0,metno_forecast,68,metno_forecast,,,209,metno_forecast,8.6,metno_forecast,,,1009.9,metno_forecast,7,metno_forecast,,
2026,8,24,0,22.1,metno_forecast,89,metno_forecast,,,184,metno_forecast,6.5,metno_forecast,,,1010.8,metno_forecast,2,metno_forecast,,
2026,8,24,6,20.4,metno_forecast,86,metno_forecast,,,261,metno_forecast,8.3,metno_forecast,,,1011.1,metno_forecast,0,metno_forecast,,
2026,8,24,12,19.0,metno_forecast,82,metno_forecast,,,271,metno_forecast,6.1,metno_forecast,,,1013.4,metno_forecast,0,metno_forecast,,
2026,8,24,18,25.4,metno_forecast,52,metno_forecast,,,254,metno_forecast,10.4,metno_forecast,,,1013.0,metno_forecast,2,metno_forecast,,
2026,8,25,0,22.5,metno_forecast,68,metno_forecast,,,238,metno_forecast,9.7,metno_forecast,,,1013.7,metno_forecast,0,metno_forecast,,
2026,8,25,6,18.9,metno_forecast,81,metno_forecast,,,298,metno_forecast,7.6,metno_forecast,,,1015.3,metno_forecast,1,metno_forecast,,
2026,8,25,12,17.7,metno_forecast,77,metno_forecast,,,320,metno_forecast,7.6,metno_forecast,,,1017.5,metno_forecast,0,metno_forecast,,
2026,8,25,18,24.1,metno_forecast,51,metno_forecast,,,265,metno_forecast,7.9,metno_forecast,,,1016.1,metno_forecast,0,metno_forecast,,
2026,8,26,0,21.7,metno_forecast,66,metno_forecast,,,220,metno_forecast,6.8,metno_forecast,,,1015.6,metno_forecast,0,metno_forecast,,
2026,8,26,6,17.7,metno_forecast,85,metno_forecast,,,263,metno_forecast,3.6,metno_forecast,,,1017.4,metno_forecast,2,metno_forecast,,
2026,8,26,12,17.6,metno_forecast,89,metno_forecast,,,229,metno_forecast,2.9,metno_forecast,,,1017.8,metno_forecast,1,metno_forecast,,
2026,8,26,18,25.8,metno_forecast,48,metno_forecast,,,212,metno_forecast,10.4,metno_forecast,,,1016.6,metno_forecast,3,metno_forecast,,
2026,8,27,0,21.8,metno_forecast,77,metno_forecast,,,165,metno_forecast,11.5,metno_forecast,,,1015.3,metno_forecast,6,metno_forecast,,
2026,8,27,6,20.0,metno_forecast,92,metno_forecast,,,216,metno_forecast,7.9,metno_forecast,,,1015.5,metno_forecast,6,metno_forecast,,
2026,8,27,12,20.5,metno_forecast,98,metno_forecast,,,128,metno_forecast,1.1,metno_forecast,,,1015.4,metno_forecast,8,metno_forecast,,
2026,8,27,18,26.8,metno_forecast,66,metno_forecast,,,258,metno_forecast,8.3,metno_forecast,,,1014.1,metno_forecast,6,metno_forecast,,
2026,8,28,0,23.8,metno_forecast,83,metno_forecast,,,218,metno_forecast,7.6,metno_forecast,,,1014.0,metno_forecast,3,metno_forecast,,
2026,8,28,6,21.6,metno_forecast,98,metno_forecast,,,232,metno_forecast,3.2,metno_forecast,,,1015.0,metno_forecast,8,metno_forecast,,
2026,8,28,12,22.4,metno_forecast,96,metno_forecast,,,195,metno_forecast,2.2,metno_forecast,,,1016.6,metno_forecast,8,metno_forecast,,
2026,8,28,18,28.0,metno_forecast,70,metno_forecast,,,260,metno_forecast,7.9,metno_forecast,,,1014.8,metno_forecast,4,metno_forecast,,
2026,8,29,0,24.1,metno_forecast,86,metno_forecast,,,198,metno_forecast,2.5,metno_forecast,,,1014.7,metno_forecast,2,metno_forecast,,
2026,8,29,6,21.9,metno_forecast,94,metno_forecast,,,257,metno_forecast,5.8,metno_forecast,,,1015.6,metno_forecast,2,metno_forecast,,
2026,8,29,12,21.2,metno_forecast,84,metno_forecast,,,331,metno_forecast,5.8,metno_forecast,,,1017.8,metno_forecast,8,metno_forecast,,
2026,8,29,18,26.2,metno_forecast,57,metno_forecast,,,278,metno_forecast,5.0,metno_forecast,,,1016.9,metno_forecast,8,metno_forecast,,
2026,8,30,0,24.6,metno_forecast,70,metno_forecast,,,178,metno_forecast,5.0,metno_forecast,,,1016.4,metno_forecast,5,metno_forecast,,
